order_id,order_date,category,order_value,distance_km,warehouse_city,courier_partner,payment_method,customer_rating_history,num_items,promo_applied,delivery_status
103863,2023-11-18,clothing,286.43,21.9,Dhaka,SA Paribahan,Cash on Delivery,4.7,4,0,Delayed
101006,2024-02-01,clothing,150.0,77.4,Dhaka,eCourier,Mobile Banking,4.4,5,1,Delayed
101271,2023-09-16,Clothing,,1.0,Sylhet,Sundarban,Cash on Delivery,4.0,1,0,On-Time
107757,2024-06-08,Grocery,2200.84,29.2,Khulna,redx,Card,2.8,2,0,Delayed
107076,2024-05-27,Electronics,2868.46,7.7,Chattogram,sundarban,Card,5.0,1,0,On-Time
101940,2024-07-31,clothing,404.16,5.6,Chattogram,RedX,Cash on Delivery,3.9,1,0,Delayed
105023,2024-01-06,clothing,5135.18,23.0,Dhaka,PATHAO,Mobile Banking,4.5,1,1,On-Time
105044,2024-01-09,home & kitchen,1779.34,8.4,Dhaka,S.A. Paribahan,Cash on Delivery,3.4,1,1,Delayed
103310,2023-06-16,Groceries,1230.74,19.7,Khulna,RedX,Card,4.0,2,1,On-Time
108608,2024-08-15,Beauty,8890.9,4.4,Dhaka,RedX,Mobile Banking,4.1,2,0,On-Time
103624,2023-03-03,clothing,1364.11,1.7,Dhaka,pathao,Cash on Delivery,4.2,4,1,On-Time
100458,2024-10-04,ELECTRONICS,677.13,17.4,Dhaka,Pathao,Cash on Delivery,4.1,3,1,Delayed
100575,2023-03-17,Home and Kitchen,504.68,2.3,Khulna,PATHAO,Mobile Banking,3.9,3,0,On-Time
102269,2024-12-01,books,3719.79,4.4,Chattogram,RedX,Mobile Banking,3.3,1,0,On-Time
106620,2024-07-06,beauty,3463.26,6.1,Dhaka,RedX,Cash on Delivery,5.0,5,1,On-Time
106401,2023-03-30,ELECTRONICS,150.0,2.0,Rajshahi,Pathao,Card,3.8,3,0,On-Time
103361,2024-12-07,books,848.02,5.0,Dhaka,S.A. Paribahan,Card,4.7,4,0,On-Time
107513,2023-03-11,clothing,4621.7,3.0,Dhaka,Pathao,Cash on Delivery,3.7,3,1,On-Time
102839,2023-09-25,Electronics,1088.6,,Sylhet,eCourier,Cash on Delivery,4.1,2,0,Delayed
108538,2024-09-08,Clothing,3400.53,11.0,Sylhet,RedX,Mobile Banking,3.9,3,0,Cancelled
104187,2023-11-11,Books,3880.91,9.9,Chattogram,PATHAO,Card,4.4,2,1,On-Time
106496,2024-09-22,ELECTRONICS,1097.63,11.7,Dhaka,ecourier,Cash on Delivery,4.1,3,1,Delayed
103426,2023-10-17,clothing,1392.27,13.2,Khulna,pathao,Cash on Delivery,4.7,2,0,Cancelled
105580,2023-05-13,Electronics,891.57,39.8,Dhaka,redx,Cash on Delivery,3.2,3,1,Delayed
101424,2024-07-16,Grocery,227.36,60.2,Dhaka,pathao,Cash on Delivery,4.4,3,1,On-Time
103720,2024-04-27,Electronics,3583.26,3.0,Dhaka,PATHAO,Card,3.7,4,1,Delayed
102513,2024-06-14,beauty,231.89,32.8,Dhaka,pathao,Cash on Delivery,3.4,1,0,Delayed
103936,2023-08-18,Clothing,2699.54,6.9,Dhaka,RedX,Mobile Banking,3.6,2,0,Delayed
105726,2024-03-18,Home and Kitchen,1023.97,29.5,Khulna,sundarban,Cash on Delivery,3.8,7,0,Delayed
106610,2023-11-02,Groceries,3007.99,21.1,Dhaka,Red X,Cash on Delivery,4.7,3,1,On-Time
108681,2023-07-01,books,289.19,1.3,Dhaka,Pathao,Cash on Delivery,3.6,2,0,On-Time
102291,2023-11-16,ELECTRONICS,1434.25,16.4,Khulna,Red X,Card,2.9,2,1,On-Time
107439,2024-01-25,Home & Kitchen,1803.67,10.7,Dhaka,Sundorbon,Mobile Banking,2.9,3,0,On-Time
106708,2023-08-23,electronics,1794.87,2.4,Dhaka,SA Paribahan,Card,4.2,4,0,On-Time
102175,2024-08-04,Groceries,1247.93,12.6,Chattogram,RedX,Mobile Banking,4.3,3,1,On-Time
105969,2023-08-06,Groceries,1005.46,54.9,Rajshahi,Sundarban,Cash on Delivery,4.5,4,0,Cancelled
105308,2023-08-06,Grocery,150.0,4.9,Chattogram,Pathao,Cash on Delivery,4.7,3,1,Delayed
101160,2023-05-02,Electronics,3195.78,2.5,Dhaka,eCourier,Mobile Banking,4.5,1,0,On-Time
102584,2023-07-06,Clothing,307.37,6.5,Dhaka,eCourier,Cash on Delivery,3.8,2,0,Delayed
102883,2023-01-11,Clothing,809.22,11.9,Dhaka,RedX,Card,,1,1,Delayed
105812,2024-10-28,Grocery,4781.92,3.6,Rajshahi,pathao,Cash on Delivery,3.2,2,0,Delayed
104384,2023-12-30,beauty,686.11,8.6,Chattogram,Red X,Cash on Delivery,4.9,1,0,Delayed
100989,2024-09-16,beauty,750.25,6.6,Chattogram,RedX,Cash on Delivery,4.0,3,1,On-Time
105306,2024-05-08,Beauty,1371.41,2.4,Chattogram,Sundarban,Cash on Delivery,3.0,5,0,Delayed
107813,2024-02-09,Clothing,5834.9,15.8,Dhaka,Pathao,Cash on Delivery,3.9,2,0,On-Time
106520,2024-10-03,Beauty,5241.28,1.4,Dhaka,Sundarban,Mobile Banking,3.7,4,0,On-Time
103259,2023-07-12,Beauty,3436.4,14.4,Dhaka,ecourier,Cash on Delivery,2.8,2,1,On-Time
106223,2024-02-12,Grocery,4169.8,19.0,Sylhet,Sundarban,Cash on Delivery,4.5,3,0,Delayed
104837,2023-05-10,Clothing,150.0,3.1,Dhaka,RedX,Cash on Delivery,3.3,4,1,Delayed
102580,2023-12-14,Grocery,1918.67,4.7,Dhaka,S.A. Paribahan,Cash on Delivery,3.7,1,0,On-Time
103493,2023-02-03,books,4338.45,12.1,Dhaka,E-Courier,Mobile Banking,4.4,1,0,On-Time
104169,2023-09-29,groceries,1821.57,6.9,Dhaka,Sundarban,Mobile Banking,,3,0,On-Time
103755,2024-10-09,Groceries,1253.23,14.5,Dhaka,sa paribahan,Cash on Delivery,3.8,4,1,On-Time
100641,2023-11-10,Electronics,6707.05,11.5,Sylhet,E-Courier,Cash on Delivery,4.1,2,0,On-Time
104614,2023-10-11,beauty,426.45,15.6,Dhaka,pathao,Cash on Delivery,4.7,1,1,On-Time
104002,2023-11-12,clothing,603.69,26.7,Chattogram,Pathao,Cash on Delivery,3.2,1,0,On-Time
105868,2023-11-11,clothing,500.37,10.8,Dhaka,pathao,Mobile Banking,4.5,1,0,On-Time
103787,2024-05-16,Electronics,945.97,4.7,Sylhet,E-Courier,Card,4.7,8,0,Delayed
103938,2024-03-26,beauty,307.82,31.1,Rajshahi,pathao,Cash on Delivery,4.0,1,1,On-Time
106333,2023-08-23,home & kitchen,10051.85,5.8,Khulna,eCourier,Cash on Delivery,4.2,3,0,On-Time
107222,2023-03-01,groceries,626.65,22.4,Dhaka,S.A. Paribahan,Cash on Delivery,3.7,2,0,Delayed
102406,2023-07-16,Beauty,1372.83,1.0,Dhaka,redx,Cash on Delivery,2.9,1,1,Delayed
100674,2023-06-21,ELECTRONICS,2091.17,19.9,Chattogram,Sundarban,Mobile Banking,4.0,2,1,Delayed
106981,2023-06-25,Beauty,2201.58,27.4,Khulna,Pathao,Cash on Delivery,3.7,4,0,Delayed
104511,2023-09-24,clothing,3818.8,17.7,Dhaka,PATHAO,Cash on Delivery,4.3,1,1,On-Time
105053,2024-12-06,Beauty,583.34,3.0,Chattogram,Sundarban,Cash on Delivery,4.5,1,0,On-Time
104956,2024-05-10,beauty,1829.16,26.9,Chattogram,RedX,Card,3.9,1,0,On-Time
106524,2024-07-21,Beauty,554.18,19.4,Khulna,PATHAO,Card,4.0,1,0,On-Time
108153,2024-09-02,groceries,150.0,16.7,Khulna,RedX,Card,4.6,1,0,On-Time
105491,2023-04-05,Home and Kitchen,390.28,11.6,Dhaka,Pathao,Cash on Delivery,4.3,3,0,On-Time
104826,2024-05-22,electronics,1358.04,22.0,Dhaka,eCourier,Cash on Delivery,4.0,2,0,On-Time
105132,2024-09-18,clothing,,20.0,Khulna,sa paribahan,Card,4.7,1,0,On-Time
100507,2024-12-17,books,2685.93,33.7,Sylhet,Sundarban,Cash on Delivery,2.7,3,0,Delayed
102583,2023-04-14,Clothing,2459.38,13.7,Khulna,pathao,Cash on Delivery,3.8,3,0,Delayed
106170,2024-11-27,ELECTRONICS,2007.66,13.6,Khulna,Pathao,Card,4.5,1,0,On-Time
108945,2024-01-11,Beauty,4836.72,17.6,Chattogram,SA Paribahan,Cash on Delivery,4.5,1,1,On-Time
107907,2024-03-06,electronics,883.83,4.3,Dhaka,eCourier,Mobile Banking,4.6,4,0,On-Time
106313,2024-08-20,clothing,932.0,7.7,Dhaka,Pathao,Cash on Delivery,3.9,2,0,On-Time
104320,2023-11-01,clothing,150.0,21.0,Dhaka,Pathao,Mobile Banking,4.1,1,1,On-Time
103584,2024-09-30,Electronics,4103.47,8.5,Sylhet,redx,Mobile Banking,4.0,1,1,On-Time
105359,2023-03-20,Clothing,1065.55,21.5,Rajshahi,sa paribahan,Cash on Delivery,4.4,3,1,Delayed
100035,2023-01-24,Clothing,150.0,44.9,Chattogram,sa paribahan,Cash on Delivery,4.0,4,1,Delayed
105076,2023-08-02,clothing,1009.11,29.6,Chattogram,Sundorbon,Cash on Delivery,4.9,1,0,On-Time
102214,2024-05-01,Beauty,2379.8,17.7,Dhaka,sa paribahan,Cash on Delivery,3.4,3,0,On-Time
103667,2023-09-17,Home & Kitchen,326.04,25.7,Rajshahi,eCourier,Card,4.1,2,1,On-Time
106798,2024-12-20,Groceries,1018.58,1.2,Dhaka,pathao,Mobile Banking,5.0,2,0,On-Time
100258,2024-03-15,clothing,1413.6,5.1,Khulna,RedX,Mobile Banking,4.1,2,1,On-Time
106698,2024-08-27,clothing,1161.28,9.4,Rajshahi,S.A. Paribahan,Mobile Banking,3.8,4,1,On-Time
108959,2023-08-17,clothing,1138.21,2.7,Sylhet,redx,Mobile Banking,3.3,2,0,On-Time
102113,2024-06-16,Grocery,1353.8,3.1,Chattogram,pathao,Cash on Delivery,3.1,3,0,On-Time
105344,2023-11-08,Clothing,658.73,49.9,Chattogram,Sundorbon,Card,3.6,1,0,Delayed
103460,2023-01-11,clothing,2306.67,4.7,Chattogram,RedX,Cash on Delivery,4.3,1,1,On-Time
100622,2024-06-25,Electronics,6621.9,15.2,Sylhet,sa paribahan,Mobile Banking,3.5,5,0,Delayed
103746,2023-07-16,electronics,953.81,3.3,Dhaka,sundarban,Mobile Banking,4.4,2,0,Delayed
100383,2024-06-27,Electronics,2746.06,12.4,Sylhet,E-Courier,Cash on Delivery,4.5,1,0,On-Time
102251,2024-02-17,electronics,642.84,1.0,Chattogram,ecourier,Card,3.7,1,0,On-Time
102687,2023-08-14,electronics,,1.1,Dhaka,S.A. Paribahan,Cash on Delivery,4.2,4,1,Delayed
107630,2023-10-06,clothing,2647.14,13.6,Chattogram,sundarban,Cash on Delivery,5.0,4,1,Delayed
100201,2024-10-01,Clothing,150.0,13.2,Dhaka,S.A. Paribahan,Cash on Delivery,3.7,3,0,Delayed
106303,2024-10-21,Electronics,1417.12,1.3,Rajshahi,sa paribahan,Cash on Delivery,4.7,5,1,Delayed
102084,2024-12-10,Books,397.27,7.5,Sylhet,sa paribahan,Cash on Delivery,3.5,4,0,On-Time
102435,2024-05-03,clothing,3425.88,27.2,Dhaka,sundarban,Cash on Delivery,3.8,2,0,On-Time
104862,2024-10-24,beauty,2476.11,16.8,Sylhet,PATHAO,Mobile Banking,4.7,3,1,On-Time
100687,2023-06-08,Groceries,393.03,13.5,Dhaka,PATHAO,Cash on Delivery,4.0,3,1,On-Time
106202,2024-09-16,Electronics,9018.07,12.4,Dhaka,PATHAO,Cash on Delivery,3.6,2,1,On-Time
108405,2023-04-16,home & kitchen,2571.21,14.7,Dhaka,PATHAO,Cash on Delivery,4.7,1,1,Delayed
101061,2023-10-30,ELECTRONICS,6283.76,13.4,Chattogram,S.A. Paribahan,Cash on Delivery,4.1,3,0,Delayed
102482,2023-06-16,Beauty,3595.83,3.8,Dhaka,Red X,Cash on Delivery,4.7,2,1,On-Time
107241,2024-11-16,Clothing,512.79,19.7,Chattogram,Pathao,Cash on Delivery,4.5,2,0,On-Time
107788,2023-06-25,Home & Kitchen,341.18,34.2,Dhaka,ecourier,Cash on Delivery,3.0,2,0,On-Time
106152,2024-07-22,clothing,717.85,3.7,Dhaka,Pathao,Cash on Delivery,3.9,2,0,On-Time
104361,2023-11-10,Home and Kitchen,1748.72,18.8,Khulna,Pathao,Cash on Delivery,3.8,4,1,Delayed
101221,2023-04-20,electronics,338.76,14.5,Sylhet,Pathao,Mobile Banking,3.6,6,0,On-Time
105070,2023-10-18,Clothing,319.77,3.1,Sylhet,sundarban,Cash on Delivery,4.0,1,1,On-Time
108671,2024-04-02,Home and Kitchen,1865.63,5.9,Dhaka,RedX,Cash on Delivery,,3,0,On-Time
101384,2024-03-20,beauty,1061.95,36.5,Khulna,Pathao,Cash on Delivery,4.3,1,0,On-Time
106188,2023-08-01,groceries,2112.8,13.4,Chattogram,Sundarban,Cash on Delivery,4.9,2,0,Delayed
105036,2024-02-15,books,407.52,44.6,Chattogram,Sundarban,Card,3.9,1,1,On-Time
102618,2024-11-02,groceries,3161.25,20.9,Khulna,Red X,Mobile Banking,4.8,4,1,On-Time
105761,2024-01-26,electronics,939.76,28.3,Khulna,sundarban,Cash on Delivery,4.2,3,1,Cancelled
106451,2024-06-14,clothing,532.54,10.4,Chattogram,sa paribahan,Cash on Delivery,3.8,2,1,Delayed
106242,2024-07-23,Grocery,552.03,4.5,Rajshahi,E-Courier,Card,3.8,3,1,Delayed
105956,2023-06-26,books,,26.2,Dhaka,pathao,Cash on Delivery,3.1,5,0,Delayed
105269,2024-03-30,Home & Kitchen,243.38,5.7,Dhaka,E-Courier,Cash on Delivery,4.6,4,1,On-Time
107996,2023-03-13,Clothing,852.41,10.6,Dhaka,pathao,Cash on Delivery,3.4,1,1,On-Time
106806,2024-12-27,Grocery,339.34,17.1,Dhaka,Sundarban,Card,4.8,1,1,On-Time
101232,2024-07-26,ELECTRONICS,293.51,1.7,Dhaka,Red X,Cash on Delivery,3.9,1,1,On-Time
101695,2023-10-11,clothing,2519.54,27.1,Dhaka,eCourier,Card,4.2,2,0,On-Time
108098,2023-10-01,ELECTRONICS,597.25,2.5,Rajshahi,PATHAO,Card,4.0,3,0,On-Time
100376,2024-01-25,electronics,6046.88,5.6,Khulna,RedX,Mobile Banking,4.2,2,0,Delayed
103778,2024-08-11,electronics,471.13,2.5,Khulna,Pathao,Cash on Delivery,3.9,4,0,On-Time
101007,2023-06-07,ELECTRONICS,1414.0,10.8,Dhaka,ecourier,Cash on Delivery,4.0,2,0,Delayed
108759,2023-02-08,books,167.08,10.8,Khulna,Pathao,Cash on Delivery,4.0,1,1,Delayed
100526,2024-10-10,electronics,3611.05,46.1,Dhaka,Red X,Mobile Banking,4.6,5,1,On-Time
106727,2024-01-13,Home and Kitchen,3429.8,7.3,Chattogram,sundarban,Cash on Delivery,3.6,2,0,On-Time
100335,2024-12-24,Home and Kitchen,485.09,2.2,Dhaka,redx,Card,4.1,1,0,On-Time
106117,2024-02-11,Clothing,150.0,1.7,Dhaka,PATHAO,Cash on Delivery,5.0,2,0,On-Time
106164,2024-10-31,groceries,390.12,1.0,Dhaka,S.A. Paribahan,Cash on Delivery,4.3,1,0,On-Time
102551,2024-04-09,Electronics,1128.75,,Sylhet,E-Courier,Mobile Banking,3.4,1,1,On-Time
100381,2023-07-29,ELECTRONICS,820.98,9.8,Chattogram,pathao,Card,4.1,3,1,Delayed
102355,2024-10-27,ELECTRONICS,3136.11,8.6,Dhaka,PATHAO,Card,3.0,3,0,On-Time
103864,2023-06-14,electronics,1690.16,6.1,Chattogram,sundarban,Card,4.2,3,1,Delayed
107345,2023-12-15,electronics,1647.18,7.9,Rajshahi,sundarban,Card,3.1,2,0,Delayed
103712,2023-07-05,Home and Kitchen,5385.44,2.9,Sylhet,sundarban,Cash on Delivery,3.5,1,0,Delayed
107701,2024-10-20,home & kitchen,150.0,1.7,Rajshahi,Pathao,Cash on Delivery,3.6,4,0,On-Time
104741,2024-03-21,Electronics,1969.08,10.1,Dhaka,S.A. Paribahan,Cash on Delivery,5.0,1,0,On-Time
103962,2024-01-14,clothing,470.72,40.1,Sylhet,SA Paribahan,Cash on Delivery,3.9,1,1,Delayed
103103,2023-01-27,groceries,4191.96,1.0,Dhaka,RedX,Cash on Delivery,2.9,3,1,Delayed
106532,2023-05-21,Clothing,150.0,6.7,Sylhet,Red X,Mobile Banking,4.3,1,0,On-Time
102430,2023-03-08,ELECTRONICS,2030.91,8.4,Dhaka,pathao,Cash on Delivery,3.8,3,0,On-Time
105005,2024-12-17,Clothing,3209.43,18.1,Dhaka,pathao,Cash on Delivery,3.9,2,0,Cancelled
103594,2024-11-16,Groceries,3459.11,4.4,Chattogram,ecourier,Cash on Delivery,4.2,4,1,Delayed
101660,2023-03-30,Grocery,6643.84,3.8,Rajshahi,RedX,Cash on Delivery,5.0,1,0,On-Time
104951,2024-04-07,Clothing,1003.64,35.1,Sylhet,RedX,Cash on Delivery,3.4,1,0,On-Time
105860,2024-11-29,groceries,1959.09,10.3,Chattogram,sa paribahan,Cash on Delivery,3.1,4,0,On-Time
104238,2023-07-20,Groceries,401.43,2.5,Rajshahi,Pathao,Cash on Delivery,5.0,1,1,On-Time
104866,2023-11-26,Clothing,536.64,11.3,Rajshahi,ecourier,Mobile Banking,4.6,4,0,Delayed
104282,2024-09-13,electronics,1080.63,10.2,Dhaka,Pathao,Mobile Banking,4.7,2,0,On-Time
107734,2024-09-11,Home and Kitchen,150.0,4.3,Sylhet,Red X,Cash on Delivery,4.1,4,1,On-Time
107276,2024-06-23,Grocery,944.36,5.6,Dhaka,PATHAO,Cash on Delivery,3.8,3,1,On-Time
108523,2024-01-08,electronics,202.38,4.5,Dhaka,SA Paribahan,Card,4.9,4,0,On-Time
108301,2024-09-13,ELECTRONICS,1906.96,6.5,Rajshahi,pathao,Mobile Banking,4.8,2,0,On-Time
103178,2023-07-14,ELECTRONICS,1672.43,6.7,Dhaka,RedX,Cash on Delivery,3.5,1,1,On-Time
105590,2024-01-06,Electronics,953.53,1.5,Dhaka,Red X,Mobile Banking,3.9,1,1,On-Time
108746,2023-01-02,ELECTRONICS,11696.08,3.8,Dhaka,Pathao,Cash on Delivery,3.7,6,0,Delayed
103447,2023-08-23,ELECTRONICS,2521.47,6.0,Dhaka,redx,Card,4.2,4,0,On-Time
104936,2024-10-22,beauty,,16.3,Dhaka,redx,Cash on Delivery,4.5,1,0,Delayed
103718,2023-05-20,Electronics,1126.78,1.1,Rajshahi,pathao,Cash on Delivery,4.6,2,0,On-Time
102727,2024-11-12,Books,2029.4,1.8,Rajshahi,Sundarban,Mobile Banking,2.9,1,0,On-Time
107025,2023-11-01,Home and Kitchen,623.59,69.5,Sylhet,sa paribahan,Mobile Banking,4.7,5,1,Delayed
102036,2023-02-24,groceries,492.09,2.4,Dhaka,redx,Mobile Banking,4.5,1,0,On-Time
102891,2024-06-24,Groceries,150.0,1.4,Chattogram,PATHAO,Cash on Delivery,3.9,2,0,On-Time
107289,2023-04-17,Clothing,1106.49,5.6,Chattogram,Pathao,Cash on Delivery,5.0,1,0,On-Time
100683,2024-06-26,beauty,2275.27,3.0,Sylhet,RedX,Cash on Delivery,4.9,1,0,On-Time
105212,2024-08-30,Electronics,2053.89,51.3,Dhaka,Red X,Mobile Banking,4.5,1,1,On-Time
107527,2023-10-23,Home and Kitchen,438.08,2.7,Dhaka,RedX,Cash on Delivery,5.0,6,0,Delayed
103540,2023-02-12,Grocery,150.0,42.0,Khulna,Pathao,Cash on Delivery,4.6,1,0,On-Time
108696,2023-08-04,beauty,2135.34,8.4,Sylhet,SA Paribahan,Mobile Banking,5.0,1,1,Delayed
101223,2024-08-12,Home and Kitchen,3806.57,1.9,Khulna,Red X,Cash on Delivery,4.6,5,0,On-Time
106667,2023-08-15,Books,950.88,1.0,Chattogram,Sundorbon,Cash on Delivery,4.3,3,1,On-Time
106607,2023-01-29,Beauty,1131.48,8.9,Dhaka,pathao,Mobile Banking,4.2,3,0,On-Time
108478,2023-06-30,groceries,3974.33,3.4,Dhaka,S.A. Paribahan,Cash on Delivery,4.4,2,1,On-Time
100213,2023-09-14,Grocery,2861.3,6.1,Dhaka,Sundorbon,Cash on Delivery,3.0,3,1,On-Time
105841,2024-10-05,Clothing,150.0,3.8,Khulna,Sundarban,Cash on Delivery,4.0,1,0,Delayed
105196,2023-08-08,Beauty,2054.39,10.2,Khulna,ecourier,Cash on Delivery,3.8,1,1,Delayed
100583,2023-12-27,books,1799.43,12.0,Sylhet,ecourier,Cash on Delivery,3.7,4,1,Delayed
107581,2024-12-26,Grocery,1188.5,2.2,Dhaka,sundarban,Mobile Banking,4.1,2,1,Cancelled
102884,2023-01-06,clothing,930.75,9.5,Chattogram,RedX,Cash on Delivery,5.0,1,1,Delayed
104244,2023-06-30,groceries,150.0,19.2,Dhaka,E-Courier,Cash on Delivery,4.4,2,1,On-Time
107747,2023-07-21,books,929.95,22.2,Chattogram,ecourier,Cash on Delivery,3.8,6,0,On-Time
102680,2023-11-05,books,3012.2,6.4,Chattogram,Red X,Mobile Banking,3.3,1,1,Delayed
102569,2024-12-12,clothing,894.34,45.8,Chattogram,pathao,Cash on Delivery,3.8,3,1,On-Time
105554,2024-08-20,Clothing,5093.11,4.5,Rajshahi,PATHAO,Card,3.4,1,1,Delayed
107987,2023-01-31,ELECTRONICS,3278.49,33.1,Chattogram,Pathao,Mobile Banking,3.9,1,0,Delayed
100533,2024-09-26,beauty,660.23,6.3,Khulna,pathao,Cash on Delivery,4.4,1,0,On-Time
108131,2024-09-03,home & kitchen,5160.46,6.8,Rajshahi,Red X,Mobile Banking,4.0,4,0,Delayed
101262,2023-09-03,groceries,419.5,14.6,Dhaka,pathao,Cash on Delivery,3.9,3,1,On-Time
108216,2023-03-20,electronics,5619.78,25.0,Sylhet,PATHAO,Mobile Banking,4.2,1,0,On-Time
105210,2024-05-26,clothing,150.0,13.1,Chattogram,S.A. Paribahan,Cash on Delivery,4.4,2,1,On-Time
107753,2023-09-07,books,398.71,10.7,Dhaka,PATHAO,Cash on Delivery,3.9,3,0,Delayed
104151,2024-08-24,clothing,5349.61,23.9,Dhaka,Pathao,Cash on Delivery,4.0,1,0,On-Time
104394,2024-10-02,electronics,2938.54,5.6,Dhaka,Red X,Cash on Delivery,3.9,2,1,On-Time
107740,2024-03-15,Clothing,,120.0,Khulna,RedX,Cash on Delivery,4.0,5,1,Cancelled
104502,2024-10-15,electronics,150.0,7.7,Sylhet,sa paribahan,Mobile Banking,4.0,1,0,On-Time
105120,2024-10-29,Home & Kitchen,2292.98,26.0,Dhaka,Red X,Cash on Delivery,4.7,2,0,On-Time
107574,2024-02-26,Home and Kitchen,1581.36,1.2,Dhaka,SA Paribahan,Cash on Delivery,3.3,1,0,Delayed
108326,2023-04-15,ELECTRONICS,3253.75,5.7,Rajshahi,pathao,Card,4.3,5,0,On-Time
100005,2023-09-27,clothing,968.62,24.3,Dhaka,E-Courier,Mobile Banking,4.4,1,0,On-Time
104639,2024-07-09,beauty,1626.78,25.6,Dhaka,sundarban,Mobile Banking,4.2,4,0,On-Time
105917,2024-11-15,Clothing,596.98,2.7,Rajshahi,Sundarban,Mobile Banking,4.4,1,0,Delayed
105997,2024-06-05,Clothing,1590.07,4.7,Dhaka,Sundorbon,Mobile Banking,4.8,1,0,Delayed
103027,2023-04-11,Beauty,675.86,32.0,Chattogram,Pathao,Cash on Delivery,3.7,1,0,Delayed
107699,2023-06-05,groceries,673.08,29.0,Dhaka,RedX,Card,5.0,4,1,On-Time
102358,2023-10-26,electronics,2047.23,11.8,Dhaka,Red X,Card,4.8,2,1,On-Time
106688,2024-06-22,clothing,612.37,30.9,Khulna,sa paribahan,Mobile Banking,3.8,1,1,Delayed
108193,2023-06-03,Home and Kitchen,2944.27,1.0,Chattogram,Red X,Cash on Delivery,4.9,1,0,On-Time
108080,2024-07-06,Beauty,1150.0,1.0,Rajshahi,S.A. Paribahan,Mobile Banking,4.3,2,1,Delayed
105594,2024-05-21,electronics,150.0,9.1,Dhaka,E-Courier,Card,4.6,1,0,On-Time
101698,2023-09-14,books,226.45,4.2,Rajshahi,sundarban,Card,3.0,1,0,Delayed
107491,2023-10-30,ELECTRONICS,150.0,15.4,Dhaka,Sundorbon,Mobile Banking,4.4,1,1,On-Time
107028,2024-10-11,ELECTRONICS,978.04,1.0,Chattogram,Sundorbon,Cash on Delivery,4.1,1,1,Delayed
101872,2024-10-04,Grocery,246.6,8.2,Dhaka,pathao,Cash on Delivery,3.7,4,0,On-Time
101248,2023-07-01,Beauty,1489.67,34.2,Chattogram,sa paribahan,Cash on Delivery,4.0,1,0,On-Time
104674,2024-01-21,Electronics,624.87,4.2,Dhaka,Pathao,Cash on Delivery,4.8,5,0,Delayed
104522,2023-06-13,Home and Kitchen,2412.85,13.2,Chattogram,ecourier,Mobile Banking,4.3,1,0,On-Time
101272,2023-02-15,Grocery,1686.21,42.5,Dhaka,redx,Cash on Delivery,4.1,1,1,On-Time
104617,2024-12-03,groceries,820.33,25.0,Sylhet,pathao,Mobile Banking,3.9,1,0,On-Time
102895,2023-01-10,Clothing,150.0,16.1,Dhaka,Sundarban,Card,3.9,1,0,Delayed
100997,2024-12-05,Beauty,1578.37,27.4,Dhaka,,Cash on Delivery,3.4,2,0,Delayed
101450,2024-01-04,clothing,2448.25,6.5,Sylhet,RedX,Cash on Delivery,4.3,2,0,On-Time
100656,2024-11-12,clothing,2303.4,2.7,Dhaka,eCourier,Cash on Delivery,2.9,2,1,Delayed
104474,2023-01-21,groceries,3629.34,46.5,Chattogram,sa paribahan,Cash on Delivery,4.4,2,0,On-Time
104907,2023-05-01,electronics,1658.05,1.0,Rajshahi,Pathao,Card,5.0,1,1,Delayed
108255,2023-10-03,beauty,4440.76,8.8,Dhaka,ecourier,Mobile Banking,4.0,1,0,On-Time
108207,2023-04-05,electronics,463.96,29.8,Chattogram,Pathao,Cash on Delivery,3.6,2,0,On-Time
108689,2024-04-10,Home & Kitchen,300.49,32.0,Dhaka,pathao,Card,4.4,1,0,On-Time
101747,2023-10-13,Clothing,940.56,12.8,Dhaka,redx,Card,3.1,4,1,Delayed
101297,2024-02-29,Clothing,2181.1,59.0,Dhaka,Pathao,Mobile Banking,3.7,2,1,Delayed
108306,2023-09-24,Clothing,2290.05,40.0,Khulna,,Cash on Delivery,3.8,1,0,Delayed
103607,2023-10-26,Home & Kitchen,4199.37,4.3,Dhaka,pathao,Cash on Delivery,4.4,2,1,On-Time
100203,2024-11-20,Grocery,1441.25,2.5,Dhaka,RedX,Cash on Delivery,3.9,2,1,Cancelled
103613,2024-04-23,Groceries,150.0,13.7,Chattogram,S.A. Paribahan,Cash on Delivery,5.0,1,1,On-Time
106720,2024-02-22,Beauty,1743.69,43.8,Khulna,Red X,Mobile Banking,4.6,2,0,On-Time
107602,2023-12-25,Grocery,150.0,1.0,Rajshahi,ecourier,Card,5.0,1,0,On-Time
107659,2024-06-23,Books,940.83,25.3,Rajshahi,RedX,Mobile Banking,3.8,4,0,On-Time
104696,2023-07-10,clothing,968.72,18.4,Sylhet,Pathao,Card,3.8,5,1,On-Time
108374,2024-11-22,Home and Kitchen,150.0,7.8,Rajshahi,PATHAO,Cash on Delivery,5.0,2,0,On-Time
103135,2023-01-17,ELECTRONICS,2399.76,42.2,Dhaka,PATHAO,Cash on Delivery,3.9,1,1,On-Time
105152,2023-03-07,Groceries,,25.9,Chattogram,Sundorbon,Card,4.5,3,0,On-Time
107975,2023-10-06,Electronics,150.0,19.6,Dhaka,pathao,Mobile Banking,5.0,3,0,On-Time
100112,2023-06-17,Home & Kitchen,622.07,44.8,Dhaka,eCourier,Cash on Delivery,4.2,2,0,Delayed
107993,2024-09-08,Home & Kitchen,333.65,41.5,Chattogram,redx,Cash on Delivery,3.6,1,0,Cancelled
106449,2023-05-03,Clothing,5649.75,28.3,Khulna,pathao,Cash on Delivery,3.1,1,0,Delayed
108335,2023-07-30,electronics,4949.65,14.7,Dhaka,SA Paribahan,Cash on Delivery,4.1,2,0,Cancelled
102285,2024-03-27,Beauty,1193.77,18.5,Sylhet,Pathao,Cash on Delivery,4.6,3,0,Cancelled
103392,2023-06-04,Clothing,1930.64,7.8,Chattogram,Red X,Card,4.8,3,1,On-Time
108435,2024-11-05,Home & Kitchen,1259.26,20.6,Khulna,Red X,Cash on Delivery,4.0,5,0,On-Time
104618,2023-08-22,Clothing,5478.51,20.9,Chattogram,redx,Cash on Delivery,3.3,4,0,On-Time
107369,2024-07-30,Beauty,7590.19,15.0,Rajshahi,redx,Cash on Delivery,3.3,2,0,On-Time
102992,2024-12-07,electronics,5785.68,4.3,Dhaka,pathao,Mobile Banking,3.5,1,1,Delayed
102560,2023-10-16,Electronics,3643.54,1.4,Rajshahi,Pathao,Mobile Banking,3.4,2,0,On-Time
101699,2024-10-06,Clothing,895.28,11.8,Chattogram,Pathao,Cash on Delivery,5.0,2,1,On-Time
101643,2023-01-27,Books,2776.57,1.0,Dhaka,sa paribahan,Cash on Delivery,3.3,3,1,On-Time
105436,2023-07-29,Clothing,327.51,9.1,Sylhet,Sundarban,Cash on Delivery,5.0,3,1,Delayed
104517,2024-06-10,electronics,1255.57,1.0,Chattogram,eCourier,Cash on Delivery,3.0,3,1,On-Time
101396,2024-03-11,Electronics,1955.25,1.0,Dhaka,Sundarban,Cash on Delivery,5.0,5,0,On-Time
102962,2023-11-06,Books,202.16,77.3,Dhaka,Pathao,Cash on Delivery,3.3,2,1,On-Time
102605,2024-10-13,beauty,1589.24,6.9,Rajshahi,redx,Mobile Banking,4.5,4,0,On-Time
106433,2023-08-15,Groceries,362.38,7.1,Rajshahi,sa paribahan,Cash on Delivery,3.6,3,1,Delayed
100790,2023-04-07,ELECTRONICS,933.95,39.5,Dhaka,SA Paribahan,Card,4.4,1,1,Delayed
108873,2024-02-20,Beauty,1919.8,17.1,Rajshahi,Sundorbon,Cash on Delivery,3.3,6,0,Cancelled
105524,2023-01-18,groceries,150.0,32.3,Dhaka,sa paribahan,Cash on Delivery,3.7,4,1,On-Time
108618,2023-11-11,ELECTRONICS,921.62,6.4,Dhaka,redx,Card,3.2,3,0,On-Time
105283,2024-03-27,Groceries,190.7,1.0,Chattogram,Sundorbon,Card,5.0,4,0,On-Time
104754,2024-12-19,Grocery,1165.58,23.0,Dhaka,Red X,Mobile Banking,4.6,1,0,On-Time
103973,2023-08-03,Clothing,2196.06,3.6,Dhaka,ecourier,Cash on Delivery,4.3,4,1,Delayed
108808,2024-05-10,Electronics,2591.63,20.3,Dhaka,PATHAO,Mobile Banking,3.9,2,0,Delayed
104493,2023-07-10,Electronics,150.0,1.9,Dhaka,Red X,Cash on Delivery,4.2,1,1,On-Time
108788,2023-04-01,Groceries,1548.99,8.8,Dhaka,pathao,Mobile Banking,4.1,1,0,On-Time
107153,2024-01-14,Electronics,213.49,8.2,Dhaka,Red X,Mobile Banking,,5,1,On-Time
103502,2024-08-29,Home & Kitchen,908.05,18.5,Chattogram,Red X,Cash on Delivery,4.3,1,1,Delayed
103195,2023-10-26,Grocery,555.41,3.3,Dhaka,E-Courier,Mobile Banking,,1,0,Delayed
104065,2024-03-18,Clothing,323.68,10.5,Dhaka,Red X,Mobile Banking,3.7,2,0,On-Time
105676,2024-01-07,ELECTRONICS,1130.46,11.8,Khulna,ecourier,Cash on Delivery,4.0,1,1,On-Time
107180,2024-03-17,groceries,4696.93,46.9,Rajshahi,Pathao,Cash on Delivery,2.9,2,1,Delayed
103425,2024-04-02,electronics,465.78,14.3,Rajshahi,Sundorbon,Card,4.7,2,1,On-Time
101952,2023-07-30,electronics,214.45,4.7,Chattogram,E-Courier,Mobile Banking,3.1,5,0,Delayed
100755,2023-11-02,ELECTRONICS,6340.2,1.5,Chattogram,E-Courier,Cash on Delivery,3.5,4,0,On-Time
104802,2023-02-09,home & kitchen,150.0,10.7,Dhaka,redx,Mobile Banking,3.6,1,0,On-Time
107120,2023-10-14,groceries,1782.55,26.3,Dhaka,S.A. Paribahan,Card,4.0,3,1,On-Time
108113,2023-10-02,home & kitchen,4971.15,7.1,Dhaka,PATHAO,Cash on Delivery,4.2,2,0,Delayed
103165,2023-05-13,ELECTRONICS,392.1,1.5,Dhaka,Sundarban,Cash on Delivery,4.4,1,0,On-Time
101994,2023-06-04,clothing,819.59,,Chattogram,Sundarban,Cash on Delivery,4.1,4,0,Delayed
107494,2023-10-30,clothing,2701.29,8.2,Dhaka,pathao,Cash on Delivery,3.2,4,0,On-Time
105183,2023-05-12,groceries,8103.45,11.7,Chattogram,Sundarban,Cash on Delivery,4.3,2,1,On-Time
105975,2024-02-14,Groceries,2071.36,11.5,Dhaka,Pathao,Cash on Delivery,2.6,4,1,On-Time
108184,2023-02-04,Books,460.12,3.7,Dhaka,Pathao,Cash on Delivery,4.3,2,0,On-Time
100361,2023-02-28,Home & Kitchen,2558.17,9.8,Rajshahi,Sundarban,Cash on Delivery,4.6,5,0,Delayed
100101,2023-12-29,Groceries,623.83,6.2,Khulna,sa paribahan,Cash on Delivery,3.8,2,1,On-Time
106700,2023-11-20,clothing,1014.91,5.9,Khulna,pathao,Card,3.1,1,0,On-Time
106712,2024-10-15,Clothing,537.26,46.7,Khulna,ecourier,Mobile Banking,4.7,1,0,On-Time
100163,2023-01-18,Home & Kitchen,8602.11,17.0,Khulna,PATHAO,Cash on Delivery,3.8,1,0,On-Time
108001,2024-02-07,home & kitchen,759.32,17.6,Dhaka,pathao,Cash on Delivery,4.0,1,0,Delayed
104482,2024-12-08,Home and Kitchen,6451.01,24.7,Sylhet,Red X,Cash on Delivery,3.8,1,0,On-Time
104982,2023-11-04,clothing,2525.37,7.6,Rajshahi,Red X,Card,5.0,4,1,On-Time
102242,2024-07-28,Groceries,864.38,59.7,Sylhet,Sundorbon,Cash on Delivery,3.7,2,1,Delayed
108428,2024-03-13,books,2104.46,23.1,Chattogram,pathao,Cash on Delivery,5.0,3,0,On-Time
100618,2023-09-15,electronics,524.04,45.9,Chattogram,RedX,Cash on Delivery,4.4,1,1,Cancelled
100220,2024-08-13,Clothing,1966.51,4.8,Dhaka,SA Paribahan,Cash on Delivery,5.0,1,0,On-Time
102546,2024-12-03,Clothing,1641.14,3.4,Dhaka,S.A. Paribahan,Cash on Delivery,5.0,3,1,On-Time
102606,2024-10-24,groceries,1496.89,7.2,Dhaka,eCourier,Cash on Delivery,3.5,3,1,On-Time
107519,2023-03-13,ELECTRONICS,602.09,1.3,Sylhet,Red X,Cash on Delivery,5.0,2,0,On-Time
107624,2023-05-16,Grocery,660.15,24.1,Rajshahi,ecourier,Card,4.4,3,0,On-Time
102983,2024-07-05,Electronics,568.01,26.9,Dhaka,Sundarban,Mobile Banking,4.1,3,0,Delayed
104385,2024-03-11,books,4951.33,16.5,Chattogram,Pathao,Cash on Delivery,2.8,2,1,On-Time
103033,2023-01-11,Home & Kitchen,150.0,42.8,Chattogram,sa paribahan,Cash on Delivery,3.6,3,1,Delayed
102277,2023-05-21,beauty,573.18,6.9,Khulna,RedX,Mobile Banking,4.0,1,0,On-Time
100681,2023-01-11,books,404.26,9.1,Rajshahi,Red X,Card,4.6,2,1,On-Time
102885,2023-08-02,Beauty,5706.6,4.9,Chattogram,PATHAO,Mobile Banking,2.8,2,0,On-Time
104958,2023-04-25,Beauty,150.0,44.2,Dhaka,E-Courier,Mobile Banking,3.3,1,0,On-Time
103553,2023-12-11,clothing,2591.57,26.4,Chattogram,SA Paribahan,Cash on Delivery,3.3,2,0,Delayed
107564,2024-07-30,Grocery,795.76,16.2,Dhaka,pathao,Cash on Delivery,2.9,1,0,Delayed
102520,2023-11-20,home & kitchen,791.31,1.0,Sylhet,Pathao,Card,3.7,1,0,On-Time
103815,2023-02-09,Clothing,2750.39,3.8,Khulna,Sundarban,Card,4.2,1,0,Cancelled
104731,2023-01-01,Books,2381.2,20.7,Dhaka,sa paribahan,Card,3.6,5,0,Delayed
104627,2024-07-13,home & kitchen,,6.7,Khulna,Pathao,Mobile Banking,4.3,2,1,Delayed
104410,2023-10-02,Clothing,421.59,71.8,Sylhet,eCourier,Cash on Delivery,3.8,3,1,Delayed
101365,2024-12-12,electronics,845.09,27.4,Dhaka,RedX,Cash on Delivery,4.5,4,0,Delayed
100029,2024-01-06,Groceries,6973.15,7.9,Dhaka,E-Courier,Cash on Delivery,4.3,2,0,Delayed
107371,2023-03-18,Electronics,281.86,14.5,Chattogram,ecourier,Card,4.8,1,1,On-Time
105953,2024-10-24,Electronics,781.84,15.4,Sylhet,E-Courier,Card,4.6,3,0,On-Time
105015,2024-09-08,Home and Kitchen,2426.57,1.9,Dhaka,sundarban,Cash on Delivery,3.3,1,0,Delayed
107549,2023-05-23,Home and Kitchen,3530.22,22.1,Dhaka,Sundarban,Cash on Delivery,3.4,1,0,On-Time
102279,2023-03-18,electronics,2861.19,65.0,Dhaka,PATHAO,Cash on Delivery,5.0,3,0,On-Time
101445,2023-04-14,Clothing,6255.01,2.9,Dhaka,RedX,Card,4.7,5,1,On-Time
105577,2024-09-03,books,1513.87,49.2,Chattogram,pathao,Mobile Banking,,1,1,On-Time
106441,2024-06-24,home & kitchen,1706.87,2.7,Chattogram,Pathao,Cash on Delivery,3.5,4,0,On-Time
105647,2023-07-07,Home & Kitchen,5903.86,20.6,Chattogram,S.A. Paribahan,Card,3.6,1,0,On-Time
104518,2023-11-04,Home and Kitchen,3043.98,4.6,Chattogram,Pathao,Mobile Banking,4.5,1,1,On-Time
101167,2023-06-05,Grocery,196.03,2.6,Dhaka,pathao,Cash on Delivery,4.3,1,1,On-Time
108953,2024-11-22,Home & Kitchen,2663.19,21.0,Dhaka,sundarban,Cash on Delivery,4.3,1,0,Cancelled
107859,2024-07-20,Groceries,2835.54,4.5,Dhaka,SA Paribahan,Cash on Delivery,4.6,1,1,On-Time
102075,2023-11-17,clothing,370.64,11.0,Chattogram,sa paribahan,Mobile Banking,4.2,2,1,Delayed
107126,2023-07-19,Grocery,1595.58,22.0,Khulna,PATHAO,Cash on Delivery,4.0,5,1,On-Time
103071,2024-07-01,Electronics,480.08,24.3,Dhaka,sundarban,Cash on Delivery,4.8,4,0,On-Time
102730,2024-06-19,beauty,1025.91,10.4,Sylhet,S.A. Paribahan,Cash on Delivery,4.0,5,0,Delayed
103204,2024-03-29,electronics,3847.49,29.8,Rajshahi,Pathao,Cash on Delivery,4.6,1,0,On-Time
106457,2024-05-25,electronics,3151.93,15.7,Dhaka,redx,Mobile Banking,4.9,5,1,On-Time
101671,2024-12-25,Home and Kitchen,1773.07,18.8,Dhaka,Red X,Card,3.6,4,0,On-Time
100570,2024-04-04,Grocery,4510.49,77.7,Chattogram,RedX,Cash on Delivery,3.9,2,0,On-Time
101955,2024-02-13,Home and Kitchen,1231.09,9.7,Sylhet,Red X,Card,4.4,2,0,On-Time
100021,2023-03-23,Clothing,1218.78,58.2,Dhaka,S.A. Paribahan,Cash on Delivery,4.8,1,0,On-Time
101278,2023-08-30,Home and Kitchen,2058.45,,Khulna,PATHAO,Card,4.2,1,0,On-Time
101405,2024-10-18,groceries,150.0,3.1,Dhaka,eCourier,Cash on Delivery,3.9,2,0,On-Time
100680,2023-06-06,beauty,3541.15,3.5,Dhaka,PATHAO,Cash on Delivery,3.4,1,1,Delayed
105144,2024-01-30,Home and Kitchen,407.67,30.5,Dhaka,Pathao,Card,3.7,2,0,On-Time
107441,2023-01-09,clothing,1745.04,4.3,Sylhet,RedX,Cash on Delivery,2.8,3,0,On-Time
101876,2024-02-16,Home and Kitchen,927.63,30.1,Chattogram,E-Courier,Mobile Banking,4.0,5,1,Delayed
104403,2023-07-27,Electronics,239.4,3.9,Khulna,redx,Cash on Delivery,4.1,3,0,On-Time
107762,2023-04-28,Clothing,2326.04,18.2,Dhaka,redx,Cash on Delivery,5.0,3,0,On-Time
106980,2024-12-19,clothing,303.74,44.4,Sylhet,SA Paribahan,Cash on Delivery,4.7,1,1,On-Time
105875,2024-05-07,Grocery,150.0,12.7,Chattogram,Pathao,Card,4.2,2,1,On-Time
106353,2024-06-10,Grocery,623.32,7.0,Khulna,Red X,Card,,3,1,On-Time
101218,2024-01-13,Grocery,1165.71,17.7,Chattogram,PATHAO,Card,5.0,3,1,On-Time
107186,2024-12-08,books,650.21,20.3,Khulna,Sundorbon,Card,5.0,2,0,Delayed
105162,2023-08-20,Groceries,4028.71,27.5,Dhaka,E-Courier,Cash on Delivery,4.0,2,0,Delayed
107584,2024-11-09,Grocery,1264.59,35.6,Chattogram,Red X,Cash on Delivery,4.7,1,0,Delayed
101284,2024-03-01,home & kitchen,788.15,3.3,Dhaka,Red X,Mobile Banking,3.1,2,1,On-Time
107193,2023-12-05,electronics,383.65,15.6,Sylhet,,Cash on Delivery,3.3,3,1,Delayed
105438,2023-11-25,ELECTRONICS,219.81,24.7,Dhaka,redx,Cash on Delivery,4.6,2,1,On-Time
101990,2024-10-04,electronics,2561.25,46.5,Dhaka,sa paribahan,Cash on Delivery,4.5,4,1,On-Time
108584,2023-09-28,electronics,579.6,11.2,Sylhet,sundarban,Mobile Banking,3.3,3,0,On-Time
106397,2023-02-28,beauty,1068.36,3.3,Chattogram,SA Paribahan,Cash on Delivery,3.8,6,0,Delayed
101899,2023-05-17,Beauty,1427.86,16.4,Dhaka,redx,Card,2.8,1,1,On-Time
100218,2024-05-02,Electronics,1160.09,19.5,Khulna,Pathao,Cash on Delivery,3.8,3,0,On-Time
104964,2023-03-26,Home & Kitchen,547.82,6.0,Dhaka,pathao,Cash on Delivery,3.8,1,1,Delayed
105013,2023-12-18,Electronics,2137.45,1.5,Dhaka,redx,Card,4.3,2,0,On-Time
103124,2024-12-09,ELECTRONICS,769.07,22.8,Sylhet,redx,Cash on Delivery,4.0,2,0,On-Time
101946,2024-04-25,Home and Kitchen,2640.98,6.8,Chattogram,Sundorbon,Cash on Delivery,5.0,1,0,Delayed
102812,2024-06-16,Books,820.47,120.0,Dhaka,E-Courier,Cash on Delivery,4.0,3,1,Delayed
100906,2024-11-16,Electronics,1961.88,1.0,Dhaka,sa paribahan,Mobile Banking,4.4,5,0,Delayed
100481,2024-12-16,Beauty,1002.51,22.3,Dhaka,redx,Cash on Delivery,3.8,1,0,Delayed
100071,2023-05-19,Grocery,612.22,10.0,Dhaka,SA Paribahan,Cash on Delivery,3.0,2,0,On-Time
108356,2024-02-23,clothing,4016.66,27.2,Dhaka,redx,Cash on Delivery,4.3,3,0,On-Time
100312,2023-09-03,Home & Kitchen,1035.01,1.0,Chattogram,Sundorbon,Mobile Banking,3.4,3,1,Delayed
103634,2023-06-16,Grocery,625.99,27.1,Chattogram,redx,Card,4.0,2,1,On-Time
103767,2024-06-15,Beauty,1867.32,21.9,Dhaka,Sundarban,Cash on Delivery,4.2,1,0,Delayed
108197,2023-01-14,Home and Kitchen,1453.63,3.4,Dhaka,sa paribahan,Cash on Delivery,4.2,2,1,On-Time
103504,2023-10-12,clothing,1633.07,36.3,Dhaka,redx,Cash on Delivery,4.2,2,1,Delayed
101580,2023-11-04,Clothing,3180.87,7.8,Dhaka,Pathao,Cash on Delivery,3.7,1,0,On-Time
106686,2024-04-20,groceries,195.02,6.6,Dhaka,Sundarban,Cash on Delivery,4.7,4,0,On-Time
101415,2024-04-04,Home and Kitchen,150.0,1.9,Sylhet,E-Courier,Cash on Delivery,4.4,5,0,Delayed
101050,2024-09-25,clothing,773.66,4.4,Dhaka,S.A. Paribahan,Mobile Banking,3.0,1,0,On-Time
101199,2024-01-10,Electronics,3547.42,26.5,Dhaka,redx,Cash on Delivery,3.1,2,0,Cancelled
107320,2024-10-12,groceries,1877.25,18.5,Sylhet,RedX,Mobile Banking,4.3,2,0,On-Time
107173,2023-08-11,beauty,670.23,1.0,Chattogram,pathao,Card,4.0,1,0,On-Time
104101,2024-11-01,clothing,1806.16,13.3,Khulna,E-Courier,Cash on Delivery,3.6,2,0,Delayed
108032,2023-09-29,electronics,1054.77,10.2,Khulna,S.A. Paribahan,Mobile Banking,5.0,2,1,On-Time
108108,2024-03-16,ELECTRONICS,7039.92,,Dhaka,eCourier,Card,4.0,4,0,On-Time
107621,2024-08-14,Books,333.49,15.6,Chattogram,E-Courier,Mobile Banking,4.1,3,0,On-Time
100356,2023-03-10,Groceries,920.01,1.5,Dhaka,Red X,Mobile Banking,4.6,4,0,On-Time
105556,2024-12-02,clothing,2987.38,17.4,Dhaka,sa paribahan,Cash on Delivery,5.0,3,0,On-Time
105622,2023-11-10,clothing,150.0,16.0,Rajshahi,eCourier,Cash on Delivery,4.6,5,0,Delayed
100435,2024-10-28,Clothing,265.67,37.6,Khulna,E-Courier,Mobile Banking,3.8,3,0,Delayed
104919,2023-09-11,Home & Kitchen,6516.0,1.0,Sylhet,ecourier,Cash on Delivery,,1,0,On-Time
108093,2024-07-26,Electronics,214.75,4.5,Dhaka,redx,Mobile Banking,4.4,4,1,On-Time
102974,2023-03-29,clothing,705.23,4.1,Dhaka,pathao,Cash on Delivery,4.8,2,0,On-Time
108321,2023-01-07,Home and Kitchen,7186.05,1.5,Chattogram,redx,Mobile Banking,4.3,1,0,Delayed
105672,2024-07-29,ELECTRONICS,216.99,7.1,Sylhet,PATHAO,Card,3.8,2,1,On-Time
102609,2023-06-15,Home and Kitchen,756.72,1.3,Dhaka,eCourier,Cash on Delivery,4.5,2,0,On-Time
105762,2024-10-23,home & kitchen,1216.78,9.1,Sylhet,Red X,Cash on Delivery,4.3,1,0,Delayed
102477,2023-03-28,Groceries,3361.14,18.6,Dhaka,ecourier,Cash on Delivery,3.9,2,1,On-Time
107226,2024-10-06,Beauty,5363.98,8.5,Sylhet,Red X,Card,4.8,1,0,On-Time
105307,2024-11-22,home & kitchen,4367.05,42.9,Chattogram,Sundorbon,Cash on Delivery,3.7,2,0,On-Time
102407,2024-09-24,clothing,1518.98,17.0,Dhaka,Sundarban,Mobile Banking,4.2,3,1,On-Time
103831,2023-05-16,clothing,380.6,1.8,Dhaka,pathao,Cash on Delivery,4.5,2,0,On-Time
107534,2024-06-11,Groceries,399.6,10.3,Sylhet,S.A. Paribahan,Mobile Banking,4.3,1,0,Delayed
100547,2023-01-11,Clothing,1339.7,21.5,Dhaka,sundarban,Cash on Delivery,3.5,1,0,Delayed
101018,2024-06-16,Groceries,156.83,,Chattogram,redx,Mobile Banking,3.7,1,0,On-Time
102420,2023-10-15,books,1105.37,7.4,Dhaka,Pathao,Cash on Delivery,3.3,4,0,On-Time
103879,2023-06-03,clothing,1013.82,11.4,Sylhet,redx,Mobile Banking,5.0,3,0,On-Time
100488,2024-08-20,ELECTRONICS,1218.78,9.2,Dhaka,Sundorbon,Card,4.7,1,0,Delayed
101377,2024-03-22,Home & Kitchen,1375.57,1.0,Dhaka,redx,Cash on Delivery,5.0,1,1,On-Time
104197,2024-04-25,beauty,150.0,12.2,Dhaka,Pathao,Cash on Delivery,4.3,3,0,On-Time
102958,2023-03-05,home & kitchen,572.55,10.7,Rajshahi,sa paribahan,Cash on Delivery,3.3,2,1,Delayed
106177,2023-08-10,electronics,1987.36,10.2,Dhaka,SA Paribahan,Mobile Banking,5.0,4,1,On-Time
102576,2024-03-01,Home and Kitchen,150.0,2.3,Rajshahi,S.A. Paribahan,Mobile Banking,4.9,1,1,On-Time
100606,2023-12-31,groceries,1689.1,25.8,Dhaka,E-Courier,Cash on Delivery,4.4,2,1,Delayed
107839,2023-01-21,Home and Kitchen,1840.74,1.0,Sylhet,Sundarban,Mobile Banking,3.6,2,1,On-Time
104923,2023-06-28,books,1633.18,1.0,Dhaka,eCourier,Card,3.4,1,0,On-Time
100368,2024-10-30,Clothing,4639.75,1.0,Dhaka,ecourier,Cash on Delivery,4.9,1,0,On-Time
105000,2024-09-26,Groceries,2125.62,9.9,Dhaka,sa paribahan,Cash on Delivery,4.5,6,0,On-Time
107501,2024-09-08,Electronics,150.0,18.1,Chattogram,Pathao,Mobile Banking,4.4,3,1,On-Time
104322,2023-06-30,Clothing,1436.65,42.2,Chattogram,S.A. Paribahan,Cash on Delivery,,1,0,On-Time
106113,2024-05-31,clothing,150.0,,Chattogram,pathao,Card,3.8,1,1,On-Time
103575,2024-02-16,Clothing,224.96,17.1,Dhaka,SA Paribahan,Mobile Banking,3.8,1,1,On-Time
102698,2023-09-20,Clothing,338.38,9.6,Dhaka,sundarban,Cash on Delivery,4.4,3,0,Delayed
105782,2024-09-26,clothing,346.2,1.0,Dhaka,eCourier,Mobile Banking,4.0,4,1,On-Time
106522,2023-01-30,electronics,1851.77,7.5,Dhaka,PATHAO,Cash on Delivery,4.7,4,1,On-Time
100732,2024-12-07,Home & Kitchen,150.0,9.2,Khulna,RedX,Mobile Banking,5.0,3,1,On-Time
108102,2023-05-14,Beauty,436.45,25.8,Chattogram,Pathao,Cash on Delivery,5.0,1,1,Delayed
106590,2023-04-01,clothing,1356.34,14.0,Dhaka,ecourier,Cash on Delivery,4.0,4,0,On-Time
108096,2024-06-01,Clothing,1518.9,2.2,Chattogram,PATHAO,Card,4.1,4,0,On-Time
104295,2023-02-04,Groceries,7748.48,20.1,Dhaka,pathao,Cash on Delivery,4.1,1,0,On-Time
101448,2024-03-15,Beauty,359.75,14.5,Chattogram,redx,Cash on Delivery,4.5,1,0,On-Time
107496,2023-09-26,Electronics,3535.46,12.4,Khulna,eCourier,Card,4.4,2,0,On-Time
105048,2024-03-31,clothing,4785.05,17.1,Chattogram,Pathao,Cash on Delivery,4.3,1,0,On-Time
100863,2023-05-12,Home & Kitchen,979.81,24.8,Rajshahi,RedX,Cash on Delivery,3.7,2,0,On-Time
104255,2024-05-15,home & kitchen,3786.45,2.1,Dhaka,RedX,Cash on Delivery,3.4,4,0,On-Time
101279,2024-03-10,home & kitchen,1388.34,24.0,Dhaka,S.A. Paribahan,Card,3.3,3,1,Delayed
105253,2024-03-18,groceries,1950.06,13.7,Dhaka,S.A. Paribahan,Card,3.8,4,0,Delayed
103957,2023-12-06,Clothing,150.0,2.8,Sylhet,ecourier,Mobile Banking,4.1,5,0,On-Time
108948,2024-08-12,groceries,1004.19,34.8,Khulna,Pathao,Card,4.3,5,1,On-Time
104818,2023-10-22,Home & Kitchen,619.01,10.6,Khulna,redx,Mobile Banking,4.0,1,0,On-Time
102934,2024-04-03,Beauty,3457.87,8.7,Dhaka,pathao,Card,4.2,5,0,On-Time
103224,2024-06-19,groceries,893.68,5.9,Rajshahi,PATHAO,Cash on Delivery,3.5,2,0,On-Time
103015,2024-11-21,beauty,1019.67,25.9,Chattogram,Red X,Cash on Delivery,3.8,2,0,On-Time
102409,2023-12-22,beauty,1068.84,10.6,Rajshahi,RedX,Card,3.6,3,0,On-Time
108132,2024-01-20,electronics,2573.0,10.7,Dhaka,SA Paribahan,Cash on Delivery,2.9,1,1,On-Time
108313,2024-03-07,electronics,4918.76,3.9,Dhaka,pathao,Cash on Delivery,4.1,2,0,Delayed
100881,2024-10-10,Grocery,2106.54,6.7,Sylhet,Sundarban,Cash on Delivery,4.7,3,0,On-Time
103177,2023-07-02,clothing,508.19,23.8,Dhaka,RedX,Cash on Delivery,3.4,3,0,On-Time
104684,2024-01-27,Clothing,1916.36,36.2,Rajshahi,RedX,Cash on Delivery,3.4,3,1,On-Time
104418,2024-05-07,Electronics,285.41,2.7,Dhaka,Pathao,Mobile Banking,3.2,3,0,On-Time
101915,2023-06-01,Home and Kitchen,215.19,2.0,Sylhet,S.A. Paribahan,Card,4.3,4,1,On-Time
106065,2023-06-14,Clothing,477.75,24.3,Chattogram,redx,Cash on Delivery,3.3,4,0,Delayed
106550,2024-04-11,Groceries,477.13,7.9,Dhaka,RedX,Card,4.2,1,0,On-Time
106215,2023-05-24,Groceries,5719.98,18.9,Dhaka,redx,Card,,4,1,On-Time
108855,2023-03-18,Books,680.87,9.0,Dhaka,pathao,Cash on Delivery,4.5,1,0,On-Time
106502,2023-09-14,Beauty,224.97,12.4,Dhaka,Sundarban,Mobile Banking,5.0,2,0,Cancelled
106221,2023-06-27,Home & Kitchen,1726.96,21.2,Rajshahi,sundarban,Cash on Delivery,,2,1,Delayed
108540,2024-04-05,Clothing,150.0,13.9,Khulna,RedX,Mobile Banking,3.5,1,0,On-Time
100592,2024-12-20,ELECTRONICS,822.69,5.9,Chattogram,Sundarban,Cash on Delivery,4.1,1,1,Delayed
101892,2024-07-20,Electronics,862.13,16.1,Chattogram,Red X,Cash on Delivery,3.5,4,1,On-Time
104366,2024-01-17,Clothing,3949.73,14.8,Chattogram,E-Courier,Card,4.3,1,0,On-Time
104368,2023-02-16,Beauty,941.87,6.6,Chattogram,Sundarban,Cash on Delivery,3.3,1,1,On-Time
106746,2023-04-30,Home and Kitchen,1878.94,6.2,Chattogram,sundarban,Cash on Delivery,3.6,2,1,On-Time
103083,2024-01-24,Home and Kitchen,2092.43,10.3,Dhaka,sa paribahan,Cash on Delivery,4.6,4,0,On-Time
104941,2024-02-05,books,7033.53,10.3,Dhaka,PATHAO,Cash on Delivery,4.0,2,0,On-Time
108459,2023-10-08,beauty,1885.86,5.9,Chattogram,sa paribahan,Cash on Delivery,3.9,1,0,On-Time
102765,2024-10-19,books,150.0,10.4,Sylhet,Pathao,Cash on Delivery,4.9,3,1,On-Time
105968,2024-11-14,groceries,3442.88,7.2,Dhaka,S.A. Paribahan,Cash on Delivery,3.6,1,1,On-Time
101286,2024-02-13,home & kitchen,4058.4,19.0,Chattogram,sundarban,Cash on Delivery,3.6,4,0,On-Time
104774,2023-08-12,groceries,2041.7,8.0,Chattogram,PATHAO,Mobile Banking,4.8,1,0,Delayed
104981,2023-08-05,Beauty,1503.31,16.1,Dhaka,S.A. Paribahan,Cash on Delivery,5.0,2,1,Delayed
106812,2024-02-04,Home & Kitchen,1048.01,1.4,Khulna,Sundorbon,Cash on Delivery,3.7,2,0,Delayed
101034,2023-06-26,electronics,1915.02,5.3,Dhaka,SA Paribahan,Cash on Delivery,3.5,5,1,On-Time
106321,2024-06-08,books,1560.07,12.9,Dhaka,PATHAO,Cash on Delivery,4.0,2,0,On-Time
108366,2024-06-07,Clothing,1985.6,2.0,Khulna,SA Paribahan,Cash on Delivery,3.5,2,0,On-Time
107446,2024-09-03,home & kitchen,1014.56,6.6,Dhaka,sundarban,Cash on Delivery,3.6,4,0,Cancelled
102341,2024-06-04,ELECTRONICS,,48.6,Rajshahi,redx,Cash on Delivery,3.7,2,0,Delayed
102393,2023-08-16,Home and Kitchen,2197.09,14.5,Dhaka,S.A. Paribahan,Mobile Banking,4.8,1,0,On-Time
105035,2024-08-13,beauty,2817.01,10.4,Dhaka,Sundorbon,Cash on Delivery,4.0,3,0,Delayed
101916,2024-12-20,clothing,4176.68,2.8,Dhaka,Pathao,Card,4.2,2,0,On-Time
100895,2024-03-15,Home and Kitchen,2705.99,55.3,Chattogram,PATHAO,Cash on Delivery,4.9,2,1,Cancelled
104979,2023-04-13,Electronics,150.0,2.7,Dhaka,S.A. Paribahan,Card,4.9,3,0,On-Time
101918,2024-04-02,ELECTRONICS,494.04,13.4,Sylhet,S.A. Paribahan,Mobile Banking,5.0,3,1,On-Time
101708,2023-05-27,Home & Kitchen,606.0,23.8,Chattogram,Sundorbon,Cash on Delivery,3.8,3,0,On-Time
105154,2023-11-23,Groceries,2267.39,7.8,Dhaka,redx,Cash on Delivery,4.4,2,0,Delayed
105877,2024-09-14,electronics,1096.6,8.6,Dhaka,pathao,Cash on Delivery,4.2,2,1,On-Time
101354,2024-10-18,home & kitchen,642.66,1.5,Chattogram,eCourier,Card,3.9,2,1,Delayed
100318,2023-07-10,clothing,150.0,1.0,Chattogram,pathao,Mobile Banking,3.1,4,1,On-Time
102932,2024-01-08,Books,316.01,25.4,Rajshahi,eCourier,Cash on Delivery,3.0,1,1,Delayed
107435,2024-10-23,Books,2485.2,16.4,Chattogram,Sundarban,Mobile Banking,4.7,1,0,On-Time
101387,2024-08-16,Electronics,2248.78,1.3,Dhaka,redx,Cash on Delivery,4.5,1,0,Delayed
100534,2023-07-31,Groceries,,6.6,Khulna,RedX,Cash on Delivery,5.0,1,1,Delayed
104256,2024-05-09,Clothing,2946.93,3.9,Dhaka,SA Paribahan,Mobile Banking,3.6,4,0,On-Time
105775,2023-09-26,Groceries,548.28,4.8,Dhaka,Pathao,Mobile Banking,3.5,1,0,On-Time
103797,2023-12-02,Books,150.0,22.7,Dhaka,pathao,Cash on Delivery,,1,0,On-Time
107161,2023-01-21,groceries,2101.1,6.0,Chattogram,pathao,Cash on Delivery,3.5,4,0,On-Time
101997,2024-02-21,books,275.0,7.8,Chattogram,sundarban,Mobile Banking,4.6,3,1,Delayed
106791,2023-10-24,clothing,3147.47,50.3,Chattogram,Pathao,Cash on Delivery,3.8,4,1,Delayed
100747,2023-10-14,Clothing,456.45,3.4,Dhaka,PATHAO,Mobile Banking,4.0,3,0,Delayed
104603,2023-09-23,Books,4169.91,36.1,Sylhet,Sundarban,Mobile Banking,4.7,1,1,Delayed
100763,2023-01-28,Home & Kitchen,1766.36,19.1,Rajshahi,Pathao,Cash on Delivery,3.3,3,1,Delayed
108669,2023-04-21,electronics,3265.42,18.6,Dhaka,Sundarban,Mobile Banking,3.6,2,0,On-Time
109000,2023-02-26,groceries,1696.05,23.0,Chattogram,Red X,Cash on Delivery,3.3,2,1,On-Time
102691,2024-06-26,clothing,4246.36,4.7,Chattogram,,Cash on Delivery,4.0,3,1,On-Time
107219,2024-06-10,ELECTRONICS,9479.55,13.7,Dhaka,RedX,Mobile Banking,4.0,2,0,On-Time
100346,2023-08-14,ELECTRONICS,2308.27,58.3,Dhaka,pathao,Mobile Banking,4.1,5,0,Delayed
108413,2023-09-17,Groceries,297.79,1.1,Rajshahi,ecourier,Cash on Delivery,4.3,2,1,On-Time
102489,2023-07-04,clothing,2234.71,3.5,Sylhet,Sundorbon,Card,3.1,3,0,On-Time
105411,2024-04-02,Electronics,1518.01,20.8,Dhaka,Red X,Cash on Delivery,4.5,2,0,Delayed
103066,2024-10-14,electronics,678.84,27.5,Chattogram,Sundorbon,Cash on Delivery,3.5,3,0,On-Time
107408,2023-10-23,books,5994.73,10.9,Dhaka,Red X,Mobile Banking,3.6,1,1,On-Time
103451,2023-07-24,Grocery,2300.55,12.4,Chattogram,Pathao,Card,4.5,1,1,On-Time
108287,2023-06-24,Electronics,5811.48,1.0,Dhaka,PATHAO,Cash on Delivery,3.9,5,1,On-Time
101170,2024-06-04,ELECTRONICS,449.5,17.0,Rajshahi,sa paribahan,Cash on Delivery,3.6,2,1,On-Time
105559,2024-07-23,ELECTRONICS,4375.28,3.4,Rajshahi,E-Courier,Cash on Delivery,5.0,1,0,On-Time
107083,2024-08-23,beauty,381.3,1.6,Dhaka,pathao,Mobile Banking,4.1,2,1,On-Time
107980,2024-01-11,clothing,1819.63,25.1,Khulna,SA Paribahan,Cash on Delivery,4.9,4,1,Delayed
104743,2023-11-25,electronics,1186.18,6.3,Khulna,redx,Card,4.0,2,1,Delayed
100610,2024-04-19,Home & Kitchen,1465.36,1.6,Dhaka,pathao,Cash on Delivery,4.2,5,1,On-Time
103387,2024-02-04,home & kitchen,150.0,8.5,Sylhet,PATHAO,Mobile Banking,3.1,3,0,On-Time
108773,2023-02-28,Books,638.1,14.5,Rajshahi,pathao,Cash on Delivery,3.5,2,0,On-Time
105329,2023-11-30,electronics,526.15,12.7,Rajshahi,sundarban,Mobile Banking,4.5,1,0,On-Time
107251,2023-03-25,home & kitchen,222.39,13.0,Sylhet,pathao,Cash on Delivery,3.7,1,0,On-Time
100053,2023-08-16,Clothing,292.35,14.5,Sylhet,SA Paribahan,Cash on Delivery,3.8,5,1,On-Time
100059,2024-08-03,Home and Kitchen,2236.67,16.4,Rajshahi,redx,Cash on Delivery,3.9,4,0,Delayed
101216,2023-06-09,books,2813.39,19.4,Dhaka,Sundarban,Cash on Delivery,4.1,1,0,Delayed
106542,2024-11-04,Home & Kitchen,1354.02,15.8,Dhaka,ecourier,Cash on Delivery,3.4,1,0,Delayed
105519,2023-03-04,groceries,2970.35,6.6,Dhaka,Sundorbon,Mobile Banking,4.4,2,1,On-Time
106274,2023-10-05,Electronics,150.0,16.9,Sylhet,S.A. Paribahan,Cash on Delivery,3.7,3,0,On-Time
108839,2024-12-09,home & kitchen,2593.66,20.7,Chattogram,PATHAO,Cash on Delivery,4.3,1,0,On-Time
100156,2024-05-26,clothing,319.66,10.0,Chattogram,E-Courier,Card,4.2,1,1,On-Time
103919,2023-12-07,groceries,2526.81,14.9,Dhaka,pathao,Card,3.4,3,0,On-Time
105702,2024-07-05,clothing,3242.48,43.9,Chattogram,pathao,Cash on Delivery,4.3,1,0,On-Time
104682,2024-09-26,groceries,1585.06,18.1,Dhaka,Sundarban,Mobile Banking,3.9,3,0,Delayed
103999,2024-01-16,Electronics,2987.49,3.5,Rajshahi,eCourier,Cash on Delivery,3.3,1,0,Delayed
108685,2023-06-23,beauty,693.27,11.0,Rajshahi,Sundarban,Card,4.0,6,0,On-Time
105092,2024-04-30,Groceries,316.45,10.6,Chattogram,sa paribahan,Cash on Delivery,4.8,5,1,On-Time
101721,2024-06-10,Groceries,150.0,13.8,Chattogram,ecourier,Mobile Banking,4.6,3,0,On-Time
107610,2024-12-17,clothing,1176.95,1.0,Dhaka,Red X,Mobile Banking,3.9,2,0,Delayed
107652,2024-01-14,electronics,1105.74,3.2,Khulna,pathao,Cash on Delivery,4.6,1,0,On-Time
105957,2024-05-15,Grocery,321.28,19.3,Dhaka,pathao,Cash on Delivery,3.9,1,0,Delayed
106871,2024-12-18,Clothing,1226.59,5.5,Sylhet,sundarban,Card,5.0,3,0,On-Time
102603,2024-03-25,Grocery,2622.66,1.4,Chattogram,sundarban,Mobile Banking,3.7,1,0,On-Time
108926,2023-05-25,electronics,1970.77,1.5,Dhaka,Red X,Cash on Delivery,3.2,1,1,On-Time
104924,2024-04-11,Beauty,2896.1,13.4,Dhaka,Sundarban,Mobile Banking,5.0,1,1,On-Time
108830,2024-04-15,Clothing,1247.6,40.7,Khulna,Pathao,Cash on Delivery,4.1,2,0,On-Time
102332,2024-06-21,electronics,1829.54,51.4,Sylhet,Pathao,Card,3.2,1,0,On-Time
107533,2023-02-16,Clothing,153.01,1.0,Chattogram,RedX,Cash on Delivery,3.5,1,0,On-Time
103837,2023-02-06,clothing,613.85,33.0,Sylhet,redx,Cash on Delivery,4.2,4,1,On-Time
101612,2024-08-13,Clothing,1458.6,13.2,Chattogram,PATHAO,Cash on Delivery,4.3,6,0,Delayed
101607,2023-09-10,Books,1968.59,22.0,Dhaka,Red X,Cash on Delivery,4.1,1,1,On-Time
104371,2024-12-16,groceries,1877.32,18.7,Dhaka,eCourier,Cash on Delivery,5.0,2,1,On-Time
102048,2024-02-06,Clothing,1135.78,1.0,Dhaka,E-Courier,Cash on Delivery,3.7,1,1,On-Time
108720,2023-10-13,Clothing,2960.5,52.7,Chattogram,PATHAO,Cash on Delivery,4.3,7,0,Cancelled
101565,2024-01-17,Beauty,7496.78,15.6,Sylhet,Sundarban,Cash on Delivery,4.4,4,0,Delayed
107209,2024-08-20,Books,524.03,10.0,Rajshahi,Pathao,Card,2.7,5,0,On-Time
106466,2023-06-29,home & kitchen,1000.47,,Khulna,,Cash on Delivery,3.1,1,0,On-Time
105215,2023-01-01,beauty,1733.21,9.1,Sylhet,RedX,Mobile Banking,4.8,4,0,On-Time
106913,2023-12-13,clothing,3371.9,1.0,Rajshahi,sa paribahan,Mobile Banking,3.7,1,0,Delayed
101865,2024-09-28,Grocery,6574.25,14.1,Dhaka,Sundorbon,Cash on Delivery,4.2,2,0,Delayed
100466,2023-08-02,ELECTRONICS,702.33,9.4,Dhaka,Sundorbon,Cash on Delivery,5.0,1,1,On-Time
108592,2023-06-13,Clothing,952.58,2.1,Dhaka,SA Paribahan,Cash on Delivery,3.9,1,1,On-Time
106003,2024-09-28,ELECTRONICS,677.83,6.3,Dhaka,PATHAO,Mobile Banking,3.3,2,0,On-Time
105566,2024-05-24,Groceries,420.92,10.8,Dhaka,Red X,Cash on Delivery,4.3,6,0,On-Time
101888,2024-09-12,books,388.88,5.5,Chattogram,SA Paribahan,Mobile Banking,5.0,1,1,On-Time
108368,2024-08-31,electronics,1963.53,1.5,Dhaka,redx,Mobile Banking,3.6,5,1,On-Time
100431,2023-01-14,electronics,4401.81,3.1,Sylhet,ecourier,Cash on Delivery,4.1,3,0,On-Time
107899,2023-08-02,ELECTRONICS,1201.21,8.7,Khulna,SA Paribahan,Mobile Banking,3.9,2,1,Delayed
101705,2024-07-25,clothing,150.0,36.9,Khulna,E-Courier,Mobile Banking,4.8,2,1,Delayed
103780,2023-08-10,clothing,259.03,5.9,Rajshahi,sa paribahan,Card,4.1,4,1,On-Time
105134,2024-01-23,books,311.19,1.9,Rajshahi,S.A. Paribahan,Cash on Delivery,4.7,4,0,On-Time
108369,2023-01-24,Groceries,499.12,23.8,Dhaka,RedX,Cash on Delivery,3.7,3,0,On-Time
108472,2023-06-13,electronics,854.89,35.6,Dhaka,ecourier,Mobile Banking,3.3,1,0,On-Time
100065,2024-03-19,Groceries,874.06,2.3,Dhaka,eCourier,Cash on Delivery,4.2,1,0,On-Time
105850,2023-06-10,groceries,662.57,16.5,Dhaka,pathao,Cash on Delivery,3.2,3,1,Cancelled
101486,2024-06-29,ELECTRONICS,880.03,7.6,Chattogram,redx,Cash on Delivery,3.6,3,0,On-Time
101609,2024-05-22,beauty,512.59,4.4,Chattogram,pathao,Mobile Banking,4.2,1,0,On-Time
102363,2023-05-02,books,1313.65,13.5,Rajshahi,PATHAO,Cash on Delivery,4.6,3,1,Delayed
106759,2023-03-28,clothing,354.08,26.2,Dhaka,sa paribahan,Cash on Delivery,3.8,2,1,On-Time
104092,2024-08-22,electronics,1905.62,5.4,Sylhet,PATHAO,Cash on Delivery,3.5,2,1,On-Time
102391,2023-12-25,Clothing,1913.3,10.5,Dhaka,redx,Cash on Delivery,4.5,2,0,On-Time
100182,2023-02-17,Electronics,1200.22,2.2,Dhaka,S.A. Paribahan,Cash on Delivery,3.7,1,0,On-Time
104952,2023-08-27,Electronics,305.27,1.0,Chattogram,pathao,Cash on Delivery,4.6,1,1,On-Time
102529,2023-05-07,clothing,1869.69,2.3,Dhaka,redx,Cash on Delivery,4.4,1,1,On-Time
106715,2023-08-22,clothing,2206.9,14.4,Khulna,S.A. Paribahan,Mobile Banking,4.5,2,0,On-Time
107008,2023-09-29,Beauty,5027.17,1.5,Chattogram,SA Paribahan,Cash on Delivery,4.1,2,1,Delayed
105552,2023-10-16,Clothing,4381.22,1.6,Khulna,Pathao,Cash on Delivery,3.6,2,0,Delayed
104970,2024-03-10,home & kitchen,218.96,8.6,Chattogram,Sundarban,Card,5.0,1,0,Delayed
104184,2023-05-25,clothing,3828.39,22.5,Dhaka,PATHAO,Mobile Banking,3.6,3,0,On-Time
108343,2024-01-04,electronics,197.57,5.2,Khulna,redx,Card,4.0,3,1,On-Time
107169,2023-02-16,beauty,6805.35,18.8,Chattogram,Red X,Cash on Delivery,3.5,2,1,On-Time
107604,2023-02-11,Electronics,,11.5,Chattogram,SA Paribahan,Cash on Delivery,3.4,1,1,On-Time
105197,2023-04-03,Clothing,340.32,49.9,Dhaka,PATHAO,Mobile Banking,4.1,3,1,On-Time
103270,2023-03-14,Home & Kitchen,1768.17,13.6,Dhaka,eCourier,Mobile Banking,4.5,5,1,On-Time
107721,2023-07-06,groceries,2066.44,13.9,Chattogram,pathao,Cash on Delivery,,1,1,Delayed
104349,2023-10-01,Groceries,1688.95,2.4,Dhaka,SA Paribahan,Cash on Delivery,3.6,3,1,Delayed
101610,2023-02-23,beauty,3889.88,12.9,Khulna,redx,Cash on Delivery,4.7,2,0,On-Time
108610,2023-11-03,Clothing,294.26,10.8,Dhaka,,Mobile Banking,3.9,1,0,Delayed
105846,2023-09-11,groceries,522.34,6.8,Dhaka,S.A. Paribahan,Card,4.5,3,0,On-Time
106246,2024-12-12,Grocery,,43.4,Dhaka,eCourier,Cash on Delivery,4.7,1,0,Delayed
104048,2024-09-15,beauty,896.93,22.0,Dhaka,E-Courier,Card,4.7,3,0,Delayed
102287,2023-07-10,Grocery,4387.22,8.5,Dhaka,S.A. Paribahan,Cash on Delivery,3.5,1,0,Cancelled
102735,2023-09-05,clothing,4542.35,1.0,Sylhet,E-Courier,Cash on Delivery,3.8,5,1,On-Time
108709,2024-05-29,books,1342.01,20.6,Dhaka,redx,Cash on Delivery,3.7,4,0,On-Time
106875,2024-03-30,clothing,5183.54,11.7,Chattogram,ecourier,Cash on Delivery,3.9,3,1,Delayed
105195,2024-01-15,Electronics,2447.9,20.4,Dhaka,pathao,Card,3.4,2,0,On-Time
102703,2023-12-02,Home & Kitchen,531.58,4.3,Chattogram,Sundorbon,Card,4.8,4,1,On-Time
108215,2023-07-16,beauty,235.09,,Dhaka,eCourier,Mobile Banking,4.2,6,1,On-Time
104456,2024-02-10,Groceries,3312.31,91.1,Dhaka,E-Courier,Cash on Delivery,3.6,2,1,On-Time
107352,2023-11-22,electronics,8004.3,3.9,Chattogram,sa paribahan,Mobile Banking,4.2,3,0,On-Time
107440,2024-05-26,clothing,759.98,4.7,Dhaka,sa paribahan,Card,3.2,5,1,On-Time
104697,2023-08-31,books,150.0,3.3,Rajshahi,Sundarban,Cash on Delivery,5.0,2,1,Delayed
105489,2024-10-21,Home and Kitchen,3691.72,2.7,Chattogram,pathao,Cash on Delivery,4.5,4,0,On-Time
108058,2024-05-21,Grocery,3962.77,11.5,Chattogram,RedX,Mobile Banking,3.7,5,0,On-Time
106786,2024-12-27,Books,2725.3,8.8,Rajshahi,sundarban,Card,3.2,1,1,Delayed
108943,2024-08-05,Beauty,4620.78,12.3,Dhaka,pathao,Mobile Banking,4.5,3,1,On-Time
101577,2024-11-15,clothing,628.8,27.2,Khulna,Sundarban,Cash on Delivery,4.5,1,0,On-Time
103736,2023-04-27,Beauty,4999.77,6.0,Chattogram,Red X,Card,3.5,2,0,Delayed
100447,2023-04-25,Home and Kitchen,1944.47,2.0,Dhaka,sa paribahan,Card,5.0,1,1,Delayed
105725,2023-04-11,beauty,1836.02,21.2,Chattogram,Pathao,Cash on Delivery,4.7,4,0,On-Time
107731,2024-04-01,Grocery,701.53,,Dhaka,E-Courier,Mobile Banking,3.9,3,0,On-Time
107058,2023-07-30,groceries,2069.45,8.7,Dhaka,Pathao,Cash on Delivery,4.8,1,1,On-Time
105611,2023-02-04,electronics,5977.72,26.0,Chattogram,redx,Cash on Delivery,3.8,9,0,Delayed
105979,2023-07-24,Clothing,2320.79,2.3,Dhaka,RedX,Cash on Delivery,4.6,3,1,Delayed
101961,2023-08-06,books,1172.58,89.2,Dhaka,Pathao,Cash on Delivery,4.6,7,0,Delayed
104052,2023-02-03,Books,355.4,13.4,Chattogram,Red X,Cash on Delivery,3.4,1,0,On-Time
105534,2023-11-29,Clothing,2153.61,27.5,Chattogram,Red X,Cash on Delivery,4.7,2,0,On-Time
108613,2023-01-21,Clothing,1962.81,3.5,Sylhet,Pathao,Cash on Delivery,3.8,1,1,Delayed
100991,2023-06-28,ELECTRONICS,2469.5,1.8,Khulna,ecourier,Cash on Delivery,3.0,1,0,On-Time
104927,2023-03-01,Groceries,6512.57,5.4,Chattogram,sa paribahan,Card,4.6,1,1,On-Time
101093,2023-05-05,Groceries,5591.19,14.2,Dhaka,pathao,Mobile Banking,4.2,3,1,On-Time
107099,2024-11-04,Home and Kitchen,3196.17,27.1,Dhaka,S.A. Paribahan,Card,4.4,6,1,Delayed
101846,2023-11-02,Electronics,3248.79,16.3,Dhaka,sa paribahan,Mobile Banking,3.5,1,0,On-Time
108577,2023-09-22,ELECTRONICS,1056.74,14.8,Dhaka,SA Paribahan,Cash on Delivery,4.7,1,0,Delayed
101983,2024-11-19,electronics,266.73,13.6,Rajshahi,Pathao,Cash on Delivery,3.9,3,0,Delayed
101394,2023-02-13,ELECTRONICS,397.94,1.0,Chattogram,SA Paribahan,Cash on Delivery,3.5,3,1,On-Time
108005,2024-11-29,Electronics,188.81,16.6,Dhaka,redx,Cash on Delivery,3.9,2,0,On-Time
103371,2023-02-02,groceries,2358.81,20.8,Dhaka,pathao,Cash on Delivery,4.3,1,0,On-Time
101113,2023-04-21,Home and Kitchen,1807.2,18.6,Dhaka,eCourier,Cash on Delivery,3.4,5,0,Delayed
103630,2023-03-17,groceries,2283.13,60.3,Dhaka,Sundarban,Mobile Banking,4.8,1,0,On-Time
108052,2024-09-12,Clothing,2174.84,11.6,Dhaka,Pathao,Cash on Delivery,3.6,2,1,On-Time
104812,2024-12-12,Home and Kitchen,1435.35,64.5,Rajshahi,sa paribahan,Card,5.0,3,1,Delayed
108357,2024-06-18,Clothing,2969.69,75.8,Dhaka,redx,Card,3.4,2,0,Delayed
108277,2023-02-03,Home & Kitchen,673.68,7.8,Dhaka,sa paribahan,Cash on Delivery,4.3,3,0,On-Time
106816,2024-01-07,Electronics,1782.29,1.1,Rajshahi,RedX,Cash on Delivery,3.9,6,1,Delayed
105657,2024-06-01,Beauty,1758.33,1.0,Dhaka,S.A. Paribahan,Cash on Delivery,3.7,2,0,On-Time
102746,2023-08-20,ELECTRONICS,2771.38,3.1,Chattogram,pathao,Cash on Delivery,3.7,2,0,On-Time
105137,2024-05-16,Beauty,720.03,6.7,Dhaka,S.A. Paribahan,Mobile Banking,3.9,1,0,Delayed
107507,2024-12-14,groceries,969.7,5.4,Dhaka,Pathao,Mobile Banking,4.1,4,1,Delayed
100471,2024-03-20,ELECTRONICS,1088.32,4.4,Rajshahi,SA Paribahan,Mobile Banking,4.2,3,1,On-Time
105099,2023-05-30,clothing,3501.09,62.7,Chattogram,Pathao,Mobile Banking,3.9,1,0,On-Time
106868,2023-03-04,Groceries,286.19,4.8,Chattogram,sa paribahan,Cash on Delivery,5.0,2,1,On-Time
105481,2024-07-22,clothing,722.0,9.9,Chattogram,RedX,Cash on Delivery,3.8,4,0,On-Time
103279,2024-10-23,Beauty,185.71,18.2,Dhaka,SA Paribahan,Mobile Banking,5.0,1,0,On-Time
104217,2024-01-07,electronics,8659.82,2.5,Dhaka,ecourier,Cash on Delivery,4.4,5,0,Delayed
104940,2023-05-08,Clothing,5930.55,10.6,Chattogram,eCourier,Mobile Banking,2.8,1,0,Delayed
100901,2023-03-29,clothing,1472.38,9.5,Khulna,Red X,Cash on Delivery,3.8,8,0,On-Time
104816,2024-10-10,ELECTRONICS,1888.51,4.4,Dhaka,RedX,Cash on Delivery,3.5,1,0,Delayed
103772,2023-08-09,Electronics,3276.05,,Chattogram,PATHAO,Mobile Banking,4.2,4,0,On-Time
101261,2023-10-08,electronics,2522.86,17.1,Chattogram,sa paribahan,Cash on Delivery,4.4,5,0,Cancelled
103221,2024-10-24,Clothing,1174.32,14.9,Rajshahi,redx,Cash on Delivery,4.8,1,0,Delayed
101395,2023-02-09,Grocery,1957.78,13.5,Rajshahi,Pathao,Mobile Banking,4.1,4,0,On-Time
107256,2024-12-19,clothing,1191.52,12.3,Chattogram,Red X,Cash on Delivery,4.5,4,0,Delayed
100380,2023-06-25,Home & Kitchen,150.0,8.1,Dhaka,E-Courier,Mobile Banking,4.4,1,0,On-Time
104712,2023-06-24,clothing,160.15,14.8,Chattogram,Sundarban,Card,3.3,5,1,Delayed
106820,2023-11-14,books,732.04,4.9,Khulna,sa paribahan,Card,3.2,2,0,On-Time
107302,2024-04-08,ELECTRONICS,2624.75,9.6,Dhaka,sundarban,Mobile Banking,4.4,1,1,Delayed
101238,2024-08-07,Electronics,4877.33,27.8,Chattogram,sundarban,Mobile Banking,3.1,1,0,On-Time
106013,2024-02-16,clothing,3563.14,1.0,Dhaka,Sundorbon,Cash on Delivery,4.5,1,0,Delayed
101673,2023-02-16,Electronics,3641.2,26.5,Sylhet,E-Courier,Mobile Banking,4.9,6,0,On-Time
105695,2024-10-26,Clothing,5003.24,7.3,Dhaka,Sundarban,Mobile Banking,4.1,1,1,On-Time
105143,2024-12-26,Home & Kitchen,1896.63,37.8,Dhaka,redx,Cash on Delivery,4.8,5,0,Delayed
106775,2024-06-21,Beauty,,57.2,Sylhet,SA Paribahan,Cash on Delivery,3.1,2,0,On-Time
106944,2023-05-03,clothing,,1.0,Rajshahi,Sundarban,Mobile Banking,5.0,1,1,On-Time
103119,2024-10-03,Clothing,822.17,1.0,Dhaka,Sundarban,Cash on Delivery,4.0,4,0,On-Time
101259,2023-09-11,Beauty,3391.82,1.0,Khulna,redx,Mobile Banking,4.4,1,0,On-Time
103276,2024-10-02,clothing,,9.1,Rajshahi,Pathao,Mobile Banking,3.2,3,0,On-Time
102759,2024-07-14,Groceries,5952.75,27.3,Dhaka,Pathao,Card,3.6,8,0,Cancelled
108621,2023-03-24,Electronics,3021.08,5.3,Khulna,pathao,Mobile Banking,3.7,1,1,On-Time
103021,2023-02-21,Groceries,1274.01,2.7,Dhaka,redx,Cash on Delivery,3.7,1,0,On-Time
101934,2024-11-17,groceries,740.89,4.4,Khulna,RedX,Mobile Banking,3.8,1,1,On-Time
106472,2024-08-08,ELECTRONICS,307.08,8.7,Khulna,SA Paribahan,Mobile Banking,4.2,1,1,On-Time
107828,2024-05-25,Clothing,554.13,21.2,Chattogram,E-Courier,Mobile Banking,4.2,1,0,Delayed
103322,2024-11-03,Home and Kitchen,805.0,1.0,Khulna,Pathao,Card,4.1,3,1,On-Time
106530,2023-12-23,electronics,3101.48,9.8,Sylhet,sa paribahan,Cash on Delivery,4.6,2,0,Delayed
104077,2023-06-16,home & kitchen,,15.0,Dhaka,RedX,Mobile Banking,4.5,1,1,On-Time
107895,2024-09-20,Electronics,1374.29,32.8,Dhaka,redx,Cash on Delivery,3.7,5,0,Delayed
101887,2023-10-19,clothing,3331.35,31.9,Khulna,S.A. Paribahan,Mobile Banking,4.2,2,1,On-Time
100873,2024-06-29,clothing,11454.35,1.0,Dhaka,redx,Cash on Delivery,4.0,4,0,On-Time
103148,2023-04-26,Beauty,2688.75,18.7,Dhaka,RedX,Card,3.0,1,0,Delayed
106510,2023-12-26,Beauty,1005.82,26.4,Sylhet,redx,Card,4.4,3,0,Delayed
108724,2023-05-18,beauty,989.82,27.9,Khulna,Pathao,Cash on Delivery,,3,1,On-Time
107037,2023-12-07,Clothing,1614.76,1.5,Chattogram,SA Paribahan,Cash on Delivery,4.7,1,0,On-Time
108075,2023-05-01,electronics,1565.44,88.5,Chattogram,Red X,Card,4.0,2,1,Delayed
102555,2024-08-14,groceries,1304.1,3.2,Rajshahi,SA Paribahan,Cash on Delivery,4.5,1,1,Delayed
103703,2023-07-15,books,2805.58,1.0,Dhaka,Sundarban,Mobile Banking,4.3,1,0,Delayed
100780,2024-08-31,books,353.52,3.2,Rajshahi,Red X,Mobile Banking,3.7,1,0,Delayed
108537,2023-09-24,Home & Kitchen,4890.3,8.3,Dhaka,redx,Mobile Banking,3.9,1,0,Delayed
104466,2024-08-27,Beauty,985.7,9.5,Sylhet,pathao,Cash on Delivery,3.9,3,1,On-Time
106564,2023-10-15,groceries,1503.11,1.7,Dhaka,ecourier,Card,4.3,1,1,On-Time
105667,2024-10-06,beauty,785.74,5.8,Rajshahi,pathao,Card,4.7,2,0,On-Time
107920,2023-06-16,electronics,2211.13,18.0,Dhaka,PATHAO,Mobile Banking,3.7,3,1,On-Time
106711,2023-10-14,Books,457.26,12.7,Sylhet,sa paribahan,Cash on Delivery,3.6,7,0,Delayed
107354,2023-09-24,ELECTRONICS,1166.16,55.2,Rajshahi,ecourier,Cash on Delivery,4.5,7,0,Delayed
102164,2024-03-17,books,542.58,22.5,Khulna,Pathao,Mobile Banking,4.8,1,1,On-Time
104912,2023-05-11,Grocery,3250.34,10.8,Sylhet,Pathao,Cash on Delivery,3.0,2,1,Delayed
105504,2024-03-16,Groceries,3921.43,4.3,Dhaka,eCourier,Cash on Delivery,4.2,1,0,On-Time
106659,2023-01-09,clothing,919.31,1.6,Dhaka,RedX,Cash on Delivery,5.0,1,1,On-Time
101969,2024-04-12,books,1505.97,8.6,Khulna,ecourier,Cash on Delivery,5.0,3,0,On-Time
102589,2024-05-19,Clothing,1294.33,23.9,Rajshahi,redx,Cash on Delivery,3.9,1,1,On-Time
100842,2024-06-17,Home and Kitchen,1520.29,1.0,Sylhet,Red X,Mobile Banking,4.6,6,1,On-Time
102124,2023-11-27,Home and Kitchen,1658.74,1.3,Chattogram,redx,Cash on Delivery,3.9,3,1,On-Time
102850,2023-07-12,electronics,4759.36,2.6,Dhaka,redx,Card,4.3,1,1,Delayed
108802,2024-11-14,Clothing,1855.67,4.5,Khulna,sa paribahan,Card,4.7,1,1,On-Time
108426,2024-04-03,Books,2052.78,37.0,Khulna,Red X,Card,2.8,5,0,Delayed
102621,2024-04-30,Groceries,1187.88,47.9,Sylhet,eCourier,Cash on Delivery,3.8,1,1,Delayed
102278,2024-02-27,Home and Kitchen,898.94,10.5,Dhaka,,Cash on Delivery,3.5,2,0,On-Time
105479,2024-03-02,electronics,1341.87,23.9,Chattogram,redx,Card,3.5,2,0,On-Time
105813,2023-06-05,beauty,826.21,1.0,Dhaka,RedX,Cash on Delivery,3.8,7,0,On-Time
100205,2024-08-01,Groceries,2283.0,4.7,Rajshahi,Sundarban,Cash on Delivery,4.8,1,0,On-Time
100625,2023-06-30,Beauty,4140.85,64.2,Rajshahi,PATHAO,Card,4.6,1,1,Delayed
101487,2024-05-31,home & kitchen,463.31,13.7,Dhaka,RedX,Cash on Delivery,4.0,3,1,Delayed
107457,2023-01-06,home & kitchen,2258.73,4.5,Dhaka,redx,Card,3.5,6,0,Delayed
103508,2024-08-27,Home & Kitchen,916.28,5.0,Khulna,Sundarban,Cash on Delivery,4.3,1,1,Delayed
101411,2024-11-06,clothing,622.9,1.8,Rajshahi,redx,Cash on Delivery,4.6,1,1,On-Time
107048,2023-09-02,Clothing,362.33,12.0,Khulna,Pathao,Card,4.9,3,1,On-Time
103753,2023-07-02,Clothing,2727.57,32.3,Chattogram,PATHAO,Mobile Banking,,1,1,On-Time
105945,2023-07-06,ELECTRONICS,4420.33,4.8,Khulna,redx,Cash on Delivery,4.1,1,1,On-Time
107160,2024-03-19,Beauty,3346.1,6.4,Dhaka,eCourier,Mobile Banking,4.4,2,0,Delayed
105684,2024-11-12,Electronics,659.91,4.1,Dhaka,PATHAO,Cash on Delivery,4.1,1,1,On-Time
107639,2023-05-24,Clothing,1399.49,9.4,Dhaka,Sundorbon,Cash on Delivery,4.3,1,0,Delayed
108718,2024-03-29,Home and Kitchen,4257.16,15.2,Dhaka,Sundarban,Mobile Banking,5.0,1,0,Delayed
106575,2024-07-03,books,150.0,6.9,Dhaka,PATHAO,Card,4.1,3,1,On-Time
101873,2024-01-22,Grocery,2360.04,2.7,Khulna,pathao,Cash on Delivery,4.0,1,0,On-Time
105514,2024-05-16,beauty,3682.1,1.1,Dhaka,Red X,Card,3.7,2,1,On-Time
100775,2023-04-09,clothing,2324.72,26.9,Chattogram,PATHAO,Cash on Delivery,,5,1,On-Time
108908,2023-02-16,electronics,2418.38,6.0,Chattogram,Pathao,Card,4.6,1,1,On-Time
104883,2023-08-28,clothing,841.09,2.0,Dhaka,S.A. Paribahan,Cash on Delivery,4.4,2,1,On-Time
107012,2024-08-31,Home and Kitchen,4840.36,1.0,Chattogram,eCourier,Cash on Delivery,3.7,1,0,On-Time
104148,2023-09-04,clothing,1527.68,57.6,Rajshahi,sundarban,Cash on Delivery,3.8,5,0,On-Time
102464,2023-05-26,ELECTRONICS,874.21,7.2,Dhaka,Pathao,Mobile Banking,3.5,2,0,On-Time
106379,2023-07-06,books,585.88,28.9,Dhaka,pathao,Card,3.5,2,1,On-Time
100536,2023-11-10,electronics,1392.37,13.1,Dhaka,redx,Card,4.1,2,0,On-Time
108249,2023-11-19,Clothing,460.34,10.3,Rajshahi,pathao,Cash on Delivery,3.8,1,0,On-Time
101668,2024-10-24,clothing,252.44,22.4,Sylhet,PATHAO,Cash on Delivery,4.1,1,1,On-Time
102677,2023-02-18,Electronics,1312.23,16.2,Khulna,E-Courier,Cash on Delivery,3.2,1,1,Delayed
108586,2024-12-20,Home and Kitchen,725.58,14.2,Rajshahi,Sundorbon,Cash on Delivery,3.8,3,0,On-Time
103376,2024-04-27,Beauty,2247.14,10.5,Dhaka,Red X,Cash on Delivery,3.7,3,0,On-Time
107749,2023-05-07,electronics,1472.18,4.4,Khulna,Sundarban,Card,4.0,3,0,On-Time
104598,2024-05-31,clothing,,35.9,Rajshahi,sa paribahan,Cash on Delivery,4.6,2,0,On-Time
106465,2024-05-22,Clothing,211.29,14.1,Sylhet,S.A. Paribahan,Cash on Delivery,3.3,1,0,On-Time
100594,2023-03-06,Groceries,1818.7,5.4,Dhaka,Sundarban,Mobile Banking,3.8,2,0,On-Time
105608,2024-12-07,Electronics,979.06,47.8,Dhaka,RedX,Cash on Delivery,4.9,3,0,On-Time
106369,2024-01-02,Electronics,5990.36,3.4,Dhaka,eCourier,Cash on Delivery,3.9,5,0,On-Time
101706,2024-05-11,Electronics,2281.67,23.6,Dhaka,PATHAO,Card,,4,1,Delayed
100153,2023-09-21,Books,1368.11,16.5,Khulna,ecourier,Card,5.0,1,0,On-Time
102344,2023-08-19,electronics,676.01,29.4,Rajshahi,E-Courier,Cash on Delivery,3.9,5,0,On-Time
105001,2024-08-11,Grocery,2619.26,49.2,Dhaka,redx,Cash on Delivery,4.5,2,1,On-Time
106515,2024-10-04,clothing,1922.21,32.6,Dhaka,PATHAO,Mobile Banking,4.2,1,1,On-Time
104692,2023-05-20,clothing,5289.62,7.5,Dhaka,pathao,Cash on Delivery,4.0,3,0,On-Time
104916,2024-04-14,electronics,150.0,9.9,Dhaka,SA Paribahan,Cash on Delivery,4.8,2,0,Delayed
100602,2023-10-25,clothing,150.0,1.9,Chattogram,redx,Card,3.3,4,1,On-Time
104150,2023-12-17,Home and Kitchen,1535.22,23.3,Dhaka,pathao,Mobile Banking,3.9,3,0,Delayed
100688,2024-02-15,Home & Kitchen,1943.11,5.4,Chattogram,S.A. Paribahan,Cash on Delivery,4.3,2,0,On-Time
103013,2024-02-02,Home & Kitchen,613.65,2.9,Dhaka,redx,Cash on Delivery,5.0,5,0,On-Time
103556,2023-10-27,clothing,998.87,44.3,Khulna,SA Paribahan,Cash on Delivery,4.1,1,1,Delayed
108650,2023-01-25,clothing,8297.88,4.6,Khulna,RedX,Mobile Banking,4.3,3,0,Delayed
102024,2024-12-20,Home and Kitchen,275.52,21.0,Dhaka,SA Paribahan,Cash on Delivery,4.3,2,0,On-Time
104440,2023-06-07,Home & Kitchen,2150.18,2.9,Rajshahi,SA Paribahan,Card,4.6,1,0,Delayed
107524,2023-08-18,Clothing,1076.65,7.0,Sylhet,redx,Card,4.5,4,0,On-Time
106190,2024-12-21,Clothing,694.43,12.8,Rajshahi,Red X,Mobile Banking,4.3,1,0,On-Time
108070,2024-06-14,Books,223.95,17.2,Dhaka,ecourier,Cash on Delivery,3.4,3,0,On-Time
104294,2023-11-05,home & kitchen,2273.3,25.7,Dhaka,sundarban,Card,4.3,1,0,Delayed
106852,2024-04-02,Home and Kitchen,974.71,21.0,Chattogram,redx,Card,4.9,1,0,Delayed
107796,2023-03-19,Grocery,1907.3,5.4,Dhaka,PATHAO,Cash on Delivery,3.5,1,0,Delayed
102879,2023-05-09,electronics,1942.92,7.5,Chattogram,PATHAO,Card,3.5,2,1,Delayed
103198,2023-04-20,home & kitchen,2026.3,3.9,Dhaka,Sundarban,Cash on Delivery,2.2,2,0,On-Time
101801,2024-01-03,Clothing,8767.52,60.4,Khulna,Sundarban,Card,4.2,6,1,On-Time
106541,2024-01-10,Grocery,2841.57,5.2,Rajshahi,redx,Mobile Banking,3.7,2,0,On-Time
103585,2024-10-20,Clothing,2967.16,5.7,Chattogram,Red X,Cash on Delivery,4.2,2,1,On-Time
108673,2024-02-11,home & kitchen,808.76,6.1,Chattogram,Red X,Cash on Delivery,4.9,4,1,On-Time
105508,2024-10-31,books,3060.55,28.0,Sylhet,S.A. Paribahan,Cash on Delivery,3.6,1,0,Delayed
105264,2023-09-25,groceries,1290.12,24.5,Dhaka,PATHAO,Cash on Delivery,3.3,1,0,On-Time
105985,2024-03-05,Clothing,1098.5,9.0,Khulna,Red X,Mobile Banking,4.9,1,0,On-Time
100696,2023-07-25,Groceries,421.21,5.2,Dhaka,PATHAO,Cash on Delivery,3.9,1,0,Delayed
103176,2024-08-28,Clothing,253.52,8.2,Dhaka,redx,Cash on Delivery,4.0,1,1,On-Time
105866,2023-07-27,home & kitchen,1740.95,1.0,Dhaka,Pathao,Cash on Delivery,4.3,5,1,Delayed
102123,2023-09-02,ELECTRONICS,150.0,4.8,Dhaka,E-Courier,Card,4.0,2,0,On-Time
104090,2023-05-23,clothing,8410.54,29.9,Dhaka,Red X,Cash on Delivery,3.9,4,0,On-Time
104873,2024-11-06,beauty,342.3,1.3,Sylhet,PATHAO,Mobile Banking,4.6,2,0,On-Time
103324,2024-08-15,Home and Kitchen,217.22,10.7,Chattogram,pathao,Cash on Delivery,4.1,2,0,On-Time
100707,2024-06-24,electronics,2979.93,3.5,Dhaka,redx,Card,4.5,1,1,On-Time
103614,2024-07-21,groceries,855.12,49.3,Dhaka,ecourier,Card,4.7,3,0,On-Time
108171,2024-02-26,Electronics,3395.36,23.4,Dhaka,Red X,Cash on Delivery,4.3,3,0,On-Time
105301,2023-09-16,clothing,7709.07,17.2,Dhaka,pathao,Mobile Banking,4.5,3,1,Delayed
102343,2023-01-31,ELECTRONICS,2917.53,35.8,Chattogram,E-Courier,Cash on Delivery,5.0,3,0,Delayed
103766,2023-01-17,Electronics,309.84,25.5,Sylhet,PATHAO,Cash on Delivery,4.9,3,1,Delayed
100764,2023-12-22,groceries,1226.74,14.0,Dhaka,Pathao,Mobile Banking,3.6,1,0,On-Time
103005,2023-02-08,home & kitchen,243.38,23.2,Khulna,Pathao,Mobile Banking,3.7,4,0,On-Time
104513,2024-03-15,Groceries,4390.19,32.8,Dhaka,eCourier,Cash on Delivery,4.4,3,0,Delayed
107512,2024-06-22,clothing,3196.01,1.0,Rajshahi,Sundorbon,Cash on Delivery,4.0,1,1,Delayed
105153,2023-01-13,Electronics,5303.96,28.2,Chattogram,Pathao,Card,3.1,4,1,Delayed
100786,2023-11-29,Home and Kitchen,1293.25,20.5,Dhaka,Pathao,Cash on Delivery,3.8,1,0,Delayed
105958,2023-05-10,clothing,1436.59,1.0,Sylhet,sa paribahan,Cash on Delivery,3.2,4,1,Delayed
104825,2023-12-11,Beauty,531.03,2.9,Chattogram,Red X,Mobile Banking,3.3,1,1,Cancelled
105386,2024-04-15,clothing,472.56,2.5,Chattogram,eCourier,Cash on Delivery,4.3,1,1,On-Time
105616,2023-01-30,Electronics,150.0,9.6,Khulna,RedX,Card,3.5,1,0,On-Time
101237,2024-10-14,Clothing,554.67,10.3,Dhaka,Pathao,Mobile Banking,4.1,2,0,On-Time
103886,2024-02-01,ELECTRONICS,555.86,9.5,Khulna,pathao,Cash on Delivery,3.9,1,0,Delayed
100265,2024-11-29,Beauty,7979.29,38.9,Dhaka,SA Paribahan,Mobile Banking,4.0,3,1,On-Time
107399,2024-09-18,Electronics,,1.9,Khulna,S.A. Paribahan,Cash on Delivery,4.0,4,1,On-Time
104120,2024-08-06,groceries,1103.29,47.3,Dhaka,Sundarban,Card,4.1,1,0,On-Time
107293,2023-11-12,Electronics,150.0,11.2,Dhaka,redx,Mobile Banking,3.4,1,1,Delayed
105383,2024-07-03,books,,1.0,Chattogram,PATHAO,Card,3.9,1,1,On-Time
107304,2024-12-03,Home & Kitchen,3563.07,2.6,Chattogram,Sundorbon,Cash on Delivery,5.0,2,0,On-Time
104464,2024-07-09,ELECTRONICS,3879.41,1.5,Dhaka,RedX,Mobile Banking,3.6,3,0,On-Time
108142,2024-11-19,groceries,1062.37,1.1,Dhaka,pathao,Mobile Banking,4.4,3,0,Delayed
106340,2024-09-18,Home & Kitchen,259.34,4.4,Chattogram,RedX,Cash on Delivery,4.5,2,1,On-Time
105447,2024-05-11,home & kitchen,714.82,16.7,Dhaka,pathao,Cash on Delivery,3.9,1,0,Delayed
104165,2023-04-17,Beauty,843.48,7.9,Rajshahi,,Cash on Delivery,3.9,1,0,On-Time
100230,2023-02-28,Beauty,799.62,15.3,Dhaka,E-Courier,Card,3.7,1,1,On-Time
101132,2024-09-23,home & kitchen,234.8,10.5,Sylhet,S.A. Paribahan,Cash on Delivery,3.9,3,1,Cancelled
102706,2023-09-03,Beauty,,1.1,Sylhet,eCourier,Mobile Banking,5.0,3,0,On-Time
107214,2024-11-09,Grocery,150.0,11.8,Dhaka,pathao,Card,4.0,1,0,Cancelled
107426,2024-04-06,beauty,,27.8,Chattogram,E-Courier,Cash on Delivery,4.7,2,1,On-Time
107344,2024-09-02,Grocery,1967.28,29.1,Chattogram,Red X,Card,4.4,1,1,Delayed
101414,2023-07-22,home & kitchen,150.0,5.2,Chattogram,PATHAO,Cash on Delivery,4.1,2,1,On-Time
103538,2023-12-04,groceries,3147.53,13.6,Sylhet,sa paribahan,Cash on Delivery,4.0,4,1,On-Time
107464,2023-09-21,groceries,150.93,1.0,Chattogram,RedX,Card,3.4,3,1,On-Time
101938,2024-04-21,beauty,3685.45,2.1,Chattogram,S.A. Paribahan,Cash on Delivery,3.5,3,0,Delayed
106272,2023-07-27,Books,2479.72,23.1,Chattogram,RedX,Cash on Delivery,3.6,2,0,Delayed
100208,2024-07-01,books,4247.98,54.9,Dhaka,pathao,Cash on Delivery,3.2,1,1,On-Time
104587,2023-07-13,Beauty,826.64,5.0,Dhaka,sundarban,Cash on Delivery,3.9,2,0,On-Time
101791,2024-06-20,ELECTRONICS,150.0,9.7,Rajshahi,redx,Mobile Banking,3.0,1,1,Delayed
101836,2023-03-04,Electronics,521.89,,Dhaka,RedX,Cash on Delivery,4.7,1,1,Delayed
105786,2024-04-15,Clothing,2131.72,9.3,Rajshahi,eCourier,Cash on Delivery,3.8,5,0,On-Time
102226,2023-03-20,ELECTRONICS,3689.77,9.3,Dhaka,redx,Cash on Delivery,3.4,5,0,On-Time
105799,2023-02-26,electronics,1144.95,5.3,Sylhet,pathao,Cash on Delivery,4.6,2,0,On-Time
104784,2023-11-14,Grocery,1142.17,1.0,Sylhet,Sundorbon,Cash on Delivery,5.0,1,0,On-Time
101456,2023-03-13,Electronics,321.64,29.6,Dhaka,E-Courier,Cash on Delivery,4.2,2,0,On-Time
101349,2024-06-30,Electronics,1811.24,4.2,Sylhet,redx,Cash on Delivery,4.6,2,1,On-Time
105848,2023-01-25,groceries,4955.37,17.5,Rajshahi,pathao,Cash on Delivery,4.6,1,0,On-Time
104381,2024-12-03,Electronics,150.0,21.9,Chattogram,Red X,Card,3.4,2,1,On-Time
107977,2023-06-28,clothing,150.0,20.9,Sylhet,redx,Mobile Banking,3.5,1,1,Delayed
102425,2024-05-25,Clothing,1836.26,1.0,Sylhet,PATHAO,Mobile Banking,3.2,3,0,On-Time
101428,2023-08-16,electronics,2159.39,13.1,Sylhet,PATHAO,Cash on Delivery,5.0,2,1,Delayed
103536,2024-08-24,Clothing,965.18,18.9,Rajshahi,S.A. Paribahan,Card,3.6,3,0,Delayed
108594,2024-09-13,Electronics,2796.36,36.4,Sylhet,redx,Cash on Delivery,4.3,1,0,Cancelled
105904,2024-10-15,Clothing,655.24,1.0,Chattogram,RedX,Card,4.0,1,1,On-Time
101124,2024-07-14,Electronics,438.94,4.7,Dhaka,E-Courier,Card,4.0,1,1,On-Time
102428,2024-12-07,Home & Kitchen,898.3,2.0,Dhaka,S.A. Paribahan,Card,4.5,2,1,On-Time
107916,2024-08-25,Beauty,1820.16,4.4,Dhaka,Pathao,Cash on Delivery,4.2,1,0,Delayed
104060,2024-02-19,electronics,1050.59,1.0,Khulna,pathao,Mobile Banking,3.0,1,0,Delayed
106797,2024-08-09,ELECTRONICS,8481.29,21.7,Chattogram,S.A. Paribahan,Mobile Banking,3.5,1,1,On-Time
100841,2023-07-23,ELECTRONICS,2457.48,3.1,Dhaka,Sundarban,Mobile Banking,4.0,1,1,Delayed
101287,2024-03-04,Groceries,6947.21,19.4,Chattogram,PATHAO,Mobile Banking,4.2,4,1,On-Time
104659,2024-02-19,Clothing,1038.52,9.4,Dhaka,sa paribahan,Cash on Delivery,3.6,4,0,On-Time
101115,2024-01-13,ELECTRONICS,728.53,5.3,Dhaka,S.A. Paribahan,Mobile Banking,4.4,1,0,Cancelled
103950,2023-02-03,Electronics,2836.64,5.1,Dhaka,pathao,Mobile Banking,4.2,3,1,On-Time
103263,2023-02-27,Home and Kitchen,873.55,12.1,Sylhet,eCourier,Mobile Banking,3.8,3,1,On-Time
100121,2024-12-28,Beauty,1862.29,39.5,Dhaka,S.A. Paribahan,Card,3.6,3,0,Delayed
105074,2024-04-05,clothing,1963.59,30.0,Khulna,RedX,Card,4.5,2,1,On-Time
107158,2023-04-18,clothing,1172.75,42.4,Dhaka,sa paribahan,Mobile Banking,5.0,1,0,On-Time
100886,2023-08-27,Clothing,996.27,20.1,Chattogram,sundarban,Cash on Delivery,5.0,2,0,On-Time
101198,2024-02-21,clothing,3379.01,31.8,Dhaka,SA Paribahan,Mobile Banking,3.3,3,0,Delayed
106998,2023-08-05,Home & Kitchen,276.84,2.5,Dhaka,Red X,Cash on Delivery,3.5,1,1,Delayed
101049,2024-01-16,home & kitchen,9344.55,15.9,Dhaka,sa paribahan,Cash on Delivery,4.4,1,1,On-Time
100837,2023-02-17,Grocery,3688.17,18.7,Khulna,Pathao,Cash on Delivery,4.7,3,0,Delayed
108907,2023-11-03,Grocery,2475.47,3.3,Chattogram,Sundorbon,Cash on Delivery,,1,0,Delayed
104657,2023-09-02,groceries,,8.0,Chattogram,SA Paribahan,Mobile Banking,4.9,3,0,On-Time
101493,2024-03-01,Home and Kitchen,767.7,3.3,Dhaka,Red X,Mobile Banking,5.0,1,1,On-Time
102095,2023-10-13,Groceries,1354.97,,Dhaka,S.A. Paribahan,Mobile Banking,5.0,1,0,Delayed
101157,2023-11-09,Books,3322.25,12.9,Rajshahi,PATHAO,Cash on Delivery,3.7,4,0,Delayed
101879,2024-08-15,Home & Kitchen,2469.04,,Dhaka,SA Paribahan,Cash on Delivery,3.4,1,1,On-Time
102021,2023-01-31,Home and Kitchen,1315.75,7.8,Chattogram,Red X,Cash on Delivery,3.0,2,0,On-Time
108782,2024-01-29,Clothing,881.05,28.7,Rajshahi,eCourier,Cash on Delivery,3.7,2,0,On-Time
107113,2024-05-16,home & kitchen,3437.67,28.9,Chattogram,Sundorbon,Cash on Delivery,3.2,1,1,Delayed
101943,2023-04-10,clothing,2879.12,41.4,Khulna,sundarban,Cash on Delivery,4.2,2,1,Delayed
107077,2024-07-25,Grocery,246.89,19.5,Dhaka,S.A. Paribahan,Cash on Delivery,4.0,3,0,On-Time
106220,2023-06-01,Clothing,1345.29,38.2,Chattogram,sa paribahan,Mobile Banking,4.5,1,1,Delayed
104037,2024-03-18,Clothing,3014.98,4.9,Dhaka,Sundorbon,Mobile Banking,4.6,4,1,On-Time
101257,2023-08-14,clothing,1461.26,20.6,Dhaka,pathao,Card,3.6,2,0,On-Time
103551,2023-07-06,home & kitchen,1942.88,1.4,Chattogram,pathao,Mobile Banking,4.1,2,1,On-Time
100794,2023-12-03,Beauty,1360.83,25.4,Dhaka,RedX,Card,4.3,4,1,On-Time
105381,2024-02-26,Grocery,529.37,5.3,Chattogram,pathao,Cash on Delivery,3.3,1,1,On-Time
101603,2024-12-20,beauty,1807.52,8.9,Chattogram,Sundorbon,Card,4.4,3,0,On-Time
105991,2023-01-08,clothing,150.0,18.5,Dhaka,RedX,Cash on Delivery,4.2,2,1,Delayed
104377,2024-09-10,beauty,2811.12,25.1,Rajshahi,ecourier,Card,4.4,1,0,On-Time
107535,2023-05-29,beauty,1095.44,19.6,Sylhet,Pathao,Card,4.1,3,1,On-Time
102756,2023-02-05,beauty,2172.46,35.9,Dhaka,SA Paribahan,Cash on Delivery,4.5,5,0,Delayed
107257,2024-12-18,clothing,548.5,1.2,Chattogram,redx,Mobile Banking,3.8,2,1,Delayed
104107,2024-06-13,clothing,6795.11,,Chattogram,RedX,Cash on Delivery,5.0,3,1,On-Time
105781,2024-10-25,Electronics,1252.73,,Khulna,Red X,Mobile Banking,3.9,2,0,On-Time
108270,2024-12-08,home & kitchen,5526.83,1.0,Dhaka,pathao,Cash on Delivery,4.3,6,1,Delayed
108646,2024-07-07,Clothing,1387.13,10.5,Chattogram,ecourier,Cash on Delivery,3.3,2,0,Delayed
100160,2023-07-05,ELECTRONICS,1686.7,51.7,Dhaka,sa paribahan,Mobile Banking,5.0,1,1,On-Time
106931,2023-08-04,groceries,3587.63,14.9,Chattogram,redx,Cash on Delivery,5.0,3,1,On-Time
100221,2024-02-09,ELECTRONICS,489.85,22.7,Chattogram,pathao,Mobile Banking,4.8,3,0,On-Time
108352,2024-06-23,home & kitchen,1894.21,11.6,Dhaka,sa paribahan,Mobile Banking,4.0,3,1,On-Time
107887,2024-10-22,Home and Kitchen,574.62,7.5,Dhaka,Red X,Cash on Delivery,4.1,3,0,Delayed
108995,2024-07-24,groceries,298.96,1.0,Dhaka,pathao,Cash on Delivery,4.2,1,0,On-Time
108868,2023-03-09,Groceries,1331.39,12.0,Rajshahi,PATHAO,Cash on Delivery,3.5,2,0,Cancelled
102495,2023-08-02,Home and Kitchen,1375.94,7.9,Chattogram,S.A. Paribahan,Cash on Delivery,3.9,1,1,On-Time
107542,2023-02-03,Home & Kitchen,162.64,13.4,Chattogram,PATHAO,Cash on Delivery,4.8,2,1,Delayed
101917,2024-03-06,groceries,298.78,44.5,Dhaka,Sundorbon,Mobile Banking,3.7,4,0,Delayed
108471,2023-02-06,Clothing,707.5,4.7,Rajshahi,Pathao,Cash on Delivery,5.0,1,0,On-Time
103377,2024-09-08,Clothing,4326.08,5.4,Sylhet,RedX,Mobile Banking,4.3,2,0,On-Time
103859,2024-09-21,Groceries,488.42,14.0,Chattogram,S.A. Paribahan,Cash on Delivery,3.2,2,0,Delayed
101281,2023-06-22,home & kitchen,295.43,1.7,Sylhet,RedX,Cash on Delivery,2.8,1,0,On-Time
107836,2023-09-01,Beauty,881.75,2.7,Rajshahi,Sundarban,Mobile Banking,3.8,5,0,On-Time
105463,2023-11-01,electronics,1896.31,4.9,Sylhet,SA Paribahan,Mobile Banking,3.8,3,0,On-Time
100833,2024-04-20,groceries,2499.24,32.2,Chattogram,Red X,Mobile Banking,4.7,2,0,On-Time
108379,2023-07-29,Beauty,524.79,19.7,Rajshahi,PATHAO,Card,3.5,7,1,On-Time
104498,2023-12-08,clothing,274.59,1.0,Chattogram,Red X,Cash on Delivery,3.4,1,0,Delayed
106865,2023-05-18,Clothing,3399.87,15.2,Chattogram,Pathao,Cash on Delivery,3.7,1,0,On-Time
103929,2024-03-03,Home and Kitchen,2044.75,25.8,Dhaka,PATHAO,Card,4.1,3,0,Delayed
101062,2023-05-07,ELECTRONICS,150.0,1.0,Chattogram,Pathao,Cash on Delivery,4.2,1,1,On-Time
107506,2023-02-06,clothing,173.12,23.9,Dhaka,sundarban,Cash on Delivery,4.7,3,1,On-Time
104024,2023-02-05,Grocery,800.15,3.9,Chattogram,Pathao,Cash on Delivery,4.4,4,1,On-Time
103997,2024-10-06,clothing,384.85,5.4,Dhaka,pathao,Mobile Banking,3.9,2,0,On-Time
104938,2023-04-10,Groceries,1691.65,1.0,Chattogram,sundarban,Mobile Banking,4.5,1,0,On-Time
100432,2024-01-13,electronics,242.62,3.1,Dhaka,redx,Mobile Banking,3.4,1,0,On-Time
100469,2023-04-14,Groceries,,3.7,Khulna,eCourier,Card,3.7,3,1,On-Time
100748,2023-06-18,Grocery,540.5,4.1,Chattogram,sa paribahan,Mobile Banking,4.1,3,1,Delayed
100812,2023-05-15,clothing,2338.73,14.0,Rajshahi,Red X,Cash on Delivery,3.4,1,0,On-Time
108443,2023-05-12,groceries,150.0,1.0,Dhaka,S.A. Paribahan,Cash on Delivery,4.0,1,0,On-Time
107997,2024-07-11,Clothing,219.32,2.1,Dhaka,pathao,Mobile Banking,4.8,2,1,On-Time
102360,2024-11-02,Home and Kitchen,1418.57,20.2,Dhaka,Sundorbon,Mobile Banking,4.0,2,0,On-Time
104876,2023-08-23,books,225.59,8.5,Sylhet,Red X,Cash on Delivery,4.8,1,0,On-Time
104091,2023-02-01,Electronics,544.65,28.0,Sylhet,Pathao,Cash on Delivery,4.3,1,0,Delayed
103360,2024-12-22,clothing,150.0,4.6,Dhaka,eCourier,Mobile Banking,3.8,3,1,Delayed
100814,2024-10-01,ELECTRONICS,1579.81,51.2,Chattogram,Red X,Cash on Delivery,4.2,3,1,On-Time
101720,2024-12-15,ELECTRONICS,4002.15,35.4,Dhaka,E-Courier,Cash on Delivery,3.1,2,1,Cancelled
105417,2024-10-30,Clothing,777.6,11.8,Dhaka,S.A. Paribahan,Cash on Delivery,3.5,4,0,On-Time
103105,2023-04-05,Grocery,964.8,5.6,Sylhet,RedX,Cash on Delivery,4.1,1,1,On-Time
102371,2023-11-01,clothing,1938.11,21.6,Dhaka,pathao,Mobile Banking,4.1,4,0,On-Time
108993,2024-04-01,groceries,496.35,20.1,Rajshahi,,Cash on Delivery,4.0,3,1,Delayed
106193,2023-04-23,clothing,410.41,20.2,Chattogram,E-Courier,Cash on Delivery,4.0,6,1,Delayed
103490,2024-03-14,Groceries,3441.17,36.6,Chattogram,SA Paribahan,Card,5.0,5,1,Delayed
101079,2024-09-28,clothing,2398.55,12.5,Chattogram,sa paribahan,Card,4.9,3,1,Delayed
107087,2024-09-01,Clothing,1423.06,1.8,Sylhet,RedX,Card,5.0,1,0,On-Time
108616,2024-04-14,clothing,2656.94,21.0,Dhaka,redx,Cash on Delivery,3.6,1,1,Delayed
103882,2024-03-28,electronics,2197.19,28.0,Chattogram,Pathao,Card,3.1,1,0,On-Time
105380,2024-03-12,clothing,556.42,10.7,Chattogram,pathao,Cash on Delivery,4.3,3,0,On-Time
102256,2024-09-10,Grocery,1725.85,31.4,Dhaka,PATHAO,Cash on Delivery,3.7,3,0,On-Time
106622,2024-08-19,beauty,1585.29,5.6,Chattogram,SA Paribahan,Card,3.3,3,0,On-Time
101361,2023-02-04,books,677.66,26.6,Rajshahi,Pathao,Cash on Delivery,4.0,1,0,On-Time
100478,2023-09-28,Books,1827.57,1.0,Khulna,Red X,Cash on Delivery,4.6,6,0,Cancelled
107636,2023-07-28,electronics,3753.28,2.6,Sylhet,S.A. Paribahan,Cash on Delivery,3.6,2,0,On-Time
105389,2024-07-28,ELECTRONICS,1847.92,1.0,Chattogram,sundarban,Mobile Banking,4.5,4,1,On-Time
106718,2023-01-21,electronics,913.61,18.9,Khulna,Pathao,Cash on Delivery,3.5,2,1,Delayed
105310,2023-05-09,groceries,3631.31,33.2,Dhaka,PATHAO,Cash on Delivery,3.5,1,0,Delayed
107786,2024-03-23,clothing,2239.62,11.2,Dhaka,Sundorbon,Cash on Delivery,4.6,3,1,Delayed
106118,2024-07-14,electronics,866.59,14.1,Chattogram,SA Paribahan,Card,3.2,4,1,On-Time
101972,2023-10-20,Grocery,334.8,12.4,Dhaka,pathao,Cash on Delivery,4.9,2,0,On-Time
108345,2024-02-03,Beauty,250.67,32.5,Dhaka,redx,Cash on Delivery,4.3,1,1,On-Time
104271,2024-12-27,Groceries,181.16,9.8,Dhaka,S.A. Paribahan,Cash on Delivery,4.4,2,0,On-Time
102999,2024-01-27,ELECTRONICS,6887.85,8.2,Chattogram,S.A. Paribahan,Mobile Banking,3.6,3,1,On-Time
104375,2024-02-23,beauty,154.88,6.8,Dhaka,ecourier,Cash on Delivery,3.4,1,0,On-Time
103275,2024-07-03,clothing,471.84,21.5,Chattogram,ecourier,Card,5.0,2,0,Delayed
106046,2023-02-13,Grocery,2655.09,2.9,Chattogram,Sundorbon,Mobile Banking,3.6,3,0,On-Time
106163,2024-01-09,Electronics,2255.78,9.8,Chattogram,Sundorbon,Cash on Delivery,4.6,3,0,On-Time
107522,2024-08-10,Clothing,646.86,35.1,Sylhet,redx,Card,4.5,1,1,On-Time
105494,2024-06-14,Clothing,150.0,2.5,Dhaka,SA Paribahan,Cash on Delivery,3.9,1,1,On-Time
102405,2023-06-05,Electronics,2037.68,2.5,Rajshahi,sa paribahan,Cash on Delivery,4.2,3,0,Delayed
102311,2023-10-26,Electronics,6542.85,1.0,Khulna,pathao,Cash on Delivery,4.3,1,0,On-Time
100996,2023-10-27,Clothing,2293.33,1.2,Chattogram,E-Courier,Cash on Delivery,3.3,1,1,Delayed
102437,2024-12-07,electronics,150.0,8.4,Khulna,PATHAO,Card,3.9,1,0,On-Time
102104,2024-11-11,Electronics,,11.0,Khulna,redx,Mobile Banking,4.3,2,0,Delayed
102078,2024-06-19,Home & Kitchen,2374.38,2.6,Sylhet,PATHAO,Cash on Delivery,3.7,3,0,Cancelled
108719,2024-03-04,clothing,1140.51,1.0,Dhaka,sa paribahan,Cash on Delivery,3.4,2,1,Delayed
100014,2024-09-29,Home & Kitchen,1042.26,14.5,Khulna,Sundorbon,Cash on Delivery,5.0,2,1,Delayed
106774,2023-04-25,electronics,265.78,3.6,Chattogram,Pathao,Mobile Banking,2.5,2,1,On-Time
107928,2024-11-10,clothing,735.94,3.4,Rajshahi,PATHAO,Mobile Banking,3.9,4,0,On-Time
103620,2024-06-22,beauty,1367.29,14.8,Chattogram,Pathao,Cash on Delivery,4.3,3,1,On-Time
104419,2023-12-19,clothing,3535.18,92.5,Chattogram,eCourier,Cash on Delivery,4.5,1,1,Delayed
105862,2024-09-12,Electronics,4813.7,22.2,Dhaka,Pathao,Card,3.4,1,1,On-Time
107133,2024-06-26,Home and Kitchen,6314.77,12.5,Dhaka,E-Courier,Cash on Delivery,3.8,4,0,On-Time
108150,2023-07-18,Clothing,1229.89,8.9,Chattogram,PATHAO,Cash on Delivery,3.0,2,1,Delayed
107395,2023-05-09,Beauty,662.32,11.3,Dhaka,SA Paribahan,Mobile Banking,4.9,3,0,On-Time
105375,2023-06-29,Electronics,1641.92,1.2,Dhaka,eCourier,Card,4.3,1,1,On-Time
108419,2024-11-07,Electronics,1038.37,8.2,Rajshahi,redx,Cash on Delivery,4.2,4,0,On-Time
104965,2024-09-01,Clothing,1072.6,5.5,Dhaka,redx,Card,4.1,1,0,On-Time
104948,2024-07-24,Books,1556.77,12.2,Khulna,Pathao,Mobile Banking,4.3,1,1,On-Time
108835,2023-06-25,Groceries,744.43,45.4,Chattogram,SA Paribahan,Cash on Delivery,5.0,1,0,Delayed
103367,2024-11-03,clothing,910.24,10.2,Dhaka,S.A. Paribahan,Mobile Banking,4.1,4,0,On-Time
107592,2024-03-06,electronics,2381.33,29.9,Dhaka,RedX,Cash on Delivery,4.4,1,0,On-Time
105988,2023-10-05,Books,2095.07,6.3,Sylhet,Pathao,Cash on Delivery,3.1,3,0,On-Time
105214,2024-11-29,Groceries,150.0,21.4,Dhaka,pathao,Mobile Banking,4.6,5,1,On-Time
101208,2024-08-04,Home & Kitchen,1676.11,6.4,Sylhet,eCourier,Mobile Banking,4.9,3,0,Delayed
104398,2023-12-27,ELECTRONICS,2112.08,7.5,Rajshahi,RedX,Cash on Delivery,4.7,6,1,On-Time
105976,2024-02-19,clothing,2619.19,3.8,Dhaka,,Cash on Delivery,4.1,2,0,Delayed
101811,2024-02-02,Clothing,835.31,32.9,Dhaka,S.A. Paribahan,Card,3.9,2,0,Delayed
103895,2024-05-18,Clothing,1657.84,12.8,Chattogram,sa paribahan,Cash on Delivery,3.9,3,1,Delayed
102330,2024-02-13,Clothing,2183.36,8.5,Dhaka,PATHAO,Card,,4,1,Cancelled
102446,2024-11-14,Clothing,1604.89,5.7,Dhaka,,Mobile Banking,4.6,2,1,On-Time
105712,2023-06-10,Groceries,5775.56,43.4,Rajshahi,E-Courier,Cash on Delivery,5.0,3,0,On-Time
107540,2023-09-01,electronics,3064.74,38.0,Dhaka,Red X,Mobile Banking,3.5,3,1,On-Time
103344,2024-12-19,Clothing,3319.1,12.1,Dhaka,Red X,Cash on Delivery,,1,0,On-Time
104658,2023-10-06,Home and Kitchen,679.78,7.2,Dhaka,RedX,Card,4.6,3,1,On-Time
105459,2023-09-18,Clothing,1521.29,1.0,Dhaka,PATHAO,Cash on Delivery,4.0,1,0,On-Time
106499,2023-04-02,ELECTRONICS,622.09,23.8,Dhaka,SA Paribahan,Mobile Banking,4.8,4,0,On-Time
105391,2024-10-09,Beauty,1278.93,4.9,Khulna,Sundarban,Mobile Banking,5.0,1,0,Delayed
100045,2023-12-02,Home and Kitchen,582.83,17.3,Rajshahi,Pathao,Cash on Delivery,3.0,2,0,Delayed
102705,2024-07-31,Clothing,150.0,23.8,Rajshahi,PATHAO,Cash on Delivery,5.0,2,1,Delayed
102843,2024-02-04,Home and Kitchen,3496.19,,Khulna,Sundorbon,Cash on Delivery,3.5,1,0,On-Time
100979,2024-01-12,Electronics,2177.45,24.5,Dhaka,Pathao,Cash on Delivery,3.4,1,0,Delayed
104216,2024-12-26,ELECTRONICS,708.3,24.2,Sylhet,eCourier,Cash on Delivery,3.9,1,0,On-Time
104811,2024-09-13,clothing,3534.0,21.6,Khulna,eCourier,Mobile Banking,4.2,2,1,Delayed
102450,2024-05-23,home & kitchen,1835.54,3.8,Khulna,Sundarban,Mobile Banking,3.6,3,1,Delayed
108536,2024-12-29,clothing,503.17,18.1,Dhaka,Sundarban,Cash on Delivery,4.4,3,0,Delayed
108883,2024-03-19,groceries,553.32,8.4,Dhaka,Red X,Card,3.8,2,1,Delayed
108425,2024-05-21,Groceries,3214.31,23.6,Dhaka,ecourier,Cash on Delivery,3.1,1,0,Delayed
106509,2023-07-07,groceries,682.55,16.4,Khulna,SA Paribahan,Cash on Delivery,3.4,3,0,Delayed
103290,2024-06-15,Groceries,243.48,2.0,Dhaka,ecourier,Mobile Banking,3.9,4,1,On-Time
102613,2023-09-07,Clothing,650.15,48.3,Rajshahi,sundarban,Card,4.1,2,0,Cancelled
103350,2023-08-11,home & kitchen,353.55,7.0,Chattogram,sa paribahan,Cash on Delivery,4.0,1,0,On-Time
100756,2024-12-04,home & kitchen,3608.72,54.1,Dhaka,Sundorbon,Cash on Delivery,4.5,2,0,Delayed
103386,2024-09-30,books,4741.8,7.3,Chattogram,Pathao,Cash on Delivery,3.9,5,0,On-Time
100273,2024-11-07,Clothing,2393.74,1.8,Dhaka,redx,Cash on Delivery,3.8,2,0,Delayed
100682,2023-02-02,Books,2601.7,8.0,Khulna,Sundarban,Cash on Delivery,4.6,1,1,On-Time
103541,2023-10-05,Grocery,1144.73,45.6,Sylhet,sa paribahan,Mobile Banking,4.6,2,0,On-Time
100646,2023-08-27,clothing,1914.46,10.3,Khulna,Sundarban,Cash on Delivery,4.0,2,1,Delayed
101666,2023-11-08,beauty,541.59,1.8,Khulna,sundarban,Cash on Delivery,5.0,2,1,On-Time
106129,2023-02-01,Clothing,606.47,7.0,Dhaka,eCourier,Mobile Banking,4.1,1,1,On-Time
108881,2024-12-06,home & kitchen,434.24,45.1,Dhaka,ecourier,Mobile Banking,3.8,4,0,Delayed
100197,2023-01-01,ELECTRONICS,540.14,30.5,Rajshahi,PATHAO,Cash on Delivery,3.3,4,0,Delayed
101482,2024-08-06,electronics,2564.39,7.6,Dhaka,S.A. Paribahan,Cash on Delivery,4.0,5,0,Delayed
106994,2024-11-13,Home & Kitchen,4744.16,8.9,Dhaka,PATHAO,Cash on Delivery,5.0,1,0,Delayed
102085,2023-01-29,clothing,538.6,17.2,Chattogram,Sundorbon,Cash on Delivery,3.9,3,0,On-Time
108767,2024-01-06,beauty,804.4,2.5,Dhaka,Red X,Cash on Delivery,3.6,2,0,On-Time
105426,2023-03-03,Groceries,1297.26,27.7,Sylhet,RedX,Mobile Banking,2.5,5,1,On-Time
105451,2023-12-21,books,758.51,1.6,Rajshahi,SA Paribahan,Cash on Delivery,4.2,1,1,On-Time
105402,2023-08-17,Home & Kitchen,340.88,3.1,Rajshahi,Pathao,Card,4.7,2,0,On-Time
100054,2024-11-30,Clothing,557.92,4.7,Dhaka,eCourier,Mobile Banking,3.5,4,0,On-Time
105263,2024-05-16,ELECTRONICS,2969.58,19.2,Sylhet,SA Paribahan,Card,4.1,1,0,On-Time
101549,2024-03-29,Electronics,957.13,20.0,Khulna,Red X,Cash on Delivery,4.1,3,0,Delayed
101683,2024-11-15,books,6432.97,5.8,Dhaka,eCourier,Cash on Delivery,3.6,2,1,Delayed
107970,2024-09-22,Grocery,289.33,19.0,Chattogram,E-Courier,Cash on Delivery,4.2,1,0,On-Time
103474,2024-02-27,Clothing,1907.27,1.4,Chattogram,E-Courier,Cash on Delivery,3.0,1,0,On-Time
105209,2024-07-26,Grocery,1194.15,16.6,Dhaka,Pathao,Card,4.1,3,0,On-Time
104430,2024-01-15,ELECTRONICS,193.82,8.5,Chattogram,RedX,Cash on Delivery,3.5,1,1,On-Time
106675,2024-02-28,clothing,150.0,17.7,Dhaka,Red X,Card,3.6,4,1,Delayed
106076,2023-02-06,Groceries,2729.76,30.0,Dhaka,PATHAO,Cash on Delivery,4.4,2,0,On-Time
102807,2023-07-14,Clothing,940.36,4.5,Khulna,Pathao,Cash on Delivery,2.9,1,0,On-Time
108942,2023-08-19,Grocery,701.17,37.8,Sylhet,RedX,Card,3.9,3,1,Delayed
105641,2023-12-27,books,689.42,2.8,Dhaka,Sundorbon,Cash on Delivery,4.0,1,0,On-Time
104716,2023-05-23,Grocery,911.93,7.6,Sylhet,eCourier,Mobile Banking,4.6,3,0,On-Time
106758,2024-04-05,Books,150.0,57.0,Sylhet,S.A. Paribahan,Cash on Delivery,3.4,2,1,Delayed
100177,2023-10-14,Electronics,890.33,3.0,Khulna,Red X,Cash on Delivery,4.1,2,0,Delayed
104851,2023-08-30,electronics,1232.89,10.8,Rajshahi,Sundarban,Card,4.3,1,0,Delayed
101236,2023-10-12,Clothing,2448.95,8.3,Dhaka,Red X,Cash on Delivery,4.6,1,1,On-Time
104646,2024-12-12,Groceries,3252.96,8.6,Chattogram,E-Courier,Cash on Delivery,4.8,1,0,On-Time
105754,2023-06-21,Groceries,422.04,1.6,Khulna,Pathao,Mobile Banking,5.0,2,1,Delayed
107791,2023-12-07,Home and Kitchen,765.45,37.2,Dhaka,Pathao,Cash on Delivery,3.9,1,1,On-Time
100288,2023-10-01,Groceries,1519.31,9.9,Chattogram,RedX,Cash on Delivery,4.8,2,1,On-Time
106446,2024-05-05,Electronics,,2.5,Dhaka,eCourier,Mobile Banking,4.2,1,1,On-Time
101426,2024-11-20,clothing,1732.15,26.5,Chattogram,Red X,Mobile Banking,4.5,7,0,On-Time
107393,2023-07-28,clothing,2328.67,16.3,Dhaka,Sundorbon,Cash on Delivery,4.3,2,0,Delayed
106696,2023-12-10,Home and Kitchen,1714.95,4.6,Khulna,Pathao,Cash on Delivery,3.6,1,1,On-Time
100939,2023-07-27,ELECTRONICS,7240.01,1.2,Chattogram,redx,Cash on Delivery,4.4,1,1,On-Time
101513,2023-01-27,Electronics,1271.74,14.4,Dhaka,sundarban,Mobile Banking,,2,1,On-Time
107009,2023-02-16,clothing,719.25,21.6,Chattogram,Pathao,Cash on Delivery,3.9,7,0,On-Time
102629,2024-11-07,beauty,3379.83,4.2,Khulna,eCourier,Cash on Delivery,4.2,1,1,On-Time
104459,2024-12-03,Clothing,574.93,2.9,Dhaka,sa paribahan,Cash on Delivery,2.8,2,0,Delayed
103128,2023-12-31,clothing,497.74,4.8,Khulna,E-Courier,Card,4.7,4,1,On-Time
108599,2023-09-26,clothing,993.71,83.5,Khulna,ecourier,Cash on Delivery,3.7,2,1,Delayed
103456,2023-03-26,Groceries,4350.16,1.0,Rajshahi,S.A. Paribahan,Mobile Banking,5.0,3,0,On-Time
107349,2024-06-27,books,480.04,28.3,Khulna,sa paribahan,Cash on Delivery,3.5,1,0,Delayed
102374,2023-06-18,electronics,373.74,5.0,Rajshahi,Sundorbon,Mobile Banking,3.9,3,1,Delayed
104251,2024-06-19,ELECTRONICS,1058.82,13.9,Dhaka,PATHAO,Cash on Delivery,3.9,2,0,On-Time
100868,2024-02-13,Electronics,1302.73,9.7,Sylhet,eCourier,Mobile Banking,4.8,5,0,On-Time
102561,2023-10-15,beauty,3303.29,13.0,Sylhet,PATHAO,Card,4.4,1,1,Delayed
107662,2024-08-25,Beauty,425.89,17.1,Chattogram,eCourier,Card,4.0,1,1,On-Time
101366,2023-11-11,Home & Kitchen,649.71,25.7,Dhaka,Sundarban,Cash on Delivery,4.1,3,1,On-Time
107888,2023-09-11,clothing,764.68,3.1,Khulna,sa paribahan,Mobile Banking,2.5,3,1,Delayed
101011,2024-10-20,ELECTRONICS,3207.48,49.3,Dhaka,Sundorbon,Mobile Banking,3.5,2,0,Delayed
102909,2023-07-17,ELECTRONICS,3190.55,26.7,Chattogram,Red X,Cash on Delivery,3.8,1,0,On-Time
108757,2023-07-17,clothing,3180.65,2.2,Chattogram,PATHAO,Mobile Banking,3.7,2,0,On-Time
104348,2023-11-02,Clothing,562.44,16.5,Dhaka,Sundarban,Cash on Delivery,4.0,2,1,On-Time
100322,2023-04-23,Clothing,10340.94,15.5,Sylhet,sa paribahan,Cash on Delivery,3.5,4,1,On-Time
106285,2023-04-29,Home & Kitchen,10287.68,4.7,Chattogram,RedX,Cash on Delivery,4.7,3,0,Delayed
108892,2024-09-15,books,150.0,33.3,Dhaka,redx,Card,4.0,3,0,Delayed
108801,2024-06-16,Beauty,10402.6,8.9,Dhaka,Sundorbon,Cash on Delivery,4.9,2,1,On-Time
103637,2024-01-17,books,1656.83,1.0,Chattogram,Red X,Mobile Banking,4.1,2,1,On-Time
108167,2024-10-12,clothing,1640.25,24.7,Dhaka,eCourier,Cash on Delivery,4.5,1,0,On-Time
101053,2024-03-05,Beauty,1133.04,26.9,Khulna,E-Courier,Cash on Delivery,4.5,2,1,On-Time
106037,2024-06-11,home & kitchen,724.26,1.0,Chattogram,Red X,Cash on Delivery,3.8,1,1,Delayed
106378,2024-04-10,electronics,1513.67,1.0,Chattogram,RedX,Card,4.6,4,0,Delayed
106384,2023-11-27,beauty,1025.55,5.8,Dhaka,sundarban,Cash on Delivery,3.6,1,1,Delayed
106600,2023-07-27,Electronics,932.13,9.1,Sylhet,Sundarban,Card,4.2,1,0,On-Time
101021,2024-09-16,Groceries,5728.46,13.9,Dhaka,redx,Mobile Banking,4.1,2,0,Delayed
108393,2023-09-13,Home and Kitchen,367.24,1.0,Dhaka,pathao,Cash on Delivery,5.0,2,0,On-Time
100091,2024-06-30,Beauty,737.32,17.3,Chattogram,RedX,Card,3.4,4,0,On-Time
108311,2024-10-16,electronics,1009.64,18.5,Dhaka,RedX,Cash on Delivery,5.0,5,1,Delayed
107825,2023-03-24,clothing,2470.43,36.0,Khulna,,Cash on Delivery,3.7,1,0,Delayed
103481,2023-05-29,Electronics,5184.69,42.2,Dhaka,redx,Card,4.1,2,0,Delayed
108180,2024-08-06,home & kitchen,1041.42,10.3,Sylhet,SA Paribahan,Mobile Banking,3.9,4,0,Delayed
101245,2023-09-22,Electronics,6413.4,9.6,Dhaka,Red X,Card,4.2,6,1,On-Time
104081,2024-04-04,clothing,2461.91,2.2,Chattogram,Pathao,Mobile Banking,4.4,3,1,On-Time
102081,2023-09-11,Clothing,6786.08,38.4,Sylhet,pathao,Cash on Delivery,4.2,2,1,On-Time
103829,2024-09-09,clothing,278.95,3.5,Dhaka,Red X,Cash on Delivery,3.9,1,0,Delayed
107350,2024-10-08,beauty,1323.67,10.2,Chattogram,redx,Cash on Delivery,3.9,3,0,On-Time
104508,2024-11-03,clothing,2288.42,10.3,Chattogram,Red X,Cash on Delivery,4.8,1,0,On-Time
101242,2023-04-08,ELECTRONICS,165.63,12.4,Dhaka,redx,Card,4.4,2,1,On-Time
100787,2024-07-09,Electronics,987.1,28.4,Rajshahi,E-Courier,Cash on Delivery,4.5,3,1,Cancelled
105741,2024-06-30,books,729.58,2.4,Khulna,pathao,Cash on Delivery,2.1,3,0,On-Time
100867,2023-01-08,ELECTRONICS,150.0,19.6,Dhaka,ecourier,Mobile Banking,4.2,1,0,On-Time
103229,2023-10-27,Home and Kitchen,1370.82,10.5,Dhaka,E-Courier,Mobile Banking,3.9,1,0,On-Time
107785,2024-03-30,ELECTRONICS,2434.9,1.1,Dhaka,Red X,Cash on Delivery,4.0,2,0,Delayed
102998,2024-08-01,clothing,362.08,16.4,Dhaka,eCourier,Card,4.3,1,0,On-Time
100738,2024-11-10,Beauty,212.91,13.3,Dhaka,pathao,Cash on Delivery,3.7,3,0,On-Time
101063,2023-04-08,Electronics,2309.49,5.1,Chattogram,PATHAO,Mobile Banking,4.4,2,0,On-Time
101374,2024-12-05,clothing,1826.06,16.9,Rajshahi,RedX,Mobile Banking,4.1,2,1,On-Time
105989,2023-02-28,beauty,2893.82,20.2,Chattogram,pathao,Cash on Delivery,3.8,3,1,On-Time
103692,2024-07-15,Books,2568.37,3.3,Khulna,Red X,Cash on Delivery,3.5,2,1,Delayed
102292,2024-12-25,groceries,3695.73,32.8,Dhaka,SA Paribahan,Cash on Delivery,4.4,1,0,On-Time
105906,2024-10-19,Home & Kitchen,780.7,15.8,Dhaka,redx,Cash on Delivery,4.4,3,1,On-Time
107074,2024-01-03,ELECTRONICS,1208.86,5.0,Khulna,pathao,Cash on Delivery,4.0,1,0,On-Time
104730,2023-01-08,books,1733.15,15.4,Khulna,PATHAO,Card,4.5,1,1,On-Time
108104,2023-11-25,Clothing,2010.3,11.6,Dhaka,ecourier,Cash on Delivery,4.6,1,1,Delayed
108159,2024-08-16,Grocery,1948.68,38.4,Chattogram,redx,Cash on Delivery,5.0,1,0,Delayed
108682,2024-11-27,Electronics,1604.75,1.9,Rajshahi,pathao,Cash on Delivery,3.3,2,0,On-Time
100231,2024-11-06,ELECTRONICS,406.84,74.7,Dhaka,PATHAO,Cash on Delivery,3.7,1,1,Cancelled
107875,2024-04-19,Beauty,,1.0,Dhaka,sa paribahan,Card,4.1,2,1,On-Time
105442,2023-04-16,groceries,4393.15,11.6,Dhaka,Pathao,Mobile Banking,4.6,1,0,Delayed
107391,2023-06-10,electronics,1909.98,1.0,Dhaka,Red X,Cash on Delivery,4.5,7,0,On-Time
102536,2024-08-11,clothing,1210.5,4.7,Dhaka,Sundarban,Cash on Delivery,3.8,1,0,On-Time
105977,2024-01-10,Home & Kitchen,2417.85,20.9,Dhaka,Pathao,Cash on Delivery,4.9,2,1,On-Time
107538,2024-08-13,Home and Kitchen,248.33,1.0,Khulna,S.A. Paribahan,Card,4.0,2,0,On-Time
100462,2024-10-30,clothing,631.77,20.7,Chattogram,PATHAO,Cash on Delivery,2.6,1,0,On-Time
103433,2023-07-08,Home & Kitchen,1389.12,10.7,Dhaka,Sundarban,Card,3.6,2,1,On-Time
108445,2024-11-12,Home & Kitchen,747.75,4.6,Dhaka,PATHAO,Cash on Delivery,4.5,1,0,On-Time
108611,2023-10-26,Home and Kitchen,1995.51,24.6,Chattogram,redx,Mobile Banking,3.1,1,1,On-Time
106400,2023-03-12,beauty,2293.62,24.3,Rajshahi,PATHAO,Cash on Delivery,3.5,2,1,On-Time
101188,2023-06-05,Clothing,3793.8,55.1,Dhaka,SA Paribahan,Mobile Banking,4.7,1,0,Delayed
103867,2024-08-29,Groceries,660.2,18.7,Khulna,pathao,Card,3.6,4,1,Delayed
102155,2024-10-07,beauty,3276.58,3.5,Khulna,S.A. Paribahan,Cash on Delivery,5.0,1,0,Delayed
100598,2023-04-20,electronics,1792.4,12.8,Dhaka,sundarban,Card,4.2,5,1,Delayed
105219,2023-06-23,clothing,298.28,4.1,Sylhet,pathao,Card,4.4,3,1,On-Time
107692,2024-11-18,books,5102.0,13.4,Khulna,eCourier,Cash on Delivery,5.0,1,1,Delayed
105610,2024-11-01,Beauty,510.62,13.4,Khulna,eCourier,Cash on Delivery,3.9,1,1,On-Time
104103,2024-04-06,ELECTRONICS,1268.62,1.0,Dhaka,pathao,Mobile Banking,4.5,4,0,Delayed
105409,2024-09-21,clothing,3874.34,4.3,Dhaka,PATHAO,Cash on Delivery,3.9,1,0,Delayed
107064,2023-05-23,clothing,304.44,14.5,Chattogram,redx,Cash on Delivery,4.5,1,1,On-Time
101488,2024-12-05,electronics,872.55,9.2,Khulna,E-Courier,Card,3.8,1,1,Delayed
105809,2023-04-08,home & kitchen,1973.75,15.8,Rajshahi,ecourier,Card,4.2,4,0,On-Time
100770,2023-09-23,Electronics,1999.54,14.6,Chattogram,sa paribahan,Mobile Banking,4.5,1,0,On-Time
106080,2023-04-03,Groceries,1147.9,35.1,Dhaka,SA Paribahan,Mobile Banking,4.5,1,0,Delayed
107948,2024-09-25,beauty,1412.62,22.1,Rajshahi,pathao,Cash on Delivery,4.1,1,1,On-Time
106881,2024-11-29,Electronics,150.0,19.8,Dhaka,,Mobile Banking,3.9,3,0,Delayed
106796,2024-03-17,Clothing,802.81,31.0,Chattogram,ecourier,Mobile Banking,3.1,4,1,Delayed
104563,2024-10-30,Home & Kitchen,3156.21,25.0,Chattogram,RedX,Cash on Delivery,3.2,3,1,On-Time
103294,2023-03-24,clothing,156.04,8.4,Dhaka,sundarban,Mobile Banking,4.6,1,1,On-Time
108841,2023-11-10,ELECTRONICS,863.03,13.7,Dhaka,Red X,Mobile Banking,4.9,2,0,On-Time
100743,2023-01-31,ELECTRONICS,2214.65,8.1,Dhaka,PATHAO,Card,3.1,3,0,On-Time
101505,2024-01-18,Clothing,1181.8,13.4,Khulna,sa paribahan,Cash on Delivery,4.3,5,0,On-Time
108427,2024-02-25,Home and Kitchen,3978.92,23.6,Dhaka,redx,Card,4.3,1,0,On-Time
100102,2023-05-26,Home and Kitchen,517.32,5.9,Chattogram,sundarban,Card,4.3,2,0,Delayed
107040,2023-01-29,books,5298.69,31.1,Chattogram,RedX,Mobile Banking,,3,0,On-Time
100328,2024-07-28,Grocery,293.75,7.4,Dhaka,Sundarban,Mobile Banking,3.8,6,0,On-Time
106505,2023-04-18,clothing,150.0,1.1,Sylhet,PATHAO,Mobile Banking,3.3,3,1,On-Time
101154,2023-09-22,electronics,4848.0,10.6,Dhaka,redx,Card,3.4,3,1,On-Time
101808,2024-04-18,ELECTRONICS,1385.43,12.0,Rajshahi,eCourier,Card,,3,1,On-Time
104905,2023-07-08,Groceries,250.54,28.8,Dhaka,pathao,Cash on Delivery,4.8,1,1,On-Time
108241,2024-03-29,beauty,1004.65,3.1,Dhaka,sa paribahan,Mobile Banking,3.6,1,0,On-Time
100465,2024-05-10,Home & Kitchen,500.36,9.9,Dhaka,redx,Cash on Delivery,4.3,3,0,Delayed
108122,2024-08-31,Home and Kitchen,205.52,27.8,Chattogram,SA Paribahan,Cash on Delivery,4.2,2,0,Delayed
103243,2023-11-29,Groceries,804.8,43.4,Khulna,E-Courier,Cash on Delivery,4.1,2,1,Cancelled
105946,2024-01-18,electronics,352.95,16.8,Sylhet,ecourier,Cash on Delivery,,1,0,On-Time
102401,2023-04-21,ELECTRONICS,1123.57,23.4,Dhaka,sundarban,Card,4.1,4,0,On-Time
101959,2023-12-02,home & kitchen,741.22,11.3,Chattogram,pathao,Cash on Delivery,5.0,2,1,Delayed
102243,2023-08-23,electronics,3103.26,6.4,Rajshahi,redx,Card,4.2,1,1,Delayed
102619,2023-05-13,clothing,6047.09,7.8,Dhaka,RedX,Cash on Delivery,2.8,1,1,Delayed
108550,2024-06-18,Beauty,866.41,30.1,Khulna,PATHAO,Cash on Delivery,3.6,3,0,Delayed
104988,2023-10-21,books,929.18,22.2,Dhaka,Red X,Cash on Delivery,5.0,4,1,On-Time
108056,2023-01-31,clothing,3335.39,4.6,Khulna,pathao,Card,3.7,1,1,On-Time
106767,2024-11-05,clothing,4977.01,8.0,Dhaka,redx,Mobile Banking,4.9,1,0,On-Time
101435,2024-11-07,Home & Kitchen,2164.95,35.1,Sylhet,pathao,Cash on Delivery,3.5,2,1,Cancelled
107271,2023-11-13,Groceries,2127.26,6.2,Chattogram,redx,Mobile Banking,4.1,2,1,On-Time
104799,2023-01-20,electronics,772.44,15.1,Chattogram,RedX,Mobile Banking,3.7,3,1,On-Time
108396,2023-03-10,home & kitchen,6624.81,78.3,Dhaka,PATHAO,Mobile Banking,4.7,2,0,Delayed
104340,2023-09-02,Books,800.88,54.8,Sylhet,sundarban,Cash on Delivery,4.3,3,0,Cancelled
102376,2024-04-21,Clothing,150.0,2.4,Sylhet,redx,Card,4.0,3,1,On-Time
107145,2024-08-26,Beauty,1758.03,1.0,Rajshahi,Red X,Card,4.1,2,0,On-Time
102965,2023-01-09,beauty,226.32,6.9,Rajshahi,Sundarban,Cash on Delivery,3.7,2,0,On-Time
106508,2023-12-25,electronics,995.85,8.6,Dhaka,Pathao,Cash on Delivery,4.5,1,1,Delayed
108300,2023-10-31,Clothing,2276.54,10.2,Khulna,Red X,Card,5.0,1,1,Delayed
105567,2023-02-01,Clothing,198.98,12.4,Dhaka,pathao,Cash on Delivery,,1,0,On-Time
100164,2024-01-19,Electronics,3360.38,16.8,Rajshahi,pathao,Cash on Delivery,4.8,2,0,Delayed
101773,2023-09-01,Beauty,1019.52,3.5,Khulna,PATHAO,Cash on Delivery,3.8,4,1,On-Time
102316,2024-05-12,Beauty,2288.54,17.0,Rajshahi,PATHAO,Card,4.7,4,0,On-Time
100234,2024-09-01,electronics,1384.86,14.3,Dhaka,sa paribahan,Card,3.4,1,1,On-Time
101129,2023-11-20,Clothing,787.61,9.6,Sylhet,PATHAO,Cash on Delivery,3.7,2,1,Delayed
102002,2024-03-18,Grocery,225.93,,Rajshahi,RedX,Cash on Delivery,4.4,2,0,On-Time
103097,2023-06-06,clothing,744.27,6.0,Dhaka,E-Courier,Cash on Delivery,4.0,3,1,Delayed
101802,2023-02-22,Groceries,3621.24,15.7,Dhaka,sa paribahan,Mobile Banking,4.9,3,0,Delayed
107329,2023-11-25,Groceries,936.94,1.0,Dhaka,Red X,Cash on Delivery,3.7,2,0,On-Time
103293,2024-03-30,Grocery,338.68,5.1,Sylhet,E-Courier,Cash on Delivery,4.4,1,1,On-Time
108017,2024-08-06,ELECTRONICS,1063.55,56.2,Dhaka,Sundorbon,Cash on Delivery,3.4,2,0,On-Time
101054,2023-09-06,Grocery,744.85,32.2,Chattogram,ecourier,Card,4.4,4,0,Delayed
104671,2023-04-20,Beauty,1208.34,33.5,Chattogram,S.A. Paribahan,Cash on Delivery,4.9,1,0,Delayed
103284,2024-01-03,Home and Kitchen,382.67,11.4,Chattogram,sa paribahan,Cash on Delivery,4.2,5,1,On-Time
103761,2023-12-11,electronics,4271.08,12.9,Dhaka,Sundarban,Cash on Delivery,4.7,1,0,On-Time
106219,2024-08-08,Electronics,913.21,3.2,Rajshahi,sa paribahan,Cash on Delivery,3.1,1,0,On-Time
107044,2023-08-23,Grocery,2169.66,5.6,Chattogram,S.A. Paribahan,Cash on Delivery,4.5,2,1,On-Time
100404,2023-01-06,beauty,5923.55,1.1,Chattogram,S.A. Paribahan,Cash on Delivery,5.0,2,1,Delayed
104122,2023-08-05,groceries,1029.7,15.3,Dhaka,pathao,Cash on Delivery,3.1,2,0,Delayed
102655,2024-04-28,Grocery,738.98,2.8,Dhaka,E-Courier,Cash on Delivery,4.5,6,0,On-Time
105744,2023-05-11,beauty,1467.25,5.3,Dhaka,SA Paribahan,Cash on Delivery,4.9,1,0,Delayed
103079,2024-04-02,groceries,4749.84,3.2,Rajshahi,pathao,Cash on Delivery,4.4,2,1,On-Time
100281,2024-03-27,Electronics,878.41,4.7,Khulna,Red X,Mobile Banking,4.2,1,0,On-Time
107151,2023-06-28,books,817.98,15.3,Dhaka,S.A. Paribahan,Card,4.5,1,1,On-Time
103571,2023-10-09,electronics,4642.46,4.2,Dhaka,E-Courier,Cash on Delivery,4.3,1,1,Delayed
106484,2023-08-06,clothing,835.31,12.4,Chattogram,pathao,Cash on Delivery,4.6,2,0,Delayed
106650,2024-03-08,clothing,1311.67,16.3,Sylhet,PATHAO,Card,3.1,1,0,On-Time
104390,2024-03-23,ELECTRONICS,6718.17,29.3,Dhaka,Sundarban,Cash on Delivery,5.0,4,1,On-Time
106611,2023-09-06,Home & Kitchen,876.81,8.0,Sylhet,ecourier,Card,4.5,1,0,On-Time
102701,2023-12-25,Clothing,404.59,38.5,Khulna,E-Courier,Cash on Delivery,2.1,4,1,Cancelled
100565,2023-02-07,home & kitchen,300.7,7.5,Sylhet,pathao,Card,4.5,3,1,On-Time
101729,2023-06-06,Clothing,5940.02,,Rajshahi,Pathao,Card,5.0,2,1,On-Time
103319,2024-11-03,groceries,468.77,10.8,Dhaka,E-Courier,Cash on Delivery,3.3,2,1,Delayed
100836,2024-01-18,groceries,5115.37,1.0,Dhaka,Red X,Cash on Delivery,4.6,2,1,Delayed
105646,2023-08-22,groceries,2053.86,15.4,Sylhet,sundarban,Cash on Delivery,4.4,3,1,Delayed
106824,2023-03-01,Beauty,978.37,34.2,Chattogram,RedX,Card,3.8,3,0,Delayed
103824,2024-09-02,groceries,449.26,63.5,Dhaka,Pathao,Cash on Delivery,4.8,2,1,Delayed
108529,2023-08-12,home & kitchen,730.18,20.2,Khulna,,Card,4.5,1,0,On-Time
107154,2023-10-04,groceries,963.12,1.0,Sylhet,SA Paribahan,Mobile Banking,4.0,3,0,On-Time
106692,2024-02-07,clothing,968.99,64.2,Dhaka,PATHAO,Cash on Delivery,4.0,1,0,Delayed
106597,2024-03-05,ELECTRONICS,552.99,11.5,Dhaka,ecourier,Cash on Delivery,5.0,4,0,On-Time
100515,2023-05-28,Beauty,317.35,23.9,Dhaka,Pathao,Cash on Delivery,3.1,4,0,Delayed
102263,2023-02-23,beauty,574.25,15.0,Khulna,Sundorbon,Cash on Delivery,4.5,1,0,On-Time
102128,2023-12-30,beauty,,5.5,Dhaka,Pathao,Mobile Banking,4.6,3,0,Delayed
105477,2024-12-17,books,3202.19,1.4,Khulna,Pathao,Mobile Banking,3.6,2,0,On-Time
105472,2024-01-27,Grocery,2382.51,19.5,Dhaka,Pathao,Card,4.3,1,0,Delayed
108977,2024-07-05,Books,761.98,17.6,Sylhet,E-Courier,Mobile Banking,3.8,2,0,On-Time
104166,2024-10-06,Groceries,457.45,8.1,Dhaka,SA Paribahan,Cash on Delivery,3.5,2,0,On-Time
106106,2024-05-06,clothing,302.23,6.1,Dhaka,Pathao,Mobile Banking,3.8,1,0,On-Time
107682,2024-04-28,Electronics,2791.87,1.0,Dhaka,SA Paribahan,Cash on Delivery,5.0,3,1,On-Time
108187,2023-09-06,groceries,4113.63,19.2,Chattogram,eCourier,Card,4.5,2,1,Delayed
103160,2023-04-14,Grocery,5876.86,2.6,Dhaka,eCourier,Cash on Delivery,4.8,3,1,On-Time
108928,2024-01-02,ELECTRONICS,684.55,7.1,Dhaka,E-Courier,Mobile Banking,3.8,3,0,On-Time
107383,2023-01-30,Clothing,716.26,1.0,Chattogram,Red X,Card,4.0,2,0,On-Time
102936,2023-08-13,Groceries,1116.73,6.7,Dhaka,eCourier,Cash on Delivery,4.0,2,0,Cancelled
105662,2023-09-29,Grocery,233.81,16.8,Dhaka,pathao,Card,4.1,3,1,On-Time
106102,2024-10-25,beauty,1780.65,11.6,Dhaka,E-Courier,Cash on Delivery,4.9,4,0,On-Time
108407,2023-07-08,electronics,176.59,8.4,Rajshahi,pathao,Cash on Delivery,4.6,1,0,Delayed
103040,2023-01-12,clothing,3126.42,1.0,Dhaka,sundarban,Cash on Delivery,4.8,1,0,Delayed
104944,2024-01-19,electronics,1025.47,5.8,Dhaka,SA Paribahan,Cash on Delivery,4.3,3,1,Delayed
108880,2024-12-21,beauty,,12.5,Rajshahi,Sundarban,Cash on Delivery,,1,1,On-Time
100098,2023-04-01,ELECTRONICS,947.91,35.4,Khulna,redx,Mobile Banking,3.7,1,1,On-Time
105006,2023-02-27,clothing,1225.21,3.3,Rajshahi,E-Courier,Cash on Delivery,4.3,1,0,On-Time
102415,2023-05-10,ELECTRONICS,2691.82,11.4,Khulna,S.A. Paribahan,Cash on Delivery,4.2,3,0,On-Time
104196,2023-04-05,ELECTRONICS,263.8,3.3,Khulna,Pathao,Cash on Delivery,4.0,3,1,On-Time
106236,2023-04-18,Electronics,2991.59,,Dhaka,Sundorbon,Mobile Banking,4.5,1,1,Cancelled
101764,2024-02-24,Books,1430.78,14.9,Khulna,PATHAO,Cash on Delivery,4.2,1,1,On-Time
103509,2024-02-01,electronics,2657.78,1.5,Dhaka,Red X,Card,4.6,3,0,On-Time
102723,2024-04-04,Grocery,948.5,1.6,Rajshahi,RedX,Cash on Delivery,4.3,2,1,Delayed
105470,2023-12-05,clothing,2938.94,7.3,Rajshahi,redx,Cash on Delivery,4.3,4,1,On-Time
107484,2024-07-13,Beauty,2319.66,15.5,Dhaka,sundarban,Cash on Delivery,3.8,4,0,Delayed
104439,2023-10-05,groceries,150.0,19.8,Dhaka,sundarban,Cash on Delivery,4.7,2,0,On-Time
101464,2024-08-30,Beauty,2282.98,1.0,Dhaka,pathao,Cash on Delivery,3.7,9,1,On-Time
107298,2024-09-21,home & kitchen,150.0,18.3,Rajshahi,Red X,Card,4.4,2,1,On-Time
106513,2023-12-30,Books,1770.99,7.2,Chattogram,pathao,Cash on Delivery,4.7,4,1,Delayed
105645,2023-10-14,home & kitchen,353.31,3.3,Rajshahi,Pathao,Mobile Banking,3.9,2,0,On-Time
106828,2023-08-20,beauty,2437.86,1.1,Sylhet,ecourier,Mobile Banking,3.6,4,1,On-Time
100624,2023-10-19,Beauty,651.95,16.9,Dhaka,Pathao,Cash on Delivery,3.9,1,0,On-Time
107894,2024-11-29,Grocery,150.0,6.6,Chattogram,redx,Cash on Delivery,3.7,4,0,On-Time
104495,2023-11-28,ELECTRONICS,3011.14,10.5,Dhaka,Sundorbon,Cash on Delivery,4.5,2,0,Delayed
104489,2024-06-15,Grocery,12097.49,13.1,Chattogram,eCourier,Mobile Banking,3.5,2,0,Cancelled
106119,2023-02-24,Home and Kitchen,1244.87,1.2,Chattogram,SA Paribahan,Mobile Banking,4.4,3,1,Delayed
105093,2024-02-20,Beauty,5534.46,14.6,Khulna,Sundorbon,Cash on Delivery,3.6,5,1,Delayed
100977,2023-02-24,home & kitchen,1634.31,16.2,Chattogram,Red X,Cash on Delivery,3.5,4,0,Delayed
107138,2024-02-03,ELECTRONICS,684.25,1.0,Sylhet,sundarban,Cash on Delivery,3.4,3,0,On-Time
104370,2024-04-22,Clothing,411.14,28.0,Sylhet,sa paribahan,Card,5.0,1,0,Delayed
104181,2024-09-18,clothing,150.0,1.0,Dhaka,SA Paribahan,Cash on Delivery,4.3,4,1,On-Time
101484,2023-04-30,Electronics,150.0,3.6,Rajshahi,RedX,Cash on Delivery,5.0,4,1,On-Time
108553,2023-08-14,Clothing,692.98,23.4,Khulna,redx,Mobile Banking,3.3,1,1,On-Time
108394,2023-09-13,Electronics,246.15,14.8,Dhaka,E-Courier,Card,3.7,2,1,On-Time
108561,2024-03-31,Clothing,301.35,1.0,Dhaka,sundarban,Cash on Delivery,4.6,3,0,On-Time
100629,2023-07-26,Groceries,3056.77,46.5,Dhaka,redx,Mobile Banking,3.3,1,1,Delayed
101043,2023-05-30,Electronics,431.49,14.3,Dhaka,eCourier,Card,3.8,1,1,Delayed
100407,2023-12-09,beauty,4111.18,13.7,Khulna,,Cash on Delivery,4.1,2,0,Delayed
105972,2024-04-23,Books,2935.82,19.7,Dhaka,S.A. Paribahan,Cash on Delivery,5.0,1,1,Delayed
108196,2024-07-26,ELECTRONICS,745.78,1.0,Dhaka,Sundarban,Cash on Delivery,3.8,5,0,On-Time
106729,2024-05-07,books,5055.1,41.8,Rajshahi,RedX,Mobile Banking,3.6,1,0,Delayed
106157,2023-05-16,clothing,869.41,17.0,Chattogram,redx,Cash on Delivery,3.4,3,0,On-Time
102166,2023-10-22,electronics,2994.26,15.0,Chattogram,SA Paribahan,Cash on Delivery,3.4,1,1,On-Time
100357,2024-02-26,clothing,2348.06,22.8,Khulna,Pathao,Cash on Delivery,4.6,2,0,On-Time
103323,2023-01-28,clothing,4101.67,1.0,Khulna,E-Courier,Mobile Banking,4.2,5,0,On-Time
100832,2023-04-11,Groceries,150.0,11.6,Chattogram,redx,Mobile Banking,4.8,3,0,Delayed
104612,2024-05-01,Electronics,5413.1,18.5,Chattogram,Red X,Mobile Banking,4.4,3,0,On-Time
108044,2023-01-28,Beauty,1835.35,4.7,Chattogram,S.A. Paribahan,Mobile Banking,4.9,1,1,Delayed
104289,2023-12-27,electronics,1629.66,7.3,Sylhet,PATHAO,Mobile Banking,5.0,3,1,On-Time
101813,2024-07-12,Grocery,1992.8,18.0,Sylhet,pathao,Card,3.5,2,1,On-Time
101187,2024-12-22,Home & Kitchen,1664.01,31.2,Khulna,sa paribahan,Cash on Delivery,5.0,2,0,Delayed
108402,2024-08-21,Electronics,5863.32,39.6,Dhaka,RedX,Card,4.4,2,0,On-Time
102534,2024-06-24,Home & Kitchen,677.69,3.7,Chattogram,Sundarban,Mobile Banking,4.2,5,1,Delayed
103359,2023-05-14,Clothing,232.48,51.7,Khulna,pathao,Card,3.9,7,0,On-Time
106350,2024-10-24,Clothing,3076.97,5.1,Dhaka,Red X,Cash on Delivery,3.6,4,0,Delayed
100344,2023-10-12,ELECTRONICS,1530.18,16.8,Dhaka,PATHAO,Cash on Delivery,4.2,3,0,Delayed
108162,2023-01-16,Clothing,3167.47,2.5,Sylhet,sundarban,Mobile Banking,3.5,3,0,Delayed
101966,2023-10-18,clothing,150.0,8.0,Dhaka,Pathao,Card,5.0,2,1,On-Time
101875,2023-10-16,Beauty,1906.07,1.0,Dhaka,redx,Cash on Delivery,5.0,1,0,Delayed
101130,2024-08-16,Electronics,1244.27,3.3,Dhaka,eCourier,Cash on Delivery,3.2,2,0,On-Time
100614,2023-09-06,books,2018.52,15.7,Chattogram,S.A. Paribahan,Cash on Delivery,5.0,2,1,Delayed
108832,2024-08-02,Clothing,2169.33,1.0,Chattogram,ecourier,Cash on Delivery,4.1,3,1,On-Time
101022,2023-02-07,books,2995.53,8.6,Sylhet,SA Paribahan,Cash on Delivery,3.2,1,0,On-Time
104174,2024-07-10,Clothing,833.28,6.9,Rajshahi,Sundorbon,Cash on Delivery,5.0,5,0,Delayed
107929,2024-01-06,Grocery,,3.0,Dhaka,redx,Cash on Delivery,4.1,3,0,On-Time
107221,2024-07-22,Clothing,2776.29,9.7,Rajshahi,Sundorbon,Cash on Delivery,4.6,2,0,On-Time
105303,2023-04-04,Grocery,863.14,4.3,Dhaka,sundarban,Cash on Delivery,4.0,2,0,Delayed
103641,2024-08-05,clothing,5578.83,6.4,Dhaka,PATHAO,Cash on Delivery,2.7,2,0,Delayed
106613,2023-12-08,home & kitchen,296.29,1.6,Khulna,Pathao,Cash on Delivery,4.4,4,1,Delayed
100884,2023-02-19,Clothing,5501.04,1.5,Khulna,Sundarban,Cash on Delivery,3.9,3,0,Delayed
106819,2024-03-21,Beauty,1081.54,36.1,Sylhet,ecourier,Cash on Delivery,4.3,1,1,Delayed
106100,2024-02-20,ELECTRONICS,246.01,6.0,Khulna,ecourier,Cash on Delivery,4.9,4,1,On-Time
106474,2023-01-13,Groceries,3895.0,4.4,Sylhet,PATHAO,Cash on Delivery,4.2,2,0,On-Time
104113,2023-10-05,Clothing,3151.75,25.4,Rajshahi,RedX,Card,4.5,4,0,Cancelled
107950,2023-05-15,Home & Kitchen,,14.2,Sylhet,S.A. Paribahan,Cash on Delivery,4.8,2,1,On-Time
104991,2023-02-18,electronics,1030.37,10.8,Chattogram,Pathao,Cash on Delivery,4.5,2,1,Delayed
106680,2024-03-04,clothing,1885.94,18.0,Chattogram,sundarban,Mobile Banking,4.1,3,1,Delayed
106312,2024-07-16,clothing,150.0,10.2,Chattogram,,Cash on Delivery,2.7,1,1,On-Time
103977,2024-06-14,Books,1533.17,7.7,Dhaka,pathao,Cash on Delivery,3.8,1,1,Delayed
105416,2024-06-08,electronics,3971.84,13.7,Dhaka,sa paribahan,Cash on Delivery,4.1,2,0,Delayed
103642,2023-05-14,clothing,1321.95,15.7,Chattogram,Pathao,Cash on Delivery,3.4,3,1,Delayed
102624,2023-07-13,Electronics,2104.68,5.5,Dhaka,Pathao,Cash on Delivery,4.1,2,1,Delayed
101159,2024-09-03,beauty,3673.61,4.1,Rajshahi,ecourier,Card,3.1,4,0,On-Time
107456,2023-03-06,home & kitchen,1615.32,7.9,Dhaka,eCourier,Mobile Banking,5.0,1,1,Delayed
106867,2023-01-11,Electronics,,58.5,Chattogram,Pathao,Cash on Delivery,4.7,4,1,Delayed
101239,2024-10-30,Groceries,150.0,3.8,Sylhet,sundarban,Mobile Banking,2.8,2,1,On-Time
105104,2023-02-11,electronics,254.99,1.0,Dhaka,PATHAO,Card,5.0,1,0,On-Time
103674,2023-06-22,books,848.08,15.5,Khulna,Pathao,Cash on Delivery,5.0,4,0,On-Time
108858,2023-06-02,electronics,2508.84,8.6,Dhaka,PATHAO,Mobile Banking,3.3,3,0,On-Time
100740,2023-07-08,electronics,4103.43,14.4,Chattogram,RedX,Mobile Banking,3.5,1,0,On-Time
104867,2024-12-23,Clothing,2587.94,11.8,Khulna,pathao,Mobile Banking,3.6,7,0,On-Time
103819,2024-01-12,groceries,1259.11,16.7,Sylhet,E-Courier,Cash on Delivery,5.0,2,0,Delayed
108501,2023-07-20,groceries,1439.89,71.9,Dhaka,Red X,Cash on Delivery,4.8,1,0,Delayed
105412,2023-06-20,Clothing,6741.22,7.6,Khulna,Sundorbon,Mobile Banking,5.0,3,1,On-Time
103213,2024-03-16,Beauty,4350.93,1.1,Chattogram,Pathao,Mobile Banking,4.5,5,0,On-Time
100159,2023-04-25,Home and Kitchen,3372.29,8.1,Khulna,pathao,Mobile Banking,4.2,1,0,On-Time
106701,2023-09-29,ELECTRONICS,150.0,13.2,Chattogram,pathao,Card,3.7,3,1,On-Time
106263,2024-02-28,home & kitchen,,46.3,Dhaka,Pathao,Cash on Delivery,3.9,1,1,On-Time
105832,2024-07-13,ELECTRONICS,779.15,4.0,Dhaka,Sundarban,Cash on Delivery,3.9,2,1,On-Time
103635,2024-01-23,Groceries,1405.37,1.0,Dhaka,ecourier,Mobile Banking,3.9,4,1,Delayed
105354,2024-07-24,clothing,1379.58,20.3,Dhaka,Pathao,Cash on Delivery,3.4,1,1,On-Time
102866,2023-05-19,books,1185.14,7.4,Dhaka,RedX,Cash on Delivery,5.0,1,0,On-Time
108947,2023-09-24,Beauty,969.06,10.6,Sylhet,redx,Cash on Delivery,3.6,2,0,Delayed
107453,2024-01-22,Groceries,150.0,32.9,Chattogram,ecourier,Cash on Delivery,4.9,3,0,On-Time
104984,2024-12-24,Clothing,888.83,2.8,Rajshahi,eCourier,Mobile Banking,4.2,1,0,On-Time
101496,2023-02-14,groceries,1113.61,8.4,Dhaka,PATHAO,Mobile Banking,3.9,1,0,Delayed
105964,2024-12-24,Electronics,2188.98,17.4,Chattogram,PATHAO,Card,4.4,4,0,On-Time
107187,2024-06-21,books,2672.67,16.1,Khulna,E-Courier,Cash on Delivery,4.6,1,0,On-Time
107075,2024-03-13,home & kitchen,347.75,1.0,Rajshahi,ecourier,Cash on Delivery,3.8,4,0,On-Time
103914,2023-08-31,Grocery,665.3,11.5,Rajshahi,RedX,Card,3.9,1,0,On-Time
102601,2024-09-12,home & kitchen,,8.5,Dhaka,RedX,Cash on Delivery,3.9,3,0,On-Time
106628,2023-06-28,Groceries,5530.36,4.7,Rajshahi,pathao,Mobile Banking,4.5,1,1,On-Time
101290,2024-01-20,Books,1093.34,1.0,Chattogram,eCourier,Card,4.7,3,0,On-Time
105277,2024-06-20,clothing,5478.46,41.4,Rajshahi,RedX,Cash on Delivery,2.9,3,0,On-Time
103744,2023-10-31,clothing,382.22,4.0,Rajshahi,sa paribahan,Mobile Banking,5.0,2,0,On-Time
101941,2024-04-12,Clothing,2053.78,56.3,Dhaka,S.A. Paribahan,Cash on Delivery,3.8,3,1,Delayed
107296,2023-08-15,Beauty,580.52,17.3,Sylhet,Pathao,Cash on Delivery,4.3,1,0,On-Time
108503,2024-10-20,Grocery,1467.57,7.5,Dhaka,eCourier,Cash on Delivery,5.0,2,0,On-Time
106678,2024-10-10,groceries,671.71,1.0,Dhaka,Pathao,Mobile Banking,4.4,1,0,On-Time
108661,2023-04-28,Clothing,3722.31,8.8,Chattogram,SA Paribahan,Card,4.3,2,1,Delayed
106122,2023-09-04,Grocery,349.97,1.0,Rajshahi,RedX,Cash on Delivery,3.3,3,0,On-Time
100720,2023-07-12,clothing,1019.77,11.6,Chattogram,PATHAO,Card,3.9,3,0,On-Time
107612,2024-09-24,ELECTRONICS,1879.18,9.1,Dhaka,redx,Cash on Delivery,4.5,2,0,On-Time
102776,2024-10-09,Grocery,,32.8,Chattogram,sundarban,Card,4.0,1,0,On-Time
104249,2024-08-15,clothing,379.14,11.7,Sylhet,pathao,Cash on Delivery,4.5,1,0,On-Time
100501,2024-08-21,Beauty,1863.69,5.9,Dhaka,PATHAO,Cash on Delivery,3.9,1,1,Delayed
106809,2024-06-13,Groceries,482.29,2.6,Chattogram,PATHAO,Cash on Delivery,3.7,4,0,On-Time
105604,2023-12-01,ELECTRONICS,1984.15,14.2,Dhaka,Pathao,Card,3.6,2,1,On-Time
100609,2023-08-17,Books,248.03,3.0,Khulna,Sundarban,Mobile Banking,3.5,3,0,Delayed
103075,2024-01-15,Home & Kitchen,3485.26,12.9,Sylhet,RedX,Card,4.3,3,0,On-Time
107849,2024-01-08,books,2377.3,3.1,Sylhet,sa paribahan,Cash on Delivery,3.8,1,1,Delayed
101707,2023-02-28,Clothing,674.42,2.0,Dhaka,pathao,Cash on Delivery,3.4,3,0,On-Time
106283,2023-01-19,ELECTRONICS,1603.06,7.3,Khulna,sundarban,Cash on Delivery,4.8,1,0,On-Time
107045,2024-11-18,Clothing,469.93,7.1,Dhaka,Pathao,Cash on Delivery,3.3,4,0,On-Time
108440,2023-04-12,Home & Kitchen,1378.56,22.6,Sylhet,eCourier,Cash on Delivery,4.0,3,1,On-Time
107119,2024-06-18,Books,150.0,7.6,Dhaka,redx,Mobile Banking,3.5,2,0,On-Time
100537,2024-07-08,clothing,4487.64,3.4,Chattogram,pathao,Cash on Delivery,3.8,3,0,Delayed
107773,2023-06-16,beauty,3531.98,2.6,Sylhet,pathao,Card,3.3,1,1,On-Time
103327,2024-08-24,Books,2618.61,8.5,Dhaka,RedX,Mobile Banking,4.2,1,0,On-Time
108715,2024-09-27,Grocery,1577.07,14.3,Khulna,Red X,Mobile Banking,4.6,1,1,On-Time
104106,2024-02-28,Clothing,376.12,21.6,Dhaka,PATHAO,Card,3.6,1,0,On-Time
106669,2023-11-04,ELECTRONICS,308.06,14.6,Chattogram,redx,Cash on Delivery,4.2,2,0,On-Time
103080,2024-02-28,clothing,2565.94,26.1,Dhaka,sundarban,Mobile Banking,4.5,2,1,Delayed
100521,2023-11-26,Electronics,2279.17,66.1,Dhaka,redx,Cash on Delivery,4.9,2,1,On-Time
100828,2023-03-13,Beauty,534.85,16.7,Sylhet,Red X,Cash on Delivery,5.0,1,1,On-Time
104765,2024-09-12,Home & Kitchen,3056.67,16.8,Chattogram,,Cash on Delivery,4.5,3,0,Delayed
103621,2023-08-15,electronics,2806.1,22.9,Dhaka,redx,Mobile Banking,3.7,5,0,On-Time
108418,2023-03-06,home & kitchen,3855.82,1.0,Sylhet,Sundarban,Card,3.2,1,0,On-Time
103700,2023-10-26,home & kitchen,,6.3,Dhaka,Sundorbon,Cash on Delivery,4.1,3,1,Delayed
100304,2023-07-06,books,338.68,1.7,Dhaka,RedX,Mobile Banking,3.9,2,1,Delayed
103238,2023-09-05,Groceries,3984.36,10.3,Khulna,Sundorbon,Mobile Banking,3.5,1,1,On-Time
106891,2024-05-05,Clothing,2863.56,7.3,Dhaka,PATHAO,Mobile Banking,3.1,4,0,On-Time
106545,2023-03-02,Home & Kitchen,2870.83,1.0,Sylhet,SA Paribahan,Cash on Delivery,4.0,2,0,On-Time
102660,2023-09-05,books,19972.65,2.9,Dhaka,pathao,Mobile Banking,3.9,4,0,On-Time
107472,2024-02-25,Beauty,3852.29,4.5,Dhaka,Pathao,Mobile Banking,3.2,3,0,On-Time
101453,2023-03-01,clothing,170.77,7.2,Dhaka,sundarban,Cash on Delivery,4.3,1,0,Delayed
102476,2023-05-07,Electronics,1035.48,3.5,Rajshahi,RedX,Cash on Delivery,3.9,1,0,On-Time
101472,2024-05-06,beauty,,1.4,Rajshahi,RedX,Cash on Delivery,4.0,1,1,Delayed
108329,2024-11-26,electronics,,2.9,Dhaka,sa paribahan,Mobile Banking,4.8,1,1,On-Time
100039,2024-03-17,beauty,1101.05,5.5,Chattogram,sa paribahan,Cash on Delivery,4.2,2,0,On-Time
108687,2024-04-12,ELECTRONICS,1614.79,8.9,Dhaka,RedX,Cash on Delivery,3.8,1,0,On-Time
101048,2023-03-18,Groceries,1868.43,1.0,Dhaka,SA Paribahan,Mobile Banking,3.6,2,0,On-Time
104201,2024-01-21,electronics,1414.14,26.6,Dhaka,Sundorbon,Cash on Delivery,3.8,6,0,Delayed
105443,2024-02-08,Electronics,276.76,5.0,Chattogram,RedX,Cash on Delivery,4.0,2,0,On-Time
102427,2023-09-02,Grocery,3241.83,11.6,Dhaka,SA Paribahan,Cash on Delivery,4.6,1,0,Delayed
106114,2024-08-15,Home and Kitchen,1091.67,27.2,Dhaka,RedX,Cash on Delivery,4.0,2,1,Delayed
108265,2024-08-05,home & kitchen,979.87,17.2,Dhaka,pathao,Mobile Banking,4.8,1,0,On-Time
102199,2024-01-14,Electronics,542.34,83.8,Rajshahi,Red X,Card,4.7,1,0,On-Time
101368,2024-08-08,Clothing,292.89,34.4,Khulna,pathao,Cash on Delivery,4.0,3,0,Delayed
101247,2023-03-13,beauty,424.08,,Dhaka,Red X,Mobile Banking,4.0,2,1,On-Time
105986,2024-10-02,Grocery,635.98,2.9,Dhaka,pathao,Cash on Delivery,4.0,3,1,On-Time
101377,2024-03-22,Home & Kitchen,1375.57,1.0,Dhaka,redx,Cash on Delivery,5.0,1,1,On-Time
100355,2024-07-07,Grocery,809.06,14.7,Sylhet,pathao,Cash on Delivery,5.0,6,0,Delayed
104220,2024-10-23,Clothing,966.09,3.2,Sylhet,redx,Cash on Delivery,4.2,4,1,On-Time
100987,2023-06-29,clothing,523.26,6.0,Dhaka,eCourier,Cash on Delivery,4.5,1,1,Delayed
101640,2023-02-01,beauty,3083.05,2.2,Dhaka,redx,Mobile Banking,4.6,1,1,On-Time
102876,2024-09-23,clothing,1020.93,2.5,Sylhet,E-Courier,Card,4.1,2,0,On-Time
103985,2023-05-06,Groceries,2967.09,6.0,Dhaka,eCourier,Cash on Delivery,4.5,1,0,On-Time
106410,2023-04-01,Home and Kitchen,1784.22,9.6,Dhaka,pathao,Cash on Delivery,4.0,4,1,On-Time
100222,2024-01-20,groceries,824.29,33.6,Dhaka,redx,Cash on Delivery,4.3,1,0,On-Time
106594,2023-05-19,Clothing,2487.86,6.4,Dhaka,ecourier,Mobile Banking,3.9,3,0,On-Time
108144,2024-02-05,Groceries,1173.06,2.8,Khulna,ecourier,Mobile Banking,3.4,2,0,Delayed
108659,2024-08-27,beauty,639.02,10.1,Dhaka,,Mobile Banking,4.1,1,0,On-Time
101118,2023-10-12,home & kitchen,3096.17,5.7,Dhaka,Sundorbon,Cash on Delivery,4.1,1,1,Delayed
105321,2024-07-04,electronics,202.79,3.3,Dhaka,sundarban,Cash on Delivery,4.6,7,1,On-Time
100816,2024-11-28,Clothing,384.83,24.1,Khulna,pathao,Card,5.0,3,1,On-Time
101913,2024-07-01,ELECTRONICS,1036.69,8.4,Dhaka,pathao,Mobile Banking,4.2,3,1,On-Time
102309,2023-03-08,clothing,3020.26,13.5,Rajshahi,RedX,Cash on Delivery,5.0,4,0,On-Time
104824,2023-11-28,Home & Kitchen,2437.65,1.0,Khulna,Pathao,Cash on Delivery,3.9,3,0,On-Time
107340,2024-04-24,Groceries,1467.99,8.2,Dhaka,S.A. Paribahan,Mobile Banking,4.0,5,0,Delayed
100090,2023-02-08,Grocery,1029.71,13.0,Dhaka,E-Courier,Cash on Delivery,3.7,2,0,Delayed
101044,2023-06-03,Electronics,311.23,22.0,Dhaka,ecourier,Cash on Delivery,5.0,2,0,On-Time
101459,2023-07-26,groceries,4081.39,1.2,Dhaka,pathao,Cash on Delivery,4.0,2,0,Delayed
100290,2024-03-19,ELECTRONICS,1130.11,15.3,Dhaka,S.A. Paribahan,Cash on Delivery,4.0,1,0,On-Time
105057,2023-03-16,clothing,330.09,88.3,Dhaka,Red X,Cash on Delivery,4.2,1,1,On-Time
100569,2023-07-25,clothing,2215.48,21.6,Dhaka,PATHAO,Mobile Banking,3.1,1,0,On-Time
102267,2024-11-16,clothing,359.54,38.7,Chattogram,PATHAO,Card,3.7,5,1,Delayed
105720,2024-04-09,Books,1299.71,13.2,Dhaka,RedX,Mobile Banking,4.5,2,1,On-Time
103166,2024-04-02,Grocery,1076.0,3.9,Rajshahi,Pathao,Cash on Delivery,4.9,1,0,On-Time
101522,2023-08-11,electronics,870.18,18.2,Khulna,pathao,Cash on Delivery,3.0,1,0,On-Time
100256,2023-01-30,electronics,764.86,80.6,Dhaka,E-Courier,Cash on Delivery,3.3,2,1,Delayed
103786,2023-08-15,clothing,150.0,3.8,Dhaka,PATHAO,Cash on Delivery,4.0,4,0,On-Time
104580,2023-06-05,clothing,1240.2,1.0,Dhaka,eCourier,Cash on Delivery,4.7,1,0,On-Time
100933,2024-05-28,Clothing,284.79,16.4,Rajshahi,PATHAO,Card,3.2,5,1,Delayed
102848,2023-04-05,Books,1336.69,21.1,Sylhet,eCourier,Cash on Delivery,3.5,1,0,On-Time
100564,2024-05-22,Groceries,522.7,13.1,Dhaka,Sundarban,Cash on Delivery,3.4,2,1,On-Time
106548,2024-03-22,Grocery,150.0,11.4,Chattogram,sa paribahan,Cash on Delivery,4.3,1,0,On-Time
101669,2023-04-12,Grocery,713.59,17.7,Dhaka,pathao,Cash on Delivery,4.6,3,1,Cancelled
102284,2024-07-21,Grocery,1545.49,17.1,Dhaka,eCourier,Cash on Delivery,2.7,1,0,On-Time
108293,2024-06-07,Clothing,1379.88,37.1,Chattogram,E-Courier,Cash on Delivery,3.7,1,1,Delayed
103271,2024-06-06,Clothing,1409.55,42.5,Khulna,redx,Mobile Banking,3.4,3,0,On-Time
103232,2023-05-28,beauty,687.61,11.9,Dhaka,redx,Cash on Delivery,4.9,4,0,On-Time
106029,2024-06-08,Home & Kitchen,4539.35,11.0,Rajshahi,redx,Cash on Delivery,4.6,1,0,Delayed
106292,2023-08-22,Groceries,799.8,2.9,Rajshahi,pathao,Card,4.1,4,1,On-Time
101004,2023-10-28,electronics,,1.0,Khulna,Pathao,Cash on Delivery,4.7,2,1,On-Time
104904,2024-05-12,Beauty,150.0,18.1,Dhaka,,Mobile Banking,3.6,6,0,On-Time
108389,2023-05-07,beauty,2868.67,29.8,Chattogram,SA Paribahan,Cash on Delivery,3.7,8,1,On-Time
101832,2024-11-08,electronics,1622.9,3.6,Sylhet,E-Courier,Mobile Banking,4.6,4,1,On-Time
101081,2023-07-11,groceries,484.6,15.7,Dhaka,PATHAO,Card,3.7,1,0,On-Time
108877,2023-09-14,Grocery,238.57,1.0,Dhaka,Pathao,Cash on Delivery,4.3,2,1,On-Time
105109,2023-12-11,Clothing,1015.0,12.3,Dhaka,pathao,Card,3.6,3,0,On-Time
100799,2024-12-29,electronics,2526.64,20.9,Khulna,SA Paribahan,Cash on Delivery,5.0,1,1,On-Time
102357,2023-11-04,Books,184.96,1.0,Chattogram,pathao,Cash on Delivery,3.3,3,1,Delayed
103132,2023-06-21,Groceries,409.69,5.0,Khulna,pathao,Mobile Banking,5.0,1,0,On-Time
105373,2023-07-11,clothing,150.0,4.8,Chattogram,Red X,Cash on Delivery,3.9,3,1,Delayed
103220,2023-01-01,Grocery,636.55,17.8,Dhaka,redx,Cash on Delivery,3.9,2,0,On-Time
105396,2023-12-02,clothing,812.41,5.4,Rajshahi,sundarban,Cash on Delivery,3.7,2,1,On-Time
101288,2024-12-09,clothing,179.47,1.0,Chattogram,SA Paribahan,Card,4.8,3,0,On-Time
100138,2023-02-05,books,172.05,14.3,Dhaka,E-Courier,Mobile Banking,3.3,3,1,On-Time
105378,2024-04-06,beauty,,14.5,Rajshahi,ecourier,Mobile Banking,4.5,2,1,On-Time
107396,2023-07-02,electronics,2713.33,7.1,Dhaka,RedX,Cash on Delivery,4.3,2,0,Delayed
102211,2023-04-01,Beauty,150.0,5.1,Dhaka,eCourier,Card,,4,0,On-Time
104780,2023-11-16,Books,204.1,23.0,Dhaka,Red X,Card,4.2,3,0,On-Time
101318,2023-05-23,home & kitchen,671.97,8.2,Chattogram,Sundorbon,Cash on Delivery,2.6,1,0,Delayed
102823,2023-06-03,Electronics,354.14,4.1,Khulna,Pathao,Cash on Delivery,,1,1,Delayed
105324,2024-05-24,beauty,1154.67,29.2,Dhaka,eCourier,Mobile Banking,4.2,6,1,On-Time
102970,2023-05-24,home & kitchen,2488.03,11.7,Chattogram,pathao,Cash on Delivery,3.8,3,0,Delayed
100286,2024-03-14,clothing,320.41,2.9,Sylhet,redx,Cash on Delivery,4.1,2,0,On-Time
107001,2023-11-27,Clothing,862.17,89.5,Khulna,PATHAO,Cash on Delivery,3.5,2,0,Delayed
108888,2024-06-04,beauty,181.63,24.3,Dhaka,S.A. Paribahan,Cash on Delivery,4.1,2,1,On-Time
103696,2023-12-15,beauty,706.57,1.0,Dhaka,eCourier,Cash on Delivery,4.0,3,1,On-Time
103737,2024-06-21,Clothing,1626.36,82.7,Dhaka,PATHAO,Cash on Delivery,3.1,1,0,Cancelled
101635,2023-01-05,clothing,150.0,21.6,Rajshahi,Red X,Cash on Delivery,3.4,3,0,Delayed
106851,2024-06-24,ELECTRONICS,1289.61,5.8,Dhaka,Sundorbon,Card,3.7,1,1,Delayed
104411,2024-05-15,Electronics,179.4,2.4,Khulna,eCourier,Cash on Delivery,4.0,2,0,On-Time
105161,2023-01-14,groceries,1887.19,6.8,Chattogram,Red X,Cash on Delivery,4.8,6,1,On-Time
100932,2023-10-30,Clothing,389.31,1.6,Sylhet,ecourier,Cash on Delivery,5.0,3,1,On-Time
106149,2024-11-19,Groceries,2035.0,30.5,Dhaka,E-Courier,Card,3.9,1,0,Cancelled
101140,2024-02-11,groceries,737.38,9.3,Dhaka,Pathao,Cash on Delivery,4.4,3,1,On-Time
102774,2024-08-06,ELECTRONICS,582.92,1.0,Dhaka,pathao,Mobile Banking,4.7,6,0,On-Time
108138,2024-05-16,groceries,758.49,5.8,Dhaka,RedX,Cash on Delivery,4.0,1,1,On-Time
106090,2023-07-13,Home and Kitchen,6670.26,3.1,Dhaka,RedX,Cash on Delivery,4.3,1,0,Delayed
106756,2024-11-14,Books,150.0,1.0,Dhaka,PATHAO,Mobile Banking,3.5,2,0,On-Time
105211,2023-03-08,Home & Kitchen,3666.41,41.8,Dhaka,SA Paribahan,Cash on Delivery,4.3,1,0,On-Time
101392,2023-02-28,home & kitchen,2864.35,4.7,Dhaka,redx,Cash on Delivery,4.4,4,1,On-Time
104438,2024-02-10,groceries,4623.99,15.3,Khulna,eCourier,Cash on Delivery,4.6,3,1,On-Time
103991,2023-05-23,books,786.9,1.0,Chattogram,RedX,Card,3.7,2,0,Delayed
108512,2023-09-21,Clothing,2241.2,12.9,Dhaka,sundarban,Cash on Delivery,4.3,4,0,Delayed
105521,2023-05-06,Grocery,4142.42,5.4,Chattogram,redx,Cash on Delivery,5.0,1,0,Cancelled
108230,2024-02-26,Groceries,687.32,27.9,Dhaka,E-Courier,Cash on Delivery,3.3,3,0,On-Time
103346,2023-05-04,Clothing,1032.88,64.5,Chattogram,S.A. Paribahan,Cash on Delivery,4.9,1,0,Delayed
106916,2024-11-24,ELECTRONICS,946.81,8.3,Rajshahi,pathao,Cash on Delivery,4.3,2,0,On-Time
100010,2024-08-27,Home and Kitchen,1470.07,1.0,Khulna,redx,Cash on Delivery,3.4,5,1,Delayed
107710,2023-11-11,Groceries,2639.99,10.4,Dhaka,eCourier,Cash on Delivery,4.3,4,0,On-Time
100708,2024-02-04,beauty,150.0,71.5,Dhaka,redx,Cash on Delivery,4.3,1,0,Cancelled
107142,2024-03-18,ELECTRONICS,1647.6,4.5,Khulna,Sundarban,Cash on Delivery,4.5,2,1,Delayed
101725,2024-04-10,ELECTRONICS,150.0,18.9,Chattogram,Pathao,Mobile Banking,4.2,2,1,On-Time
108706,2023-03-17,books,1246.63,28.9,Dhaka,redx,Cash on Delivery,4.6,2,0,Delayed
107181,2023-02-04,groceries,288.84,40.4,Dhaka,S.A. Paribahan,Card,4.3,1,0,Delayed
100259,2023-06-01,Beauty,3654.17,44.9,Chattogram,PATHAO,Cash on Delivery,4.7,1,0,Cancelled
105501,2024-03-22,clothing,3468.5,17.3,Dhaka,Sundorbon,Mobile Banking,5.0,1,1,On-Time
102497,2023-11-10,Beauty,2993.36,37.0,Dhaka,redx,Cash on Delivery,4.2,1,0,On-Time
104192,2023-03-27,beauty,3518.91,12.5,Khulna,Sundarban,Mobile Banking,4.0,5,0,On-Time
102663,2023-11-04,Grocery,382.45,14.9,Khulna,Red X,Mobile Banking,2.7,1,1,On-Time
105220,2023-06-01,Home and Kitchen,396.47,8.7,Dhaka,S.A. Paribahan,Cash on Delivery,3.6,2,0,On-Time
101620,2023-12-23,Groceries,635.44,12.6,Dhaka,PATHAO,Mobile Banking,3.9,4,0,On-Time
101406,2023-10-27,clothing,400.46,40.4,Dhaka,Sundorbon,Cash on Delivery,4.5,6,0,Delayed
108417,2023-09-14,clothing,1822.59,4.4,Dhaka,pathao,Cash on Delivery,3.9,2,0,On-Time
106821,2024-10-14,beauty,411.95,1.0,Dhaka,SA Paribahan,Cash on Delivery,5.0,1,0,On-Time
100181,2024-01-03,Clothing,6492.01,13.7,Dhaka,Red X,Cash on Delivery,4.0,4,0,On-Time
103304,2024-01-07,home & kitchen,1100.15,14.5,Chattogram,redx,Cash on Delivery,3.5,2,0,On-Time
106105,2023-04-12,Electronics,1085.76,11.5,Khulna,Pathao,Card,4.2,1,0,On-Time
105915,2024-11-01,Grocery,5280.87,7.5,Chattogram,Red X,Mobile Banking,4.2,1,0,On-Time
100830,2024-03-05,electronics,1323.1,22.6,Dhaka,redx,Card,4.6,1,0,Delayed
104724,2024-10-28,Home and Kitchen,4592.81,2.9,Sylhet,Sundorbon,Cash on Delivery,3.1,2,0,Delayed
101524,2023-03-08,Books,692.82,20.9,Khulna,eCourier,Cash on Delivery,4.1,2,0,Delayed
108792,2023-10-09,books,2001.7,15.2,Rajshahi,Pathao,Mobile Banking,3.8,4,1,Delayed
107147,2023-12-15,Groceries,3717.12,15.2,Chattogram,RedX,Cash on Delivery,4.2,1,0,On-Time
107362,2023-04-29,beauty,573.75,28.6,Sylhet,ecourier,Card,3.7,1,0,On-Time
101702,2024-07-21,Clothing,3514.89,8.4,Chattogram,ecourier,Card,4.4,1,1,On-Time
107475,2023-12-21,Books,150.0,27.1,Dhaka,PATHAO,Mobile Banking,4.3,3,1,On-Time
105335,2023-12-16,home & kitchen,845.46,4.7,Rajshahi,redx,Cash on Delivery,,5,1,On-Time
104643,2023-11-02,ELECTRONICS,773.24,9.4,Rajshahi,eCourier,Mobile Banking,4.2,3,0,On-Time
105896,2023-10-15,ELECTRONICS,1947.83,43.5,Dhaka,RedX,Mobile Banking,3.5,5,1,Delayed
107735,2023-10-20,ELECTRONICS,364.98,1.7,Dhaka,pathao,Card,4.3,2,0,On-Time
107949,2023-09-21,clothing,150.0,42.8,Dhaka,S.A. Paribahan,Cash on Delivery,4.7,3,1,Delayed
107157,2024-08-17,Home and Kitchen,150.0,19.5,Sylhet,eCourier,Card,3.2,2,0,Delayed
101828,2024-08-01,home & kitchen,5961.25,7.4,Dhaka,S.A. Paribahan,Mobile Banking,,3,1,On-Time
100560,2023-10-13,Books,3136.43,2.6,Rajshahi,PATHAO,Cash on Delivery,3.2,2,1,On-Time
105127,2023-05-20,books,1191.58,4.3,Dhaka,Pathao,Cash on Delivery,4.4,1,0,Delayed
108506,2024-10-27,Home and Kitchen,702.07,1.7,Rajshahi,pathao,Mobile Banking,5.0,2,0,On-Time
106653,2024-11-22,clothing,531.81,27.9,Dhaka,eCourier,Cash on Delivery,3.6,3,0,Delayed
106034,2023-08-24,beauty,3116.43,4.5,Dhaka,pathao,Cash on Delivery,5.0,4,0,On-Time
104740,2024-02-22,beauty,275.43,36.9,Sylhet,Red X,Cash on Delivery,5.0,1,0,Delayed
102681,2024-09-19,Electronics,1052.25,39.0,Dhaka,eCourier,Mobile Banking,4.5,5,0,On-Time
103432,2023-12-03,Home & Kitchen,10141.05,1.3,Dhaka,Sundarban,Cash on Delivery,4.0,4,1,On-Time
104307,2024-07-15,groceries,1145.85,4.7,Dhaka,redx,Card,4.4,1,1,On-Time
101736,2023-06-19,electronics,2494.02,8.2,Sylhet,Sundarban,Mobile Banking,,2,1,On-Time
101343,2023-06-27,Groceries,2444.31,21.3,Dhaka,S.A. Paribahan,Mobile Banking,4.9,3,1,On-Time
100998,2023-02-19,Beauty,1191.57,24.3,Chattogram,redx,Mobile Banking,4.8,2,1,Delayed
104564,2024-01-18,Clothing,534.0,6.1,Dhaka,sa paribahan,Cash on Delivery,5.0,4,0,On-Time
105583,2023-07-15,beauty,,4.8,Khulna,Red X,Cash on Delivery,3.4,5,0,On-Time
102830,2023-05-22,electronics,2275.58,69.3,Dhaka,RedX,Cash on Delivery,3.7,2,1,On-Time
102212,2023-03-03,groceries,484.61,2.0,Khulna,eCourier,Cash on Delivery,3.8,3,1,On-Time
101628,2023-06-24,beauty,,20.4,Dhaka,SA Paribahan,Mobile Banking,3.4,3,0,Delayed
101591,2023-03-05,ELECTRONICS,8404.73,6.4,Chattogram,RedX,Cash on Delivery,4.0,1,0,On-Time
106773,2023-06-09,groceries,2364.81,5.6,Dhaka,SA Paribahan,Cash on Delivery,3.3,1,0,On-Time
104125,2024-12-16,ELECTRONICS,327.85,1.0,Sylhet,S.A. Paribahan,Cash on Delivery,4.4,1,0,On-Time
108846,2024-05-27,Home & Kitchen,877.32,5.5,Khulna,RedX,Cash on Delivery,3.1,1,0,On-Time
100605,2023-12-04,groceries,482.03,13.9,Chattogram,pathao,Mobile Banking,3.9,1,1,On-Time
106049,2023-12-20,beauty,3065.9,2.4,Khulna,SA Paribahan,Card,3.1,2,0,On-Time
106954,2024-11-30,Grocery,5923.14,1.6,Dhaka,PATHAO,Cash on Delivery,5.0,3,1,On-Time
105280,2023-06-05,Beauty,3918.4,19.1,Dhaka,Red X,Cash on Delivery,4.3,2,1,On-Time
104242,2024-09-05,beauty,4889.11,6.0,Chattogram,Sundarban,Cash on Delivery,4.4,1,0,On-Time
103596,2023-02-08,groceries,150.0,5.9,Dhaka,ecourier,Cash on Delivery,4.4,1,1,On-Time
107590,2024-03-29,Clothing,1009.73,4.9,Rajshahi,redx,Card,3.7,2,0,On-Time
102642,2023-02-26,Clothing,748.3,5.5,Rajshahi,Red X,Card,4.1,3,0,On-Time
107777,2023-08-01,Clothing,2854.87,23.2,Chattogram,PATHAO,Mobile Banking,4.4,1,0,On-Time
103313,2023-03-11,groceries,741.15,1.6,Sylhet,Pathao,Cash on Delivery,4.1,1,0,Delayed
101656,2024-05-30,Home & Kitchen,1376.32,7.3,Chattogram,PATHAO,Cash on Delivery,4.4,1,0,On-Time
102525,2023-08-05,ELECTRONICS,346.8,23.6,Chattogram,S.A. Paribahan,Cash on Delivery,,4,1,Delayed
106603,2023-09-15,Electronics,701.33,8.3,Khulna,pathao,Cash on Delivery,3.6,4,0,On-Time
104725,2023-10-28,Beauty,3824.42,62.3,Dhaka,ecourier,Cash on Delivery,4.7,1,0,On-Time
107819,2024-10-22,clothing,3144.82,9.6,Sylhet,Sundorbon,Cash on Delivery,3.8,2,1,On-Time
104519,2023-11-28,Beauty,340.02,29.6,Dhaka,Pathao,Cash on Delivery,3.5,1,1,Cancelled
103524,2023-04-18,Electronics,3564.72,29.7,Dhaka,RedX,Cash on Delivery,5.0,2,0,Delayed
108896,2023-05-27,electronics,1866.03,43.3,Khulna,eCourier,Cash on Delivery,3.9,4,1,Delayed
105331,2024-01-25,Groceries,1901.73,23.5,Khulna,E-Courier,Cash on Delivery,5.0,2,0,On-Time
106364,2023-12-15,Home & Kitchen,1016.29,8.5,Sylhet,Sundarban,Cash on Delivery,3.7,2,0,Delayed
105587,2024-02-01,home & kitchen,713.63,33.1,Dhaka,pathao,Mobile Banking,4.2,3,1,On-Time
107388,2023-11-07,Clothing,3156.03,2.6,Dhaka,redx,Mobile Banking,2.6,1,1,On-Time
105545,2023-08-22,Home & Kitchen,1202.7,25.3,Khulna,pathao,Cash on Delivery,3.6,2,0,On-Time
108042,2023-10-10,beauty,6728.63,6.3,Sylhet,SA Paribahan,Cash on Delivery,4.9,3,1,On-Time
103226,2024-11-18,groceries,1272.43,8.6,Dhaka,eCourier,Cash on Delivery,4.3,2,0,On-Time
104632,2024-07-05,ELECTRONICS,4266.29,5.6,Dhaka,sa paribahan,Cash on Delivery,4.2,4,1,Delayed
106599,2023-11-09,Clothing,1525.01,35.1,Chattogram,RedX,Cash on Delivery,4.0,3,1,Delayed
105564,2024-07-12,Books,320.74,9.3,Dhaka,pathao,Cash on Delivery,3.7,3,0,On-Time
100974,2024-02-26,Clothing,1167.75,44.8,Dhaka,ecourier,Cash on Delivery,4.3,2,0,On-Time
104793,2024-08-12,electronics,2223.99,4.0,Chattogram,Pathao,Mobile Banking,3.7,5,1,On-Time
104570,2023-04-15,clothing,2931.98,28.8,Dhaka,redx,Cash on Delivery,3.2,2,0,Cancelled
102931,2024-08-12,Books,583.94,10.4,Dhaka,PATHAO,Mobile Banking,4.7,1,1,On-Time
107022,2023-04-06,Beauty,4173.62,6.1,Sylhet,PATHAO,Mobile Banking,3.8,4,1,On-Time
104649,2023-02-03,ELECTRONICS,2942.66,23.6,Dhaka,redx,Cash on Delivery,4.5,2,0,Delayed
104265,2023-01-29,beauty,2926.78,,Dhaka,E-Courier,Mobile Banking,4.2,1,0,On-Time
105800,2023-06-17,Home & Kitchen,5364.78,31.0,Dhaka,RedX,Mobile Banking,4.1,3,0,On-Time
107861,2023-11-04,Grocery,2192.47,21.0,Rajshahi,sa paribahan,Cash on Delivery,3.1,1,0,Delayed
103409,2024-07-21,beauty,1031.55,47.8,Dhaka,ecourier,Cash on Delivery,4.3,1,1,Delayed
107784,2023-10-06,ELECTRONICS,1229.84,39.7,Dhaka,Red X,Card,4.1,2,1,On-Time
106792,2024-04-28,Books,4400.46,1.0,Chattogram,Pathao,Card,3.4,2,0,On-Time
108090,2024-01-27,electronics,1494.89,1.0,Dhaka,SA Paribahan,Mobile Banking,4.8,3,0,On-Time
104211,2023-08-06,Beauty,1028.2,31.1,Sylhet,Sundorbon,Card,3.2,2,0,On-Time
100821,2024-05-17,beauty,1521.96,7.0,Rajshahi,SA Paribahan,Cash on Delivery,4.4,5,1,Delayed
105634,2024-08-29,Groceries,1488.27,4.2,Sylhet,PATHAO,Cash on Delivery,5.0,1,0,On-Time
102643,2023-06-02,Electronics,150.0,2.7,Chattogram,redx,Mobile Banking,4.5,1,0,On-Time
103184,2023-09-24,Groceries,4946.02,7.3,Sylhet,Pathao,Mobile Banking,3.6,1,0,On-Time
105772,2023-12-17,clothing,4435.02,7.3,Dhaka,Sundarban,Cash on Delivery,3.6,3,0,Delayed
107116,2023-07-30,Groceries,2244.42,3.4,Rajshahi,Pathao,Card,4.1,1,1,On-Time
106602,2023-03-24,clothing,6174.13,2.2,Khulna,Red X,Cash on Delivery,3.5,2,1,On-Time
104808,2024-02-24,Books,338.65,39.8,Dhaka,Pathao,Cash on Delivery,3.1,6,0,Delayed
106995,2023-04-04,clothing,697.45,28.8,Dhaka,Sundarban,Cash on Delivery,4.4,2,0,Delayed
105806,2023-08-22,Books,150.0,16.9,Sylhet,sa paribahan,Cash on Delivery,4.5,1,0,Delayed
105692,2023-04-18,Electronics,1261.7,4.7,Rajshahi,SA Paribahan,Cash on Delivery,2.7,1,0,Cancelled
103622,2024-05-02,Beauty,2289.4,1.0,Sylhet,ecourier,Cash on Delivery,3.1,2,1,Delayed
105579,2023-01-21,Books,553.82,22.8,Dhaka,Sundorbon,Cash on Delivery,5.0,1,1,On-Time
104559,2023-01-30,ELECTRONICS,2005.91,13.2,Dhaka,Sundarban,Card,3.9,2,0,On-Time
107347,2023-04-22,Grocery,3043.4,50.3,Rajshahi,PATHAO,Mobile Banking,3.4,4,0,Delayed
107902,2024-03-05,ELECTRONICS,1319.82,7.0,Dhaka,PATHAO,Mobile Banking,3.3,4,0,On-Time
108030,2023-06-26,Grocery,1092.28,1.8,Dhaka,pathao,Mobile Banking,4.0,1,1,On-Time
100706,2024-01-28,electronics,1387.58,21.5,Chattogram,ecourier,Mobile Banking,4.1,4,1,On-Time
100420,2024-01-09,electronics,1784.23,15.4,Dhaka,S.A. Paribahan,Card,4.3,4,1,Delayed
102275,2024-04-04,Groceries,150.0,11.1,Dhaka,Sundorbon,Cash on Delivery,3.2,3,0,On-Time
101137,2023-01-17,groceries,505.87,23.9,Chattogram,redx,Cash on Delivery,3.5,2,0,Delayed
104986,2024-06-13,electronics,886.94,6.0,Sylhet,pathao,Cash on Delivery,3.7,2,1,On-Time
104023,2024-02-24,home & kitchen,6871.29,4.3,Chattogram,Pathao,Card,3.3,1,0,On-Time
100016,2023-05-21,clothing,3954.15,27.8,Dhaka,PATHAO,Mobile Banking,,3,1,Delayed
100701,2023-06-15,Beauty,549.88,40.4,Sylhet,sa paribahan,Cash on Delivery,4.8,1,0,Cancelled
105584,2024-02-20,home & kitchen,1328.99,15.1,Khulna,ecourier,Mobile Banking,3.8,1,1,On-Time
103704,2023-07-29,Home & Kitchen,471.61,31.5,Khulna,Red X,Mobile Banking,4.8,4,0,On-Time
102323,2024-03-01,home & kitchen,192.37,18.7,Chattogram,Pathao,Cash on Delivery,3.8,1,0,On-Time
107750,2024-02-15,clothing,696.75,9.0,Rajshahi,PATHAO,Cash on Delivery,2.3,3,0,On-Time
102301,2024-12-14,clothing,,9.6,Dhaka,pathao,Cash on Delivery,4.6,4,0,Delayed
107726,2024-08-10,clothing,2512.2,10.9,Chattogram,pathao,Cash on Delivery,4.1,1,0,On-Time
103405,2023-10-30,Clothing,1660.61,1.0,Dhaka,Red X,Cash on Delivery,3.4,4,0,Delayed
105565,2023-03-26,clothing,685.78,18.3,Khulna,Sundorbon,Cash on Delivery,3.7,1,0,Delayed
104836,2024-06-21,home & kitchen,1897.93,3.1,Dhaka,RedX,Mobile Banking,3.2,1,0,On-Time
103400,2024-05-17,groceries,1588.72,25.7,Chattogram,eCourier,Card,3.9,1,1,On-Time
102280,2024-03-04,Clothing,277.84,7.6,Khulna,E-Courier,Cash on Delivery,4.7,4,0,On-Time
104299,2023-06-14,groceries,3211.6,2.8,Sylhet,Sundarban,Cash on Delivery,4.6,2,0,Delayed
100267,2024-08-04,Grocery,777.2,1.0,Dhaka,Red X,Cash on Delivery,5.0,1,0,On-Time
106848,2023-12-11,Electronics,851.24,1.0,Dhaka,PATHAO,Cash on Delivery,4.1,1,1,On-Time
108860,2023-12-09,electronics,5554.11,6.8,Khulna,Red X,Cash on Delivery,4.6,3,0,Delayed
103196,2024-08-18,Home and Kitchen,972.46,47.4,Khulna,Red X,Cash on Delivery,3.8,2,1,Delayed
106895,2024-06-02,clothing,4199.04,41.7,Dhaka,ecourier,Card,4.2,5,1,Delayed
100495,2024-02-04,groceries,2558.48,3.7,Dhaka,RedX,Mobile Banking,4.2,1,1,On-Time
100861,2023-04-05,clothing,935.39,15.3,Dhaka,sundarban,Cash on Delivery,4.1,2,1,On-Time
103572,2023-07-05,groceries,3058.12,8.5,Dhaka,Sundarban,Card,4.5,2,1,On-Time
100703,2023-02-05,Electronics,755.54,36.8,Khulna,E-Courier,Cash on Delivery,5.0,2,0,Delayed
103602,2023-12-19,Home & Kitchen,8311.96,5.1,Rajshahi,Pathao,Card,3.9,1,0,On-Time
102154,2023-07-06,books,1631.57,8.9,Chattogram,E-Courier,Card,4.1,3,0,On-Time
102944,2024-10-26,home & kitchen,150.0,14.0,Dhaka,S.A. Paribahan,Mobile Banking,,1,0,Delayed
101178,2023-09-21,ELECTRONICS,1202.85,32.6,Dhaka,pathao,Mobile Banking,,3,1,Cancelled
103789,2024-04-21,electronics,458.23,6.1,Khulna,Sundorbon,Cash on Delivery,4.9,4,0,Cancelled
108222,2024-01-13,clothing,1055.21,4.3,Dhaka,Pathao,Cash on Delivery,3.8,1,1,On-Time
104171,2023-02-07,books,8864.57,6.0,Dhaka,S.A. Paribahan,Mobile Banking,3.3,2,0,On-Time
104935,2023-04-29,Home & Kitchen,866.11,6.2,Dhaka,SA Paribahan,Mobile Banking,4.8,1,0,On-Time
105157,2023-03-06,ELECTRONICS,380.01,8.1,Chattogram,Sundorbon,Cash on Delivery,4.5,5,1,Delayed
100313,2023-03-07,Grocery,877.68,13.2,Dhaka,S.A. Paribahan,Cash on Delivery,3.3,1,1,Delayed
101645,2024-03-12,Grocery,150.0,15.5,Khulna,SA Paribahan,Cash on Delivery,3.3,2,0,Delayed
100917,2024-10-04,Groceries,5378.28,6.7,Dhaka,S.A. Paribahan,Card,5.0,5,0,On-Time
105014,2024-08-12,beauty,518.3,2.3,Dhaka,Red X,Cash on Delivery,4.2,2,0,On-Time
102837,2023-04-24,Electronics,535.56,58.7,Dhaka,RedX,Card,3.6,2,1,On-Time
105630,2024-08-19,Home and Kitchen,2562.33,,Khulna,redx,Cash on Delivery,2.9,1,0,On-Time
104408,2024-12-24,Books,271.97,11.2,Khulna,redx,Mobile Banking,3.9,1,1,Delayed
101270,2023-06-12,Clothing,174.97,6.0,Khulna,PATHAO,Cash on Delivery,4.3,4,1,On-Time
107790,2023-06-21,Beauty,654.52,28.9,Dhaka,Red X,Mobile Banking,4.9,2,0,On-Time
107377,2024-03-12,home & kitchen,3597.04,64.3,Dhaka,S.A. Paribahan,Cash on Delivery,4.7,3,0,On-Time
107867,2024-03-29,Electronics,2888.46,33.2,Dhaka,pathao,Cash on Delivery,4.7,2,1,Delayed
102329,2024-05-15,electronics,224.26,26.5,Dhaka,Pathao,Card,3.5,2,1,On-Time
102610,2023-12-11,books,150.0,55.9,Chattogram,pathao,Cash on Delivery,4.9,3,0,On-Time
105575,2023-10-13,ELECTRONICS,2681.82,31.2,Sylhet,Sundorbon,Mobile Banking,4.1,2,0,On-Time
103549,2023-10-08,books,5999.7,39.0,Sylhet,Pathao,Cash on Delivery,4.0,2,0,Cancelled
108688,2023-08-14,Electronics,2353.71,20.7,Dhaka,ecourier,Cash on Delivery,3.4,2,0,On-Time
103728,2024-05-03,Clothing,942.01,18.3,Dhaka,Pathao,Card,4.7,1,1,Delayed
103809,2023-12-28,Books,3389.8,1.0,Chattogram,E-Courier,Card,5.0,5,0,On-Time
105233,2023-11-17,Grocery,277.65,4.9,Chattogram,eCourier,Cash on Delivery,4.0,4,0,On-Time
101675,2024-07-15,ELECTRONICS,1364.71,14.1,Dhaka,redx,Cash on Delivery,3.8,2,0,On-Time
102861,2023-02-12,Electronics,444.05,8.4,Chattogram,PATHAO,Cash on Delivery,4.1,4,1,On-Time
101458,2023-08-01,groceries,1776.24,6.9,Rajshahi,RedX,Card,4.5,2,0,On-Time
105698,2024-09-02,clothing,615.48,35.3,Dhaka,Pathao,Cash on Delivery,3.1,3,0,Delayed
106359,2023-01-21,Clothing,4308.87,2.1,Chattogram,RedX,Cash on Delivery,4.0,2,0,On-Time
108412,2023-06-07,Clothing,7803.11,13.4,Chattogram,RedX,Card,3.7,2,0,On-Time
101457,2024-12-24,beauty,1251.21,33.9,Dhaka,redx,Cash on Delivery,3.7,4,0,Delayed
100727,2024-02-01,Groceries,848.59,12.3,Khulna,sundarban,Mobile Banking,4.5,2,1,On-Time
102143,2024-03-30,clothing,150.0,13.8,Khulna,PATHAO,Cash on Delivery,4.9,3,1,On-Time
101793,2024-10-10,electronics,150.0,4.6,Dhaka,RedX,Mobile Banking,4.1,6,1,On-Time
105094,2024-04-13,beauty,150.0,1.0,Dhaka,RedX,Cash on Delivery,4.4,3,1,On-Time
105395,2024-12-12,Books,996.89,52.8,Chattogram,SA Paribahan,Cash on Delivery,4.5,4,0,Delayed
106655,2023-10-22,Groceries,1554.87,3.0,Khulna,PATHAO,Cash on Delivery,4.6,2,1,On-Time
107252,2023-03-31,Electronics,727.36,,Dhaka,ecourier,Cash on Delivery,,2,0,Delayed
108962,2023-03-23,Grocery,4106.19,36.6,Sylhet,redx,Mobile Banking,4.4,1,1,On-Time
100664,2023-12-17,Home & Kitchen,1151.66,13.1,Dhaka,redx,Cash on Delivery,4.2,6,1,On-Time
103785,2023-08-04,Grocery,5012.69,38.2,Sylhet,Sundarban,Cash on Delivery,4.5,4,1,Delayed
101584,2024-11-17,books,2232.16,18.3,Chattogram,sa paribahan,Cash on Delivery,4.3,1,1,Delayed
106937,2024-04-30,Grocery,1498.26,20.4,Chattogram,PATHAO,Cash on Delivery,5.0,5,0,Delayed
106063,2023-06-12,electronics,150.0,15.5,Khulna,pathao,Cash on Delivery,4.0,2,0,Delayed
104874,2023-10-12,Clothing,308.63,21.2,Rajshahi,S.A. Paribahan,Card,3.7,1,0,On-Time
107306,2024-05-24,Grocery,3220.21,4.8,Dhaka,PATHAO,Mobile Banking,5.0,1,1,Delayed
100893,2023-01-11,Electronics,4566.03,24.0,Dhaka,Pathao,Card,5.0,1,1,On-Time
103816,2024-10-26,Home and Kitchen,2431.03,1.9,Dhaka,redx,Cash on Delivery,3.3,1,1,On-Time
104275,2023-01-19,Groceries,389.3,1.0,Dhaka,Pathao,Card,4.7,1,0,On-Time
104172,2023-02-06,clothing,1073.83,26.4,Dhaka,Pathao,Cash on Delivery,3.3,3,1,Delayed
103063,2023-11-21,clothing,6911.52,2.1,Chattogram,RedX,Cash on Delivery,4.7,5,1,Delayed
108779,2024-10-16,Electronics,2050.37,16.5,Dhaka,redx,Cash on Delivery,3.8,3,0,Cancelled
104932,2023-10-05,beauty,271.92,6.6,Chattogram,sundarban,Cash on Delivery,4.6,4,0,Delayed
108106,2024-12-02,Grocery,1922.57,12.8,Sylhet,redx,Cash on Delivery,4.9,2,1,On-Time
100141,2024-02-08,electronics,1082.92,6.3,Khulna,RedX,Card,3.6,1,1,On-Time
107101,2023-03-17,Grocery,1345.75,8.3,Dhaka,S.A. Paribahan,Cash on Delivery,3.7,1,0,Delayed
108284,2023-03-17,clothing,150.0,,Dhaka,Pathao,Mobile Banking,3.2,3,1,On-Time
106584,2024-01-15,Home and Kitchen,1814.81,30.9,Chattogram,PATHAO,Cash on Delivery,3.6,2,0,On-Time
102261,2023-09-02,Home & Kitchen,811.93,10.0,Chattogram,sa paribahan,Cash on Delivery,3.4,3,1,On-Time
101724,2023-05-23,groceries,1852.18,29.7,Dhaka,Red X,Card,4.3,1,1,Delayed
108188,2023-02-03,Clothing,1634.22,18.1,Rajshahi,ecourier,Mobile Banking,4.0,1,1,On-Time
103686,2023-12-28,clothing,1554.97,22.1,Sylhet,Red X,Mobile Banking,4.5,1,0,On-Time
108658,2023-10-07,groceries,3638.32,1.6,Dhaka,pathao,Cash on Delivery,4.3,2,1,On-Time
102454,2023-02-20,Clothing,436.71,12.4,Khulna,sa paribahan,Cash on Delivery,5.0,1,0,Delayed
103338,2024-10-10,ELECTRONICS,1145.45,46.1,Sylhet,redx,Cash on Delivery,4.6,3,1,On-Time
106341,2024-11-22,Grocery,4971.43,46.2,Chattogram,sundarban,Cash on Delivery,3.7,3,1,On-Time
107052,2024-03-12,Home & Kitchen,233.55,1.1,Sylhet,ecourier,Cash on Delivery,5.0,3,0,On-Time
103417,2023-10-02,electronics,1607.69,20.3,Chattogram,sa paribahan,Card,4.4,2,1,On-Time
105089,2024-07-23,clothing,1468.26,4.3,Chattogram,Red X,Card,4.3,1,0,On-Time
102872,2023-09-29,ELECTRONICS,3785.74,39.2,Dhaka,sa paribahan,Cash on Delivery,4.8,3,0,Delayed
101984,2023-08-09,electronics,150.0,3.5,Dhaka,Red X,Cash on Delivery,3.8,3,0,On-Time
106413,2023-05-20,Electronics,909.86,27.7,Sylhet,Red X,Cash on Delivery,2.6,2,0,Cancelled
107969,2023-07-18,Clothing,7613.98,2.8,Dhaka,PATHAO,Card,3.7,3,1,Delayed
107532,2024-04-14,Beauty,150.0,63.0,Sylhet,PATHAO,Cash on Delivery,4.1,2,0,Delayed
100846,2023-06-02,clothing,2059.62,7.3,Dhaka,sa paribahan,Card,3.6,4,1,Delayed
102588,2023-10-20,Clothing,489.12,2.7,Chattogram,SA Paribahan,Card,3.8,1,0,On-Time
105236,2024-10-02,groceries,3173.35,13.8,Dhaka,Pathao,Mobile Banking,4.3,2,1,Delayed
101986,2024-03-13,Electronics,3726.94,11.0,Dhaka,SA Paribahan,Cash on Delivery,,2,0,On-Time
103381,2024-11-26,clothing,575.32,19.0,Dhaka,Pathao,Card,4.6,3,1,On-Time
103552,2024-06-25,clothing,2069.07,15.4,Dhaka,pathao,Cash on Delivery,4.0,5,0,Delayed
104156,2024-02-17,beauty,753.84,7.0,Dhaka,sa paribahan,Mobile Banking,4.4,2,0,Cancelled
105429,2024-11-18,Books,4465.46,17.2,Dhaka,Red X,Cash on Delivery,4.2,1,0,On-Time
101850,2024-05-20,Books,2668.41,1.0,Sylhet,sa paribahan,Cash on Delivery,3.1,4,0,On-Time
106040,2024-04-24,clothing,150.0,1.0,Sylhet,Pathao,Cash on Delivery,4.1,1,1,On-Time
108991,2024-09-18,groceries,2590.92,4.0,Rajshahi,PATHAO,Cash on Delivery,4.1,1,1,Delayed
105029,2023-05-05,clothing,972.24,6.0,Chattogram,Sundarban,Cash on Delivery,4.0,2,0,On-Time
103244,2024-06-26,Clothing,2927.46,8.0,Chattogram,Sundorbon,Cash on Delivery,3.5,3,1,On-Time
101538,2024-05-03,Groceries,1140.44,32.0,Khulna,,Card,4.1,1,0,Delayed
105377,2023-10-25,clothing,880.73,20.1,Dhaka,PATHAO,Mobile Banking,4.2,2,0,Delayed
101854,2023-07-27,groceries,4526.85,10.0,Chattogram,S.A. Paribahan,Cash on Delivery,5.0,1,0,On-Time
108955,2024-10-12,Clothing,2461.97,1.0,Dhaka,pathao,Mobile Banking,2.5,3,1,On-Time
102976,2024-10-13,beauty,2085.86,28.9,Sylhet,E-Courier,Cash on Delivery,5.0,2,0,On-Time
100179,2023-04-25,Clothing,477.66,6.7,Sylhet,E-Courier,Cash on Delivery,3.9,5,1,On-Time
100966,2024-08-25,Electronics,393.51,9.9,Dhaka,PATHAO,Mobile Banking,3.9,2,1,On-Time
103065,2024-01-03,home & kitchen,520.46,51.8,Dhaka,sundarban,Mobile Banking,4.2,1,1,On-Time
103368,2024-12-17,Groceries,1636.55,2.2,Chattogram,Red X,Cash on Delivery,3.0,4,0,Cancelled
104033,2024-05-25,Home and Kitchen,2287.42,23.7,Dhaka,sundarban,Cash on Delivery,4.3,1,0,Delayed
106691,2023-12-27,Beauty,495.07,16.1,Sylhet,ecourier,Card,4.1,1,1,On-Time
103804,2024-04-01,clothing,853.4,5.4,Chattogram,Pathao,Cash on Delivery,3.6,4,0,On-Time
101352,2024-03-26,ELECTRONICS,2909.0,70.5,Dhaka,sundarban,Card,4.5,1,0,Delayed
102640,2024-09-16,Grocery,2433.79,108.0,Khulna,Pathao,Card,3.9,1,1,Cancelled
103698,2023-08-28,beauty,574.58,3.6,Dhaka,RedX,Cash on Delivery,4.2,3,1,On-Time
102740,2023-11-17,electronics,732.37,18.5,Chattogram,pathao,Card,4.2,5,0,On-Time
105635,2024-05-30,Grocery,5160.55,2.3,Dhaka,pathao,Cash on Delivery,4.4,1,0,On-Time
106032,2024-04-18,Books,232.16,26.3,Sylhet,sa paribahan,Cash on Delivery,3.6,5,1,Delayed
101774,2023-03-29,Beauty,150.0,19.3,Rajshahi,RedX,Cash on Delivery,4.4,1,0,On-Time
106494,2023-11-19,groceries,3276.15,14.1,Chattogram,redx,Cash on Delivery,,1,1,On-Time
104972,2023-02-07,clothing,319.37,21.0,Khulna,E-Courier,Card,4.1,4,0,On-Time
101381,2024-08-09,beauty,12636.49,16.2,Khulna,PATHAO,Cash on Delivery,4.6,1,1,On-Time
100892,2024-11-30,Electronics,150.0,4.1,Dhaka,Sundorbon,Cash on Delivery,3.7,4,0,On-Time
106899,2023-08-29,Home and Kitchen,476.1,21.8,Chattogram,,Mobile Banking,4.4,3,0,On-Time
105743,2023-10-29,ELECTRONICS,167.4,50.6,Khulna,pathao,Cash on Delivery,4.7,1,1,On-Time
107634,2024-07-02,groceries,467.94,44.4,Dhaka,redx,Cash on Delivery,3.4,1,0,Delayed
100951,2024-06-14,Home & Kitchen,925.61,1.2,Chattogram,Sundorbon,Mobile Banking,4.3,4,0,Delayed
102193,2023-04-27,home & kitchen,2715.66,13.9,Dhaka,RedX,Mobile Banking,3.6,2,0,On-Time
105640,2023-10-18,Groceries,1396.18,17.8,Rajshahi,sa paribahan,Card,3.9,2,1,Delayed
100531,2023-02-24,clothing,971.56,8.3,Chattogram,Sundarban,Cash on Delivery,5.0,1,1,Delayed
105405,2023-08-15,clothing,1737.24,18.9,Sylhet,redx,Mobile Banking,3.2,1,0,On-Time
101843,2024-07-27,Grocery,332.92,2.0,Rajshahi,redx,Cash on Delivery,4.5,1,1,On-Time
105234,2024-06-18,Home & Kitchen,749.13,4.6,Dhaka,PATHAO,Cash on Delivery,4.5,2,1,Cancelled
103983,2024-08-14,Books,2809.78,9.3,Dhaka,sa paribahan,Card,3.5,3,0,Delayed
101461,2023-08-27,electronics,8143.63,11.4,Chattogram,E-Courier,Cash on Delivery,3.6,4,0,On-Time
100188,2023-09-18,Groceries,374.96,9.5,Dhaka,redx,Cash on Delivery,4.1,1,0,Delayed
106625,2024-06-12,Grocery,150.0,21.6,Khulna,Red X,Cash on Delivery,4.4,3,0,Delayed
104273,2024-06-19,electronics,150.0,9.7,Chattogram,redx,Cash on Delivery,3.1,1,0,On-Time
108294,2024-09-19,Clothing,242.65,16.2,Dhaka,S.A. Paribahan,Mobile Banking,3.3,3,0,On-Time
108327,2024-10-11,Books,771.52,38.6,Khulna,SA Paribahan,Cash on Delivery,3.6,2,0,Delayed
107278,2023-10-09,Grocery,1129.02,16.4,Chattogram,ecourier,Card,3.9,4,0,On-Time
102526,2024-02-27,home & kitchen,2472.97,13.5,Khulna,RedX,Cash on Delivery,4.9,5,1,On-Time
107503,2023-03-10,Books,1059.91,5.9,Rajshahi,pathao,Mobile Banking,3.8,3,0,On-Time
100232,2023-01-14,ELECTRONICS,479.44,4.7,Khulna,PATHAO,Card,3.8,1,1,On-Time
101980,2023-12-13,clothing,1265.1,1.7,Chattogram,redx,Card,4.0,1,0,On-Time
107373,2023-08-01,Grocery,150.0,2.7,Chattogram,E-Courier,Cash on Delivery,3.7,4,1,Delayed
104447,2024-01-26,ELECTRONICS,324.86,12.2,Sylhet,E-Courier,Card,3.8,5,0,On-Time
102959,2023-10-15,clothing,150.0,9.4,Dhaka,sundarban,Card,2.3,2,0,Delayed
105165,2024-05-05,Clothing,2357.78,1.0,Sylhet,sa paribahan,Mobile Banking,3.6,1,0,On-Time
104844,2023-02-08,Beauty,5800.57,20.5,Chattogram,pathao,Card,4.0,4,0,On-Time
107628,2023-09-21,Groceries,995.26,2.8,Dhaka,Sundorbon,Cash on Delivery,3.8,3,0,Delayed
108990,2024-04-07,ELECTRONICS,150.0,22.0,Chattogram,Red X,Mobile Banking,3.7,3,1,On-Time
101095,2024-01-11,Home & Kitchen,1490.6,22.1,Dhaka,eCourier,Cash on Delivery,3.7,3,1,Delayed
106641,2023-07-15,Electronics,276.24,43.8,Dhaka,RedX,Cash on Delivery,4.0,3,0,Delayed
108652,2023-12-14,Clothing,718.46,7.0,Dhaka,sa paribahan,Mobile Banking,3.8,1,0,Delayed
104505,2023-11-09,Home and Kitchen,431.27,4.8,Dhaka,Red X,Cash on Delivery,4.4,1,1,On-Time
101313,2023-10-31,Home and Kitchen,1029.95,4.5,Sylhet,Sundorbon,Mobile Banking,3.5,1,1,On-Time
104947,2024-05-03,home & kitchen,5467.9,15.2,Rajshahi,PATHAO,Cash on Delivery,3.9,3,0,Delayed
108505,2024-07-24,Clothing,1003.83,5.1,Dhaka,Pathao,Mobile Banking,4.6,5,0,Delayed
104014,2023-02-11,Electronics,256.15,43.5,Sylhet,Pathao,Card,4.7,2,1,On-Time
102599,2024-08-13,clothing,3060.79,18.7,Dhaka,Pathao,Cash on Delivery,4.2,1,0,On-Time
105453,2024-12-27,Home & Kitchen,1033.45,1.7,Sylhet,RedX,Mobile Banking,3.7,3,1,On-Time
102404,2024-08-21,Home & Kitchen,2507.39,20.5,Chattogram,RedX,Cash on Delivery,4.6,1,0,Delayed
101509,2024-06-17,electronics,1292.12,1.6,Dhaka,sa paribahan,Cash on Delivery,4.5,2,0,Delayed
105365,2023-12-12,Home and Kitchen,589.24,26.8,Chattogram,SA Paribahan,Card,3.9,1,0,Delayed
107017,2023-12-18,Electronics,,47.1,Chattogram,sa paribahan,Mobile Banking,4.5,1,0,Delayed
101204,2023-03-17,clothing,4965.8,18.1,Dhaka,redx,Cash on Delivery,3.3,2,0,On-Time
107481,2024-12-29,Clothing,1594.3,36.9,Khulna,PATHAO,Mobile Banking,4.8,2,0,Delayed
107237,2023-04-16,Groceries,896.06,12.8,Rajshahi,RedX,Cash on Delivery,4.9,5,1,Delayed
100046,2024-11-11,Home & Kitchen,405.64,19.6,Dhaka,Sundorbon,Cash on Delivery,4.8,2,0,On-Time
106337,2023-08-02,ELECTRONICS,2787.83,1.0,Dhaka,Red X,Card,4.3,2,1,On-Time
100491,2023-06-12,Groceries,1912.66,8.3,Chattogram,pathao,Cash on Delivery,4.0,1,1,Delayed
104453,2023-02-12,home & kitchen,1084.31,2.6,Dhaka,PATHAO,Card,3.8,2,0,Delayed
106970,2024-10-15,Clothing,154.39,13.6,Dhaka,Pathao,Cash on Delivery,4.1,1,0,On-Time
104067,2024-02-06,Groceries,1036.2,17.5,Chattogram,sa paribahan,Card,5.0,2,1,On-Time
107379,2024-11-20,Electronics,3052.19,5.6,Dhaka,redx,Mobile Banking,3.1,4,0,On-Time
104850,2023-05-31,Grocery,161.8,9.3,Dhaka,E-Courier,Cash on Delivery,3.9,2,0,Delayed
102686,2024-08-20,Grocery,1986.63,8.7,Rajshahi,sa paribahan,Cash on Delivery,5.0,4,0,On-Time
108362,2024-08-21,Clothing,2628.23,5.1,Sylhet,redx,Cash on Delivery,3.4,4,0,On-Time
104494,2023-01-17,Electronics,211.08,8.5,Dhaka,Pathao,Cash on Delivery,4.4,4,0,On-Time
100859,2024-09-12,Electronics,1170.03,1.0,Khulna,PATHAO,Cash on Delivery,4.4,2,0,On-Time
106016,2023-07-14,clothing,3451.33,29.9,Dhaka,RedX,Cash on Delivery,3.0,2,1,On-Time
106253,2023-06-30,beauty,1102.83,2.8,Rajshahi,sa paribahan,Cash on Delivery,3.0,3,1,On-Time
101837,2024-09-12,Groceries,895.6,12.3,Dhaka,E-Courier,Card,3.7,2,1,Delayed
103288,2023-01-07,Grocery,188.92,7.0,Chattogram,SA Paribahan,Cash on Delivery,4.5,4,0,On-Time
108559,2023-10-03,Clothing,403.2,9.3,Dhaka,ecourier,Mobile Banking,4.0,5,0,On-Time
104153,2023-07-26,ELECTRONICS,2107.23,9.3,Chattogram,PATHAO,Cash on Delivery,5.0,3,0,On-Time
105517,2023-03-20,Electronics,2373.29,4.6,Khulna,sundarban,Mobile Banking,4.8,4,1,Cancelled
105366,2023-03-04,Groceries,417.52,20.0,Chattogram,Red X,Card,4.4,5,1,On-Time
100553,2024-01-31,Home & Kitchen,2049.69,5.0,Dhaka,RedX,Cash on Delivery,4.4,1,0,On-Time
103654,2023-09-19,books,355.22,2.5,Dhaka,PATHAO,Cash on Delivery,3.7,1,0,On-Time
104049,2024-06-11,beauty,4106.84,1.9,Dhaka,Sundorbon,Cash on Delivery,4.6,3,1,On-Time
105248,2023-05-21,Books,1649.53,25.7,Chattogram,Red X,Cash on Delivery,4.1,2,0,On-Time
102871,2023-02-14,Clothing,5823.38,33.3,Rajshahi,RedX,Mobile Banking,4.6,1,0,On-Time
101117,2023-05-23,Beauty,192.14,14.9,Dhaka,S.A. Paribahan,Mobile Banking,,2,0,Delayed
101416,2023-04-14,beauty,761.05,18.6,Khulna,redx,Card,3.5,1,1,On-Time
100872,2024-08-23,ELECTRONICS,585.26,74.0,Chattogram,SA Paribahan,Cash on Delivery,3.8,1,1,Delayed
108933,2024-05-24,beauty,3282.17,36.4,Chattogram,redx,Mobile Banking,3.9,1,1,Delayed
100882,2023-07-06,Clothing,1018.47,8.7,Dhaka,sundarban,Cash on Delivery,5.0,2,0,On-Time
104976,2023-11-18,Clothing,4113.06,1.0,Dhaka,pathao,Cash on Delivery,5.0,2,0,Delayed
106780,2023-03-05,clothing,2070.57,4.1,Chattogram,PATHAO,Cash on Delivery,3.8,5,1,On-Time
101740,2023-08-04,groceries,296.44,8.3,Dhaka,eCourier,Card,4.4,5,0,Delayed
107121,2023-03-06,clothing,690.42,59.7,Dhaka,E-Courier,Mobile Banking,3.1,1,0,Delayed
105651,2024-01-16,Clothing,161.76,27.8,Chattogram,PATHAO,Cash on Delivery,4.1,2,0,On-Time
108851,2024-03-08,Home & Kitchen,9198.64,28.2,Rajshahi,SA Paribahan,Cash on Delivery,4.0,3,1,On-Time
102054,2024-07-19,beauty,150.0,12.4,Dhaka,pathao,Mobile Banking,4.1,1,0,On-Time
102920,2024-01-04,electronics,1553.7,1.0,Sylhet,pathao,Mobile Banking,3.4,4,1,On-Time
108638,2024-11-05,Clothing,1057.02,13.8,Dhaka,S.A. Paribahan,Cash on Delivery,3.8,2,1,On-Time
108200,2023-10-01,ELECTRONICS,150.0,28.0,Rajshahi,Sundarban,Cash on Delivery,4.0,3,1,Cancelled
100306,2023-02-28,clothing,6436.65,23.8,Khulna,Sundorbon,Cash on Delivery,3.3,5,0,Delayed
106439,2023-07-29,electronics,1762.89,32.9,Dhaka,S.A. Paribahan,Card,3.4,5,0,On-Time
102997,2024-09-19,Groceries,2059.79,24.4,Dhaka,sa paribahan,Cash on Delivery,4.0,1,1,Delayed
108914,2023-12-16,Grocery,1116.51,13.4,Dhaka,RedX,Card,4.9,1,1,On-Time
104117,2024-10-13,Clothing,1653.34,6.5,Dhaka,PATHAO,Cash on Delivery,3.7,4,1,On-Time
103059,2024-06-07,electronics,1260.06,12.0,Sylhet,Red X,Cash on Delivery,4.3,5,0,On-Time
101849,2024-09-13,Books,150.0,15.4,Rajshahi,E-Courier,Cash on Delivery,3.0,3,0,Delayed
102392,2024-05-05,Clothing,3735.63,13.2,Sylhet,redx,Cash on Delivery,4.3,1,1,On-Time
107619,2023-07-15,Grocery,3261.85,8.7,Chattogram,Pathao,Cash on Delivery,3.7,1,0,On-Time
103388,2024-11-10,clothing,267.5,8.6,Rajshahi,Sundorbon,Cash on Delivery,3.6,4,0,Delayed
100811,2023-06-18,Electronics,1368.44,29.2,Chattogram,eCourier,Mobile Banking,4.2,1,1,Delayed
107492,2023-02-12,electronics,1019.02,1.0,Dhaka,sa paribahan,Cash on Delivery,4.7,4,0,On-Time
107674,2023-08-31,Groceries,170.31,9.4,Khulna,Red X,Mobile Banking,5.0,3,0,On-Time
106804,2023-08-29,home & kitchen,2214.31,1.0,Dhaka,pathao,Cash on Delivery,4.5,2,1,On-Time
106501,2024-01-20,Clothing,1727.2,10.4,Rajshahi,pathao,Mobile Banking,4.7,1,0,On-Time
106116,2023-06-17,beauty,669.36,26.8,Dhaka,redx,Cash on Delivery,3.6,1,1,Delayed
107739,2024-11-05,Electronics,1761.3,3.3,Dhaka,Pathao,Cash on Delivery,3.6,1,1,On-Time
107778,2023-03-13,Clothing,169.24,4.1,Dhaka,Pathao,Cash on Delivery,4.6,4,0,On-Time
103053,2023-06-07,clothing,3815.89,4.5,Dhaka,Sundorbon,Mobile Banking,4.2,1,0,On-Time
108204,2024-04-19,beauty,839.94,4.1,Dhaka,pathao,Cash on Delivery,3.8,5,1,On-Time
103078,2024-10-27,Clothing,2589.8,2.7,Chattogram,RedX,Mobile Banking,4.3,1,0,On-Time
104160,2023-09-19,Electronics,828.55,15.0,Dhaka,eCourier,Cash on Delivery,3.2,1,0,Delayed
106516,2023-10-06,groceries,4159.01,1.7,Rajshahi,Pathao,Cash on Delivery,4.7,2,0,On-Time
105713,2024-07-26,Books,1800.62,20.7,Khulna,SA Paribahan,Card,3.8,1,0,On-Time
107514,2024-08-04,Grocery,8279.37,9.6,Dhaka,eCourier,Cash on Delivery,4.1,3,1,On-Time
102878,2024-12-30,clothing,,15.1,Khulna,Sundarban,Cash on Delivery,3.4,2,1,On-Time
102498,2024-10-28,Books,1362.88,19.1,Khulna,eCourier,Card,4.6,2,1,On-Time
107812,2023-09-16,ELECTRONICS,150.0,2.8,Rajshahi,sundarban,Cash on Delivery,4.4,5,1,On-Time
107871,2023-01-03,Clothing,1998.17,6.4,Dhaka,Red X,Cash on Delivery,4.1,4,0,Cancelled
105592,2024-09-09,Books,254.81,38.0,Dhaka,PATHAO,Cash on Delivery,2.9,3,1,Delayed
102832,2023-12-01,Grocery,1169.52,18.8,Chattogram,Red X,Cash on Delivery,3.3,1,0,Delayed
107455,2023-03-04,Electronics,4963.6,6.2,Dhaka,Pathao,Mobile Banking,3.0,1,0,On-Time
104771,2024-03-12,beauty,1634.54,11.1,Sylhet,SA Paribahan,Card,3.9,1,0,On-Time
101225,2024-05-22,Beauty,790.62,4.1,Dhaka,pathao,Mobile Banking,4.2,2,0,On-Time
102868,2023-06-08,clothing,853.55,56.3,Dhaka,S.A. Paribahan,Mobile Banking,3.7,1,0,On-Time
106437,2024-10-27,Home & Kitchen,1035.17,4.7,Dhaka,ecourier,Cash on Delivery,4.3,3,0,On-Time
107003,2023-10-30,ELECTRONICS,3897.76,89.4,Dhaka,SA Paribahan,Cash on Delivery,2.8,3,1,Delayed
106043,2024-08-01,electronics,2862.02,1.0,Chattogram,redx,Cash on Delivery,4.4,2,1,On-Time
107274,2024-07-15,Groceries,3733.07,7.9,Rajshahi,pathao,Cash on Delivery,3.4,5,0,Delayed
105190,2024-09-24,home & kitchen,227.99,20.7,Dhaka,Sundarban,Card,4.0,4,1,On-Time
105433,2023-07-30,home & kitchen,2910.3,68.9,Khulna,Sundarban,Cash on Delivery,5.0,1,1,Delayed
101692,2023-10-17,Home & Kitchen,794.6,4.6,Dhaka,PATHAO,Cash on Delivery,3.8,1,0,Delayed
106676,2023-03-30,ELECTRONICS,2579.38,4.5,Chattogram,Pathao,Cash on Delivery,4.4,2,0,On-Time
106572,2023-12-19,Grocery,150.0,17.0,Dhaka,SA Paribahan,Cash on Delivery,4.3,2,0,On-Time
104939,2024-05-30,electronics,638.15,45.5,Khulna,Red X,Cash on Delivery,3.9,1,1,On-Time
102507,2023-08-15,Grocery,157.21,10.0,Dhaka,ecourier,Cash on Delivery,4.3,5,0,On-Time
105939,2023-02-14,Clothing,2726.83,11.5,Chattogram,S.A. Paribahan,Mobile Banking,4.2,3,0,Delayed
101241,2024-02-20,Clothing,2250.71,3.7,Dhaka,RedX,Cash on Delivery,5.0,4,0,On-Time
105801,2023-06-14,Home & Kitchen,1537.98,12.8,Dhaka,Sundorbon,Cash on Delivery,4.4,4,1,Delayed
108289,2023-04-20,ELECTRONICS,1916.79,6.2,Dhaka,pathao,Cash on Delivery,3.9,3,1,On-Time
102042,2023-06-22,Groceries,1991.1,6.3,Dhaka,Red X,Cash on Delivery,3.7,4,0,Delayed
102772,2023-07-11,ELECTRONICS,1039.79,12.0,Chattogram,Sundorbon,Cash on Delivery,3.7,1,1,On-Time
105571,2024-10-23,Beauty,799.82,19.4,Rajshahi,redx,Mobile Banking,4.4,1,0,Delayed
105747,2024-05-29,Clothing,700.77,74.5,Dhaka,sa paribahan,Card,4.7,2,0,Cancelled
100019,2023-08-20,books,6589.77,12.9,Dhaka,pathao,Card,3.2,5,0,Delayed
107708,2024-10-05,groceries,4157.96,22.2,Khulna,S.A. Paribahan,Card,4.4,6,0,Delayed
103364,2024-09-07,groceries,3564.27,14.4,Khulna,RedX,Cash on Delivery,3.7,1,1,On-Time
102207,2023-04-29,Beauty,1587.43,42.7,Sylhet,Red X,Cash on Delivery,3.4,1,0,On-Time
107909,2024-07-05,Home & Kitchen,195.52,1.0,Sylhet,S.A. Paribahan,Cash on Delivery,5.0,1,1,On-Time
100297,2023-11-19,ELECTRONICS,,7.4,Dhaka,pathao,Cash on Delivery,4.7,4,0,On-Time
101800,2024-05-20,Grocery,1905.81,3.0,Dhaka,SA Paribahan,Mobile Banking,4.4,3,0,Delayed
106768,2024-04-15,clothing,150.0,16.6,Chattogram,PATHAO,Cash on Delivery,4.5,2,0,Delayed
107018,2024-05-25,Home & Kitchen,1215.55,1.0,Chattogram,PATHAO,Cash on Delivery,4.4,2,0,On-Time
100972,2023-12-28,books,368.48,1.5,Sylhet,RedX,Mobile Banking,4.4,1,1,On-Time
102986,2023-05-07,ELECTRONICS,150.0,5.6,Dhaka,PATHAO,Mobile Banking,3.3,1,0,On-Time
105606,2024-02-02,beauty,1445.31,6.0,Chattogram,eCourier,Cash on Delivery,4.8,2,1,On-Time
104640,2024-02-25,home & kitchen,455.92,1.0,Chattogram,Pathao,Cash on Delivery,4.0,3,0,Delayed
101761,2023-06-28,beauty,157.61,1.6,Sylhet,PATHAO,Cash on Delivery,4.6,1,0,On-Time
106095,2023-06-04,Groceries,455.21,22.5,Khulna,eCourier,Cash on Delivery,4.4,1,0,On-Time
105757,2023-05-08,Home & Kitchen,2227.22,4.7,Chattogram,redx,Card,3.7,1,0,On-Time
102828,2023-11-11,Grocery,4556.11,,Dhaka,Pathao,Cash on Delivery,,6,0,On-Time
100134,2024-06-13,groceries,5130.48,6.9,Dhaka,E-Courier,Cash on Delivery,3.6,4,0,On-Time
105030,2024-06-28,Books,700.96,4.0,Chattogram,pathao,Card,4.1,2,0,On-Time
101798,2023-02-06,Electronics,150.0,14.1,Rajshahi,ecourier,Cash on Delivery,3.1,1,0,On-Time
104068,2024-10-30,Home & Kitchen,3911.12,17.4,Sylhet,Red X,Mobile Banking,3.3,3,0,Delayed
101017,2023-12-31,Clothing,4541.56,10.4,Rajshahi,Sundorbon,Cash on Delivery,2.9,1,0,On-Time
100798,2024-02-26,clothing,824.42,73.0,Dhaka,SA Paribahan,Cash on Delivery,3.7,1,0,On-Time
104481,2024-07-11,electronics,836.59,47.9,Dhaka,Red X,Cash on Delivery,5.0,4,0,Delayed
107998,2023-05-31,Clothing,2741.42,4.4,Rajshahi,Red X,Mobile Banking,4.0,2,1,On-Time
104937,2023-01-13,groceries,150.0,36.6,Chattogram,pathao,Cash on Delivery,4.2,1,1,Delayed
108243,2024-12-27,clothing,1141.46,18.2,Rajshahi,SA Paribahan,Cash on Delivery,3.8,3,1,On-Time
101139,2024-05-05,Electronics,1772.26,3.3,Sylhet,sa paribahan,Cash on Delivery,3.6,1,0,Cancelled
105894,2024-09-28,beauty,2493.57,8.1,Dhaka,pathao,Cash on Delivery,4.7,4,1,On-Time
102149,2023-12-01,Clothing,2096.25,17.3,Chattogram,pathao,Card,4.1,1,0,Delayed
102741,2024-08-30,home & kitchen,427.51,46.2,Dhaka,SA Paribahan,Cash on Delivery,4.8,4,0,Delayed
105333,2023-09-23,beauty,523.22,19.2,Chattogram,E-Courier,Mobile Banking,4.3,5,1,On-Time
103544,2024-12-03,Grocery,852.48,11.5,Dhaka,Red X,Cash on Delivery,3.7,1,1,On-Time
106939,2023-04-19,groceries,777.15,8.6,Chattogram,Pathao,Mobile Banking,4.5,5,0,On-Time
104447,2024-01-26,ELECTRONICS,324.86,12.2,Sylhet,E-Courier,Card,3.8,5,0,On-Time
100920,2024-08-16,clothing,517.77,8.7,Chattogram,eCourier,Cash on Delivery,3.2,2,1,On-Time
105632,2024-12-13,groceries,1338.56,21.4,Chattogram,Sundorbon,Mobile Banking,4.3,1,1,Delayed
105080,2023-10-22,Electronics,1527.29,2.6,Dhaka,Red X,Mobile Banking,4.6,2,0,On-Time
100496,2023-10-29,Electronics,1819.02,7.6,Rajshahi,sundarban,Cash on Delivery,4.0,1,0,On-Time
100109,2024-06-02,Groceries,1154.66,10.0,Sylhet,Red X,Cash on Delivery,4.1,1,0,On-Time
104328,2023-03-25,Clothing,150.0,44.0,Dhaka,pathao,Cash on Delivery,4.6,5,0,On-Time
102179,2023-11-10,Grocery,2636.89,26.1,Khulna,Sundarban,Card,5.0,4,1,On-Time
102303,2023-12-15,Groceries,150.0,6.8,Sylhet,PATHAO,Card,4.9,2,0,On-Time
100694,2024-09-30,Electronics,5734.28,3.5,Dhaka,Pathao,Cash on Delivery,4.1,2,0,Delayed
105427,2024-11-01,Electronics,154.04,1.0,Sylhet,Pathao,Card,3.7,1,0,On-Time
101112,2023-12-31,groceries,600.1,35.7,Sylhet,pathao,Cash on Delivery,3.5,1,1,Delayed
103500,2024-02-01,Electronics,1198.84,29.2,Rajshahi,pathao,Mobile Banking,4.1,5,0,On-Time
108910,2023-12-14,Electronics,5694.47,16.0,Dhaka,Sundorbon,Card,4.1,4,0,On-Time
101475,2023-10-26,clothing,4033.04,87.3,Chattogram,PATHAO,Cash on Delivery,3.9,1,0,On-Time
104486,2024-08-25,beauty,3329.66,7.2,Rajshahi,SA Paribahan,Cash on Delivery,,2,0,On-Time
101327,2024-01-29,clothing,1033.5,5.2,Dhaka,redx,Card,4.4,4,1,On-Time
101693,2023-07-02,electronics,304.74,7.0,Sylhet,sundarban,Card,4.7,2,1,On-Time
104633,2023-11-13,clothing,1855.11,34.0,Rajshahi,E-Courier,Cash on Delivery,5.0,2,1,Delayed
103726,2024-08-23,beauty,1970.17,31.0,Khulna,E-Courier,Mobile Banking,3.1,5,0,Delayed
104963,2024-02-05,Electronics,1093.33,7.6,Dhaka,Sundorbon,Card,3.6,2,1,On-Time
102646,2024-03-09,Electronics,176.9,11.6,Dhaka,PATHAO,Mobile Banking,4.0,1,1,Delayed
106373,2023-07-10,Groceries,501.03,10.3,Rajshahi,eCourier,Mobile Banking,3.7,3,1,On-Time
104746,2024-08-15,Clothing,2543.41,11.4,Khulna,RedX,Card,3.7,5,0,Delayed
106596,2023-04-01,ELECTRONICS,160.08,53.8,Dhaka,RedX,Card,3.4,1,0,Delayed
105312,2024-11-16,beauty,897.05,19.9,Dhaka,sundarban,Cash on Delivery,4.5,2,1,On-Time
108972,2023-07-09,Electronics,373.85,5.5,Dhaka,PATHAO,Mobile Banking,4.6,4,1,On-Time
106316,2023-06-03,Beauty,2102.68,33.8,Dhaka,RedX,Cash on Delivery,3.4,3,1,Delayed
100389,2024-09-16,home & kitchen,3256.19,10.9,Dhaka,redx,Mobile Banking,5.0,4,1,On-Time
104705,2023-07-01,beauty,1761.04,39.2,Khulna,S.A. Paribahan,Cash on Delivery,4.7,1,0,On-Time
104764,2024-08-07,books,3429.87,16.1,Dhaka,E-Courier,Cash on Delivery,4.1,3,0,Delayed
100193,2024-04-14,Beauty,3907.11,11.3,Rajshahi,Red X,Mobile Banking,4.2,2,0,On-Time
100429,2024-03-04,Grocery,968.58,8.9,Dhaka,Sundarban,Cash on Delivery,3.8,2,1,Cancelled
101276,2023-04-19,Electronics,3778.72,5.7,Chattogram,Red X,Mobile Banking,3.5,1,0,Delayed
101842,2023-01-07,Grocery,321.93,8.2,Rajshahi,S.A. Paribahan,Cash on Delivery,4.7,4,1,Delayed
103751,2024-07-26,Books,3160.16,4.0,Dhaka,PATHAO,Card,4.0,5,1,On-Time
107669,2024-09-10,groceries,1059.2,40.5,Sylhet,pathao,Card,3.8,1,0,Delayed
105327,2023-05-24,Electronics,3183.12,5.8,Dhaka,pathao,Cash on Delivery,,1,0,On-Time
105432,2024-02-13,Groceries,2610.47,37.1,Khulna,S.A. Paribahan,Cash on Delivery,3.5,2,0,On-Time
103416,2023-08-19,Clothing,1225.32,9.1,Dhaka,S.A. Paribahan,Card,3.4,2,0,On-Time
102585,2023-09-15,clothing,5978.29,15.7,Rajshahi,sundarban,Cash on Delivery,4.4,4,0,Delayed
107314,2024-11-12,Electronics,7595.12,21.9,Khulna,sa paribahan,Card,2.8,4,1,On-Time
100935,2023-05-24,Beauty,1126.76,14.6,Dhaka,redx,Cash on Delivery,3.6,1,0,On-Time
103658,2024-07-24,Home and Kitchen,3155.05,11.5,Dhaka,PATHAO,Cash on Delivery,4.2,5,0,On-Time
103465,2023-04-30,Grocery,2264.68,5.8,Dhaka,redx,Mobile Banking,3.7,3,0,On-Time
104318,2024-03-21,clothing,5919.28,17.7,Dhaka,RedX,Cash on Delivery,4.5,3,0,On-Time
101784,2023-09-04,groceries,5164.7,12.0,Dhaka,PATHAO,Cash on Delivery,3.7,2,1,Delayed
100512,2024-07-19,Grocery,329.84,8.8,Dhaka,Red X,Cash on Delivery,4.2,2,1,Delayed
100559,2024-11-24,Clothing,5931.13,4.3,Chattogram,pathao,Mobile Banking,4.1,2,0,On-Time
103498,2024-04-23,clothing,3987.84,6.8,Chattogram,Red X,Cash on Delivery,4.2,1,1,On-Time
108936,2023-10-29,Groceries,1237.17,3.7,Dhaka,E-Courier,Card,3.0,2,1,On-Time
100314,2023-01-29,electronics,1427.32,10.3,Dhaka,PATHAO,Card,3.3,3,1,On-Time
104000,2024-05-11,Home & Kitchen,1190.14,1.5,Dhaka,redx,Card,5.0,1,1,Delayed
103793,2024-01-27,electronics,1440.43,17.2,Chattogram,redx,Cash on Delivery,3.4,2,1,On-Time
102946,2024-07-05,beauty,1849.54,1.0,Dhaka,S.A. Paribahan,Cash on Delivery,3.7,1,0,Delayed
104208,2024-07-04,Groceries,2050.6,4.4,Chattogram,S.A. Paribahan,Mobile Banking,,1,0,Delayed
103130,2023-06-26,Groceries,684.23,4.6,Dhaka,sundarban,Cash on Delivery,2.9,2,0,On-Time
108866,2024-07-20,Home and Kitchen,1124.16,9.4,Chattogram,RedX,Card,3.8,1,1,On-Time
104838,2023-02-26,clothing,2016.51,3.2,Rajshahi,pathao,Cash on Delivery,5.0,3,1,On-Time
102700,2023-10-09,Home and Kitchen,329.32,3.5,Khulna,PATHAO,Cash on Delivery,4.3,2,0,On-Time
105731,2024-11-26,Electronics,2718.41,22.6,Dhaka,E-Courier,Mobile Banking,3.6,3,0,On-Time
107229,2024-05-15,clothing,670.36,31.7,Khulna,Sundarban,Cash on Delivery,3.7,3,0,Delayed
105384,2023-05-15,electronics,2540.9,,Khulna,pathao,Card,4.7,2,0,On-Time
101568,2023-05-22,Groceries,2682.54,6.5,Dhaka,S.A. Paribahan,Cash on Delivery,4.0,1,0,On-Time
102574,2023-06-30,Beauty,514.05,10.7,Khulna,RedX,Mobile Banking,4.1,2,1,On-Time
108377,2024-06-05,Clothing,972.35,1.0,Khulna,RedX,Cash on Delivery,3.3,4,0,On-Time
100378,2023-10-09,Grocery,1899.13,5.5,Chattogram,redx,Card,4.3,1,1,Delayed
103955,2024-09-08,beauty,5252.02,25.3,Dhaka,Red X,Cash on Delivery,3.7,2,1,On-Time
100898,2023-12-24,Clothing,1052.53,13.0,Chattogram,PATHAO,Cash on Delivery,4.5,4,0,On-Time
103876,2024-12-27,Clothing,424.8,4.4,Sylhet,PATHAO,Cash on Delivery,5.0,2,0,On-Time
101716,2023-01-21,electronics,3013.35,6.6,Dhaka,Red X,Card,3.3,2,0,On-Time
107912,2023-10-12,Clothing,948.75,13.3,Sylhet,RedX,Mobile Banking,2.9,1,1,Delayed
108060,2023-04-20,beauty,4835.87,7.2,Dhaka,ecourier,Card,4.2,3,0,Cancelled
102528,2023-12-08,ELECTRONICS,150.0,6.6,Khulna,Pathao,Mobile Banking,5.0,2,0,On-Time
104129,2023-06-27,Home and Kitchen,3670.1,14.2,Dhaka,SA Paribahan,Cash on Delivery,4.7,4,0,Delayed
104870,2023-05-30,ELECTRONICS,1420.84,5.1,Sylhet,PATHAO,Cash on Delivery,3.8,1,0,On-Time
101470,2023-03-08,Home & Kitchen,2795.54,17.9,Dhaka,E-Courier,Mobile Banking,5.0,3,0,On-Time
107155,2023-11-19,Clothing,497.49,3.5,Dhaka,Sundorbon,Cash on Delivery,5.0,5,0,On-Time
107367,2023-10-19,Home & Kitchen,1574.18,8.5,Sylhet,PATHAO,Cash on Delivery,4.7,8,0,Delayed
108084,2024-04-25,Clothing,1301.31,3.5,Dhaka,S.A. Paribahan,Cash on Delivery,2.9,1,0,Delayed
100340,2023-05-26,Clothing,1832.94,8.8,Dhaka,Sundarban,Cash on Delivery,5.0,4,0,On-Time
105086,2024-08-01,ELECTRONICS,1489.89,16.1,Sylhet,Pathao,Card,4.0,2,0,On-Time
104831,2023-11-29,clothing,760.59,14.6,Chattogram,Pathao,Cash on Delivery,4.8,2,1,On-Time
108250,2024-12-19,Groceries,398.45,14.5,Dhaka,RedX,Cash on Delivery,3.4,4,0,Delayed
102492,2024-04-20,Books,353.44,17.5,Chattogram,SA Paribahan,Cash on Delivery,4.9,2,0,On-Time
102335,2024-12-11,home & kitchen,5979.96,7.0,Khulna,RedX,Cash on Delivery,4.1,3,0,On-Time
100717,2023-10-25,Home and Kitchen,646.67,19.5,Dhaka,Sundarban,Card,3.6,4,1,Delayed
101309,2024-03-24,books,2820.23,3.9,Khulna,ecourier,Mobile Banking,3.2,1,0,Delayed
102458,2023-03-11,home & kitchen,480.15,3.6,Rajshahi,Red X,Mobile Banking,3.4,2,1,On-Time
100456,2024-05-14,electronics,760.84,49.2,Dhaka,pathao,Card,4.2,2,0,On-Time
104823,2024-09-18,Clothing,150.0,12.8,Dhaka,Red X,Card,3.6,2,0,On-Time
103537,2023-01-02,Home & Kitchen,1632.48,4.5,Chattogram,ecourier,Mobile Banking,4.4,1,0,Delayed
101402,2023-05-25,Home & Kitchen,3173.32,1.0,Dhaka,sundarban,Cash on Delivery,4.6,3,1,On-Time
106187,2024-12-04,Electronics,520.68,65.6,Chattogram,redx,Cash on Delivery,3.9,2,0,On-Time
101539,2023-02-22,Clothing,3506.58,7.5,Dhaka,PATHAO,Cash on Delivery,3.5,1,1,On-Time
103945,2023-05-20,electronics,966.74,12.9,Chattogram,eCourier,Cash on Delivery,4.5,5,0,Cancelled
105872,2023-06-13,Books,10794.36,1.3,Khulna,sa paribahan,Cash on Delivery,5.0,3,0,On-Time
102063,2023-08-30,clothing,1542.59,4.0,Chattogram,sundarban,Card,,6,0,Delayed
103258,2024-12-06,Clothing,2960.89,17.9,Khulna,pathao,Card,5.0,3,0,On-Time
108259,2024-06-12,Clothing,546.91,42.0,Dhaka,PATHAO,Mobile Banking,3.6,1,0,On-Time
101795,2024-04-14,groceries,1483.05,18.9,Khulna,sundarban,Mobile Banking,4.9,4,1,Delayed
103227,2023-11-19,electronics,573.55,31.8,Dhaka,Pathao,Cash on Delivery,4.4,2,0,On-Time
103019,2024-09-21,Grocery,741.13,21.1,Khulna,sa paribahan,Mobile Banking,4.8,1,0,On-Time
107146,2023-04-13,Home and Kitchen,686.33,4.9,Rajshahi,SA Paribahan,Cash on Delivery,3.8,1,0,On-Time
107834,2024-07-02,beauty,392.15,8.2,Khulna,PATHAO,Cash on Delivery,2.2,1,1,On-Time
101763,2023-01-18,Beauty,4315.79,19.4,Dhaka,redx,Mobile Banking,3.8,2,0,On-Time
105665,2023-02-19,Clothing,423.43,14.7,Sylhet,Pathao,Mobile Banking,4.6,1,0,On-Time
108072,2024-06-10,beauty,1007.22,15.8,Khulna,Sundorbon,Card,4.1,2,0,Delayed
108172,2023-01-12,clothing,1228.94,10.5,Sylhet,S.A. Paribahan,Mobile Banking,4.2,5,1,On-Time
107335,2023-01-09,books,922.0,18.3,Dhaka,Sundarban,Cash on Delivery,3.2,2,0,On-Time
105933,2023-03-08,groceries,1081.91,,Dhaka,PATHAO,Cash on Delivery,4.3,2,1,On-Time
108484,2024-03-10,home & kitchen,473.89,1.0,Chattogram,sundarban,Mobile Banking,3.6,2,1,On-Time
107411,2024-08-25,Beauty,2117.33,19.4,Chattogram,sundarban,Mobile Banking,,3,1,Delayed
100369,2023-01-13,Grocery,2244.83,5.4,Dhaka,sa paribahan,Cash on Delivery,3.7,4,1,On-Time
105257,2024-02-21,clothing,2088.41,22.5,Chattogram,ecourier,Cash on Delivery,4.5,3,0,On-Time
105498,2024-01-02,Home & Kitchen,382.43,27.8,Dhaka,ecourier,Cash on Delivery,4.0,3,1,On-Time
106605,2023-10-18,groceries,3652.65,3.9,Chattogram,PATHAO,Cash on Delivery,4.1,2,0,On-Time
103265,2023-12-26,Clothing,3688.76,21.8,Dhaka,Red X,Card,4.1,2,0,On-Time
106002,2024-06-05,Home & Kitchen,1595.47,12.2,Chattogram,pathao,Cash on Delivery,4.4,8,0,On-Time
108354,2024-05-04,groceries,764.33,6.1,Chattogram,Red X,Cash on Delivery,3.7,1,1,Delayed
102111,2024-05-21,Home & Kitchen,1140.86,2.4,Dhaka,RedX,Mobile Banking,4.7,3,0,On-Time
102784,2024-07-21,Home and Kitchen,931.9,15.6,Khulna,Sundarban,Mobile Banking,4.0,2,0,Delayed
105820,2023-07-26,clothing,858.86,48.9,Dhaka,Pathao,Card,5.0,2,0,Delayed
108708,2024-01-17,Groceries,452.99,1.5,Dhaka,E-Courier,Cash on Delivery,3.7,2,0,On-Time
103205,2024-06-23,electronics,980.54,44.5,Sylhet,Sundarban,Card,4.8,3,0,On-Time
108061,2024-01-02,Electronics,150.0,74.0,Chattogram,E-Courier,Cash on Delivery,5.0,4,0,Delayed
105557,2024-01-07,beauty,785.66,18.6,Chattogram,Pathao,Mobile Banking,4.6,3,1,On-Time
107225,2024-08-30,electronics,212.13,31.7,Sylhet,Pathao,Cash on Delivery,4.3,2,0,On-Time
101205,2023-03-21,clothing,357.82,8.0,Dhaka,S.A. Paribahan,Cash on Delivery,4.3,2,0,On-Time
100301,2023-03-17,Home and Kitchen,6999.76,25.0,Chattogram,eCourier,Card,3.7,2,0,On-Time
103790,2023-11-26,Electronics,2685.94,22.6,Dhaka,pathao,Cash on Delivery,5.0,1,1,On-Time
100202,2023-07-26,Electronics,1741.98,25.0,Sylhet,Sundorbon,Cash on Delivery,4.1,3,1,On-Time
106485,2024-08-25,ELECTRONICS,525.16,38.5,Dhaka,pathao,Cash on Delivery,2.5,1,0,Delayed
104667,2023-06-07,ELECTRONICS,1278.95,1.8,Dhaka,eCourier,Mobile Banking,5.0,1,0,Delayed
100722,2024-12-19,Grocery,3175.71,3.3,Dhaka,RedX,Cash on Delivery,3.7,2,0,On-Time
101723,2024-10-22,home & kitchen,2460.2,2.7,Dhaka,S.A. Paribahan,Cash on Delivery,4.3,1,0,Delayed
101181,2024-07-03,ELECTRONICS,2922.52,17.3,Khulna,RedX,Card,2.7,2,0,Delayed
107848,2023-07-21,Home & Kitchen,2230.51,14.4,Chattogram,PATHAO,Cash on Delivery,3.5,7,0,Delayed
103247,2023-10-10,ELECTRONICS,1541.42,29.0,Dhaka,redx,Cash on Delivery,5.0,1,0,Delayed
102553,2024-10-09,Grocery,1343.29,25.0,Rajshahi,E-Courier,Card,3.3,3,1,Delayed
107567,2023-08-17,Grocery,418.42,44.7,Dhaka,Sundarban,Mobile Banking,4.0,2,0,Delayed
100100,2024-10-22,Beauty,150.0,1.0,Khulna,sa paribahan,Cash on Delivery,3.7,1,0,Delayed
103681,2024-01-11,Books,1410.77,,Dhaka,Red X,Card,3.2,4,0,Delayed
101573,2024-01-15,ELECTRONICS,1561.05,8.3,Sylhet,Sundarban,Cash on Delivery,4.4,1,0,On-Time
106942,2023-10-21,Beauty,150.0,43.7,Dhaka,pathao,Cash on Delivery,4.0,6,0,Delayed
100411,2023-07-20,ELECTRONICS,538.77,40.5,Khulna,sundarban,Cash on Delivery,3.4,1,0,On-Time
102016,2023-02-17,Clothing,493.44,16.4,Rajshahi,eCourier,Cash on Delivery,4.9,3,0,On-Time
104434,2023-03-11,Clothing,5436.65,15.0,Chattogram,eCourier,Cash on Delivery,3.6,1,1,Delayed
108743,2024-07-15,Beauty,2429.98,44.2,Dhaka,Red X,Cash on Delivery,3.6,1,0,Cancelled
105187,2023-03-21,Home and Kitchen,1036.66,15.2,Khulna,Sundarban,Cash on Delivery,4.0,2,0,On-Time
101655,2024-06-12,Electronics,3188.1,25.8,Chattogram,E-Courier,Cash on Delivery,3.7,5,0,On-Time
107881,2023-02-17,beauty,853.17,2.8,Chattogram,ecourier,Card,3.1,2,1,On-Time
103847,2024-02-29,ELECTRONICS,1657.35,5.8,Dhaka,RedX,Mobile Banking,4.9,1,1,On-Time
103436,2023-03-15,Beauty,416.62,17.9,Khulna,RedX,Card,4.4,3,1,On-Time
108531,2024-01-04,groceries,150.0,1.0,Dhaka,Pathao,Cash on Delivery,4.2,5,0,On-Time
108359,2023-04-03,Clothing,1277.64,40.3,Dhaka,PATHAO,Cash on Delivery,4.7,1,1,On-Time
108174,2023-08-31,books,497.31,2.4,Dhaka,sundarban,Card,4.6,4,0,On-Time
101440,2023-10-31,clothing,4399.22,15.4,Khulna,SA Paribahan,Cash on Delivery,4.0,1,1,On-Time
102788,2024-12-01,ELECTRONICS,7468.85,7.8,Rajshahi,eCourier,Card,3.8,1,0,Delayed
104819,2023-01-13,Grocery,1086.35,10.0,Dhaka,RedX,Mobile Banking,3.9,2,1,Delayed
102185,2024-09-28,electronics,2199.84,5.7,Chattogram,S.A. Paribahan,Card,3.6,3,0,Cancelled
102073,2023-03-13,clothing,2735.79,5.7,Khulna,RedX,Cash on Delivery,4.1,1,0,On-Time
104015,2024-05-16,Clothing,1041.6,7.1,Khulna,Sundorbon,Cash on Delivery,2.8,2,0,Delayed
103486,2023-11-05,Electronics,4091.9,2.8,Rajshahi,Sundorbon,Mobile Banking,3.8,1,0,Delayed
107743,2024-02-20,groceries,3677.73,1.2,Rajshahi,ecourier,Card,4.1,3,0,On-Time
106057,2023-03-10,home & kitchen,152.39,3.3,Dhaka,pathao,Cash on Delivery,3.4,2,1,On-Time
100572,2024-04-05,Electronics,544.35,20.0,Khulna,Red X,Card,3.8,3,0,Delayed
106894,2024-10-27,clothing,1416.92,12.0,Dhaka,PATHAO,Cash on Delivery,3.9,1,1,On-Time
108784,2024-08-22,Grocery,9440.71,36.4,Dhaka,S.A. Paribahan,Cash on Delivery,4.0,4,0,On-Time
104809,2023-11-26,Groceries,339.8,8.1,Chattogram,Sundorbon,Mobile Banking,4.4,3,0,Delayed
101714,2024-03-16,Electronics,150.0,9.7,Dhaka,Pathao,Card,3.0,1,0,On-Time
104461,2024-01-24,clothing,5579.52,7.6,Sylhet,eCourier,Mobile Banking,4.8,5,0,On-Time
100255,2024-10-01,electronics,1188.37,32.1,Dhaka,Red X,Mobile Banking,4.3,2,0,On-Time
103116,2023-03-30,ELECTRONICS,2349.49,11.3,Dhaka,pathao,Cash on Delivery,4.5,1,0,On-Time
108742,2024-07-29,Home & Kitchen,1888.03,1.1,Dhaka,PATHAO,Card,5.0,2,0,On-Time
100494,2024-10-25,groceries,150.0,20.8,Dhaka,PATHAO,Cash on Delivery,4.0,3,0,On-Time
107134,2023-10-07,Beauty,1038.73,4.7,Dhaka,sa paribahan,Mobile Banking,3.7,1,1,Delayed
103336,2024-11-29,Groceries,150.0,1.0,Dhaka,sa paribahan,Cash on Delivery,4.6,1,0,On-Time
102800,2024-08-13,Clothing,1048.7,31.7,Dhaka,Red X,Mobile Banking,4.2,1,0,Delayed
101444,2023-02-02,Grocery,1111.93,18.8,Khulna,SA Paribahan,Card,5.0,3,1,On-Time
107711,2024-09-10,Groceries,976.9,15.8,Chattogram,redx,Cash on Delivery,4.0,1,0,On-Time
108807,2024-01-20,Clothing,624.16,63.0,Chattogram,PATHAO,Cash on Delivery,3.8,4,1,Delayed
105797,2023-05-16,clothing,4746.12,3.6,Chattogram,Red X,Cash on Delivery,4.8,2,1,On-Time
105025,2023-10-04,electronics,3259.47,37.8,Khulna,PATHAO,Cash on Delivery,3.9,4,1,Delayed
108227,2024-01-09,Electronics,964.05,21.1,Dhaka,RedX,Cash on Delivery,4.4,2,0,Delayed
103437,2023-07-18,Beauty,299.72,28.7,Khulna,PATHAO,Mobile Banking,4.3,4,0,On-Time
101311,2024-02-24,beauty,713.55,18.5,Chattogram,pathao,Card,3.9,3,0,On-Time
108640,2024-12-26,Groceries,864.19,3.1,Rajshahi,PATHAO,Card,4.5,1,0,On-Time
105947,2024-05-14,ELECTRONICS,518.69,1.0,Chattogram,pathao,Cash on Delivery,4.5,1,0,On-Time
102641,2023-04-07,electronics,1494.91,14.8,Dhaka,Sundarban,Cash on Delivery,4.9,2,1,On-Time
106803,2023-12-01,Clothing,332.01,13.9,Dhaka,pathao,Mobile Banking,3.3,1,0,Delayed
103616,2023-11-24,clothing,3232.98,3.4,Dhaka,E-Courier,Cash on Delivery,4.1,4,0,On-Time
106467,2024-08-09,home & kitchen,4573.14,32.6,Dhaka,pathao,Cash on Delivery,4.7,3,1,Delayed
108758,2024-05-24,home & kitchen,1355.91,,Chattogram,,Mobile Banking,3.9,1,1,Delayed
101473,2024-04-25,Electronics,2401.93,39.9,Khulna,RedX,Cash on Delivery,4.5,1,0,Delayed
107230,2023-08-08,electronics,167.14,,Dhaka,ecourier,Mobile Banking,5.0,4,1,On-Time
106536,2023-08-15,Books,150.0,2.3,Khulna,eCourier,Cash on Delivery,3.2,5,0,On-Time
108062,2024-11-20,beauty,385.3,60.7,Rajshahi,sa paribahan,Cash on Delivery,4.2,5,0,On-Time
108155,2024-05-15,electronics,3100.55,15.7,Dhaka,Pathao,Cash on Delivery,5.0,5,1,Delayed
103017,2024-11-18,Groceries,4325.33,13.1,Khulna,Sundarban,Cash on Delivery,2.9,1,1,On-Time
107698,2024-07-17,Clothing,1532.58,2.8,Dhaka,RedX,Cash on Delivery,3.7,2,1,On-Time
100450,2023-06-23,electronics,845.39,52.9,Dhaka,RedX,Mobile Banking,5.0,2,1,On-Time
107374,2024-02-29,Beauty,826.82,2.6,Dhaka,Red X,Cash on Delivery,4.5,1,0,On-Time
101141,2024-07-01,Home and Kitchen,1825.44,23.2,Dhaka,PATHAO,Card,4.2,3,1,On-Time
107637,2023-09-08,Groceries,1162.49,10.5,Chattogram,Red X,Cash on Delivery,3.7,2,1,Delayed
104331,2024-02-12,Home and Kitchen,642.95,41.1,Dhaka,Sundorbon,Card,4.8,1,0,Delayed
104691,2024-04-14,Books,617.6,15.5,Dhaka,Red X,Cash on Delivery,4.3,5,0,On-Time
100372,2023-03-01,Groceries,3048.06,,Chattogram,sa paribahan,Card,3.5,1,0,On-Time
102118,2023-01-17,Home and Kitchen,1432.87,17.7,Sylhet,S.A. Paribahan,Mobile Banking,5.0,2,1,On-Time
103998,2024-07-05,Beauty,1096.1,44.1,Rajshahi,redx,Cash on Delivery,3.8,1,1,Delayed
108602,2024-12-26,Home & Kitchen,2365.71,4.7,Chattogram,Red X,Mobile Banking,4.4,2,1,On-Time
104966,2024-10-21,Electronics,1933.91,28.7,Dhaka,RedX,Mobile Banking,3.8,6,1,Delayed
105821,2024-03-10,clothing,150.0,1.0,Dhaka,Pathao,Cash on Delivery,4.8,1,0,On-Time
102913,2024-11-14,clothing,1695.6,2.0,Sylhet,Sundarban,Mobile Banking,4.6,3,1,On-Time
105041,2023-04-15,groceries,1461.95,29.8,Chattogram,Red X,Card,4.5,1,1,Delayed
107137,2023-04-18,Home & Kitchen,1831.24,14.2,Sylhet,redx,Card,3.8,2,1,On-Time
105444,2023-01-23,Home and Kitchen,3228.41,29.9,Chattogram,Sundorbon,Mobile Banking,3.9,2,1,Delayed
104162,2023-02-28,Books,2683.87,46.9,Sylhet,sa paribahan,Mobile Banking,4.2,3,0,Delayed
101852,2023-09-12,Grocery,1234.74,26.3,Dhaka,redx,Cash on Delivery,4.7,1,0,Delayed
107700,2024-01-26,ELECTRONICS,1013.15,1.0,Chattogram,Pathao,Cash on Delivery,4.1,1,0,Delayed
102031,2024-03-27,groceries,1236.84,4.8,Dhaka,ecourier,Card,4.3,2,1,On-Time
104906,2024-10-12,Clothing,728.4,11.2,Rajshahi,Sundorbon,Cash on Delivery,5.0,2,0,On-Time
100788,2024-08-08,Beauty,7932.76,7.6,Dhaka,Pathao,Cash on Delivery,3.8,2,1,Delayed
103398,2023-05-23,Home and Kitchen,910.8,5.1,Chattogram,S.A. Paribahan,Cash on Delivery,3.3,3,0,On-Time
108999,2024-05-19,Electronics,3145.94,3.9,Khulna,E-Courier,Card,5.0,1,1,On-Time
102798,2023-12-10,beauty,369.07,11.1,Chattogram,redx,Cash on Delivery,3.3,4,1,On-Time
103528,2023-04-06,Beauty,1240.91,1.0,Chattogram,Sundorbon,Cash on Delivery,3.6,2,0,Delayed
104173,2023-03-05,Clothing,2961.19,1.3,Rajshahi,Pathao,Cash on Delivery,4.3,2,0,On-Time
103190,2023-03-25,Electronics,3775.51,23.0,Dhaka,redx,Cash on Delivery,4.6,2,1,On-Time
108038,2024-10-19,Beauty,150.0,23.8,Chattogram,Pathao,Cash on Delivery,3.9,3,0,On-Time
108291,2023-08-06,electronics,598.72,24.4,Khulna,RedX,Mobile Banking,,3,1,On-Time
100358,2024-07-21,Clothing,150.0,19.9,Dhaka,redx,Cash on Delivery,3.7,2,1,Delayed
106383,2024-05-01,Home and Kitchen,2472.69,12.8,Dhaka,S.A. Paribahan,Cash on Delivery,3.2,3,1,On-Time
103055,2023-09-11,beauty,851.59,2.3,Rajshahi,Pathao,Mobile Banking,3.6,6,0,On-Time
108932,2024-07-18,beauty,1432.65,9.6,Khulna,redx,Cash on Delivery,4.2,1,1,On-Time
102916,2023-10-05,clothing,1949.06,2.0,Sylhet,sundarban,Cash on Delivery,,6,0,On-Time
108678,2023-09-11,Electronics,150.0,3.6,Chattogram,Pathao,Cash on Delivery,4.6,5,0,Delayed
103976,2024-11-24,Groceries,1299.26,29.5,Sylhet,pathao,Mobile Banking,5.0,3,1,On-Time
103719,2024-09-27,clothing,1491.64,19.5,Sylhet,eCourier,Cash on Delivery,4.2,1,0,On-Time
105663,2024-02-01,electronics,3460.07,1.0,Dhaka,Red X,Cash on Delivery,3.7,1,0,On-Time
100350,2024-02-22,Books,1864.58,19.8,Dhaka,eCourier,Cash on Delivery,4.3,1,1,On-Time
100904,2023-04-23,Beauty,1407.71,21.1,Sylhet,E-Courier,Cash on Delivery,5.0,5,0,On-Time
104830,2023-01-14,clothing,1994.51,5.4,Dhaka,Red X,Cash on Delivery,4.0,2,1,On-Time
100944,2024-01-15,clothing,189.41,,Dhaka,redx,Cash on Delivery,4.1,1,1,On-Time
103721,2024-07-29,groceries,457.73,21.4,Dhaka,PATHAO,Card,2.7,2,0,On-Time
105924,2024-01-29,home & kitchen,326.7,31.9,Sylhet,redx,Cash on Delivery,4.5,3,0,On-Time
107262,2024-10-26,Electronics,1914.4,2.1,Dhaka,S.A. Paribahan,Cash on Delivery,,7,0,Delayed
105682,2024-01-31,Electronics,759.08,5.3,Dhaka,PATHAO,Card,3.6,2,0,On-Time
100370,2023-11-24,Beauty,2582.64,3.7,Dhaka,PATHAO,Card,3.0,3,1,On-Time
101552,2024-09-25,books,4279.46,10.4,Chattogram,S.A. Paribahan,Cash on Delivery,3.8,3,1,On-Time
108799,2024-07-24,Clothing,2332.61,37.0,Dhaka,SA Paribahan,Card,4.4,1,1,On-Time
102424,2024-08-09,Electronics,3865.03,99.2,Dhaka,Pathao,Mobile Banking,4.8,6,1,On-Time
105346,2023-08-30,Home and Kitchen,974.58,94.7,Dhaka,Pathao,Cash on Delivery,4.6,3,0,Delayed
105546,2023-08-29,Home & Kitchen,1640.07,5.8,Rajshahi,Red X,Cash on Delivery,4.5,4,1,On-Time
105930,2023-11-12,Groceries,2177.65,13.2,Sylhet,eCourier,Card,4.4,2,0,On-Time
107607,2023-05-12,Books,3392.36,1.0,Dhaka,S.A. Paribahan,Cash on Delivery,4.5,2,1,Delayed
101630,2024-11-13,Clothing,150.0,44.5,Rajshahi,eCourier,Cash on Delivery,4.8,3,0,Cancelled
106067,2024-09-29,electronics,1496.79,8.8,Dhaka,redx,Cash on Delivery,4.2,1,1,Delayed
101670,2024-07-27,electronics,708.23,9.4,Dhaka,redx,Cash on Delivery,4.2,4,0,On-Time
102349,2024-04-16,groceries,970.47,21.1,Khulna,sundarban,Cash on Delivery,4.8,2,0,On-Time
103946,2023-12-29,Beauty,877.88,6.8,Sylhet,PATHAO,Cash on Delivery,4.7,4,1,On-Time
105461,2023-02-24,beauty,1536.55,15.9,Rajshahi,S.A. Paribahan,Mobile Banking,4.5,3,1,On-Time
106989,2023-06-08,Home and Kitchen,2138.13,11.4,Khulna,ecourier,Cash on Delivery,,1,0,On-Time
108677,2024-12-20,Grocery,150.0,1.0,Khulna,sundarban,Cash on Delivery,3.8,2,0,Delayed
104341,2023-07-24,beauty,668.36,33.1,Sylhet,PATHAO,Cash on Delivery,4.2,2,0,On-Time
104775,2023-07-21,electronics,987.6,7.1,Sylhet,eCourier,Mobile Banking,3.4,3,1,Delayed
103687,2024-06-28,clothing,2879.19,12.0,Dhaka,E-Courier,Cash on Delivery,4.3,2,0,On-Time
105147,2024-05-25,Electronics,780.36,1.5,Dhaka,PATHAO,Mobile Banking,4.3,6,0,Delayed
102587,2023-10-14,Clothing,935.31,2.0,Sylhet,PATHAO,Cash on Delivery,5.0,1,0,On-Time
107414,2023-04-29,Home and Kitchen,2684.92,2.3,Dhaka,Red X,Card,4.7,4,1,Delayed
101977,2024-11-10,Clothing,3657.54,10.5,Chattogram,Pathao,Mobile Banking,2.0,1,0,Delayed
100670,2023-08-25,books,799.14,6.1,Dhaka,Pathao,Card,3.7,1,1,On-Time
108670,2024-01-12,clothing,3794.38,12.7,Khulna,pathao,Card,5.0,4,0,On-Time
103395,2023-07-28,Clothing,835.24,28.1,Rajshahi,redx,Cash on Delivery,3.6,1,1,On-Time
108843,2023-01-20,Groceries,1431.07,3.6,Dhaka,redx,Cash on Delivery,3.9,4,1,On-Time
108319,2023-06-25,Electronics,2438.11,9.4,Sylhet,redx,Card,3.6,5,1,On-Time
105028,2024-09-11,groceries,1170.13,16.5,Khulna,S.A. Paribahan,Card,3.9,4,0,Delayed
105753,2024-02-17,books,2024.39,7.6,Dhaka,Pathao,Mobile Banking,4.2,2,1,On-Time
102938,2023-07-23,clothing,1570.79,7.0,Dhaka,Sundarban,Cash on Delivery,4.4,1,1,Cancelled
106832,2023-12-11,clothing,5021.46,28.4,Dhaka,redx,Card,5.0,1,1,On-Time
102176,2024-05-09,Grocery,463.31,3.0,Chattogram,sa paribahan,Card,3.9,1,0,On-Time
105639,2024-05-31,Electronics,2696.47,13.7,Dhaka,E-Courier,Mobile Banking,5.0,3,0,On-Time
103854,2024-12-14,beauty,1196.59,2.2,Dhaka,RedX,Mobile Banking,3.8,3,0,On-Time
107821,2023-02-18,Books,584.34,4.8,Khulna,Sundorbon,Cash on Delivery,4.8,2,1,Delayed
103133,2024-04-25,Clothing,483.04,5.4,Dhaka,redx,Mobile Banking,3.6,1,0,Cancelled
101229,2023-10-05,Home and Kitchen,4397.84,1.0,Dhaka,ecourier,Mobile Banking,3.7,2,0,Delayed
102191,2024-03-01,books,578.62,5.0,Sylhet,SA Paribahan,Cash on Delivery,4.6,4,1,On-Time
103375,2023-10-11,clothing,245.88,8.6,Dhaka,RedX,Cash on Delivery,,3,0,On-Time
102676,2024-01-27,ELECTRONICS,1723.56,13.2,Dhaka,Red X,Mobile Banking,3.3,1,0,On-Time
103274,2023-10-04,Beauty,2239.91,9.2,Khulna,PATHAO,Card,3.6,5,1,On-Time
105121,2023-12-30,books,1994.12,20.7,Dhaka,S.A. Paribahan,Cash on Delivery,4.4,4,0,On-Time
106351,2023-10-06,clothing,150.0,1.9,Dhaka,PATHAO,Card,4.9,3,0,On-Time
101948,2024-10-05,clothing,1661.39,1.8,Dhaka,Sundorbon,Mobile Banking,3.6,2,1,Delayed
100463,2023-05-23,Clothing,264.51,20.2,Sylhet,SA Paribahan,Mobile Banking,4.2,1,0,On-Time
102110,2023-12-25,Home & Kitchen,2811.0,10.2,Dhaka,redx,Cash on Delivery,3.5,2,0,Cancelled
108967,2024-09-19,Clothing,2770.92,12.4,Dhaka,sa paribahan,Cash on Delivery,4.0,4,1,Cancelled
102114,2023-08-16,Home and Kitchen,4085.51,1.9,Dhaka,sa paribahan,Mobile Banking,4.7,2,0,On-Time
101196,2023-04-24,Home and Kitchen,,58.5,Dhaka,redx,Cash on Delivery,4.1,1,0,On-Time
105961,2024-03-16,home & kitchen,650.74,26.3,Dhaka,sa paribahan,Cash on Delivery,4.6,2,0,On-Time
104132,2024-01-12,Home and Kitchen,150.0,11.4,Dhaka,Pathao,Card,3.6,2,0,On-Time
104572,2023-04-05,Clothing,,4.0,Dhaka,SA Paribahan,Card,4.2,2,0,Delayed
107695,2023-10-19,electronics,1615.43,76.2,Sylhet,sundarban,Cash on Delivery,4.2,3,0,Delayed
103961,2023-04-22,electronics,826.39,5.4,Khulna,Pathao,Card,4.3,3,0,On-Time
100990,2024-03-05,beauty,4026.37,1.6,Rajshahi,E-Courier,Cash on Delivery,4.8,3,0,On-Time
101192,2023-05-25,Grocery,3052.82,10.4,Chattogram,Red X,Mobile Banking,3.7,5,1,On-Time
108545,2023-12-16,beauty,646.63,18.2,Chattogram,PATHAO,Card,5.0,3,0,On-Time
103724,2024-03-17,home & kitchen,6415.62,8.0,Dhaka,SA Paribahan,Cash on Delivery,5.0,4,1,On-Time
105464,2024-09-02,ELECTRONICS,2514.07,6.6,Khulna,Sundorbon,Card,3.8,1,0,On-Time
105222,2024-12-30,Grocery,2114.39,1.5,Dhaka,RedX,Cash on Delivery,4.1,1,0,Delayed
105338,2023-01-17,Groceries,2896.85,16.0,Dhaka,sundarban,Card,3.7,1,0,On-Time
100417,2023-02-28,electronics,1115.55,7.3,Dhaka,pathao,Cash on Delivery,3.3,1,1,On-Time
105766,2023-05-27,Clothing,487.05,1.0,Chattogram,S.A. Paribahan,Cash on Delivery,4.4,2,1,On-Time
100094,2023-05-13,Groceries,1434.39,62.4,Dhaka,pathao,Card,3.8,3,1,Delayed
100115,2024-08-26,beauty,4781.87,6.1,Dhaka,RedX,Mobile Banking,4.0,2,0,On-Time
107655,2023-09-15,clothing,346.76,3.3,Chattogram,sa paribahan,Mobile Banking,3.4,3,0,On-Time
103580,2023-05-04,ELECTRONICS,9596.3,6.1,Chattogram,RedX,Mobile Banking,4.3,2,1,On-Time
105855,2023-07-09,ELECTRONICS,625.24,1.5,Dhaka,PATHAO,Cash on Delivery,4.7,1,1,On-Time
106318,2024-06-13,Grocery,724.42,19.1,Dhaka,Sundarban,Cash on Delivery,4.2,2,1,On-Time
108700,2024-01-07,clothing,796.94,1.2,Dhaka,pathao,Cash on Delivery,5.0,4,1,On-Time
107973,2024-03-15,Clothing,1778.48,23.8,Khulna,RedX,Card,3.0,4,0,On-Time
108081,2024-07-19,Groceries,3965.76,1.2,Dhaka,redx,Mobile Banking,3.8,1,1,On-Time
100020,2024-04-13,electronics,5141.52,6.6,Dhaka,PATHAO,Cash on Delivery,4.2,2,1,Delayed
103781,2023-06-18,Grocery,4567.39,8.1,Dhaka,SA Paribahan,Cash on Delivery,4.9,4,0,On-Time
107822,2023-08-09,electronics,1190.8,1.3,Chattogram,E-Courier,Mobile Banking,3.0,2,0,On-Time
103007,2023-05-05,books,999.9,8.2,Dhaka,Pathao,Cash on Delivery,4.6,1,1,Delayed
107983,2024-03-01,Groceries,479.64,31.1,Chattogram,pathao,Cash on Delivery,4.0,1,0,Delayed
107760,2024-06-13,beauty,468.95,20.2,Sylhet,Red X,Cash on Delivery,4.9,1,0,On-Time
101664,2023-10-24,electronics,1434.41,14.8,Dhaka,ecourier,Mobile Banking,5.0,4,0,On-Time
105337,2023-05-04,books,7311.82,17.6,Dhaka,Pathao,Cash on Delivery,4.5,1,0,Cancelled
107035,2024-03-01,groceries,892.02,12.9,Chattogram,RedX,Card,4.2,1,0,On-Time
102413,2024-11-22,Grocery,2212.79,19.7,Dhaka,Sundarban,Cash on Delivery,3.2,1,0,Delayed
108909,2024-12-05,Groceries,1537.66,3.4,Khulna,S.A. Paribahan,Cash on Delivery,3.9,1,1,Delayed
102119,2024-07-08,Beauty,1932.64,1.9,Chattogram,RedX,Cash on Delivery,4.0,5,0,Delayed
106255,2023-03-19,beauty,150.0,27.6,Dhaka,ecourier,Card,5.0,1,1,Delayed
108821,2024-02-18,Electronics,150.0,16.2,Dhaka,Red X,Cash on Delivery,3.9,2,1,Cancelled
103219,2024-07-01,Home & Kitchen,1686.99,25.8,Rajshahi,Sundarban,Mobile Banking,4.2,1,1,On-Time
108760,2023-10-19,home & kitchen,695.01,14.8,Khulna,Sundarban,Card,5.0,6,0,Delayed
101809,2023-07-29,Electronics,729.96,11.2,Khulna,pathao,Card,4.5,1,0,On-Time
108141,2023-08-08,Home and Kitchen,1034.48,18.5,Chattogram,Pathao,Mobile Banking,3.5,2,0,Delayed
100665,2024-09-14,books,1932.54,14.6,Khulna,Sundarban,Cash on Delivery,4.2,3,0,On-Time
108281,2024-03-12,beauty,3091.78,1.4,Khulna,eCourier,Cash on Delivery,4.5,2,1,On-Time
103446,2023-12-15,Books,4808.72,15.5,Dhaka,redx,Cash on Delivery,,2,0,Cancelled
103113,2023-09-10,Beauty,380.63,7.6,Sylhet,RedX,Mobile Banking,3.6,4,0,On-Time
103150,2023-02-27,beauty,3318.44,13.2,Dhaka,Sundorbon,Mobile Banking,4.7,5,0,Delayed
106478,2023-03-22,beauty,870.68,1.6,Dhaka,eCourier,Cash on Delivery,3.9,4,0,On-Time
100279,2023-08-13,Grocery,720.33,4.5,Dhaka,redx,Cash on Delivery,3.9,2,0,Delayed
104613,2024-10-14,Beauty,217.92,5.3,Sylhet,E-Courier,Card,4.0,3,0,Delayed
104034,2024-07-17,Electronics,198.02,33.7,Dhaka,PATHAO,Cash on Delivery,5.0,2,0,On-Time
102414,2024-08-04,Electronics,4093.68,9.1,Chattogram,SA Paribahan,Cash on Delivery,3.0,2,1,On-Time
106146,2023-05-08,ELECTRONICS,578.87,5.0,Khulna,E-Courier,Cash on Delivery,4.0,5,0,On-Time
106693,2024-05-05,Beauty,546.19,26.2,Khulna,ecourier,Cash on Delivery,4.1,1,0,On-Time
104254,2024-03-05,electronics,2651.93,18.6,Dhaka,Sundorbon,Mobile Banking,2.7,1,0,On-Time
108823,2024-03-19,Grocery,1893.9,2.0,Khulna,PATHAO,Cash on Delivery,3.9,5,0,Delayed
101322,2023-12-10,electronics,478.71,10.0,Chattogram,S.A. Paribahan,Card,3.5,3,0,On-Time
100840,2023-10-29,Groceries,772.2,16.0,Chattogram,E-Courier,Mobile Banking,4.1,3,0,On-Time
107644,2023-12-25,Grocery,945.17,12.8,Dhaka,eCourier,Mobile Banking,4.4,2,0,On-Time
103393,2024-04-30,home & kitchen,,11.9,Dhaka,sa paribahan,Card,3.8,1,1,Delayed
100958,2023-04-12,Groceries,150.0,18.2,Dhaka,PATHAO,Cash on Delivery,4.3,2,0,On-Time
102221,2023-12-13,Home and Kitchen,1539.23,16.2,Khulna,Red X,Cash on Delivery,4.9,5,0,On-Time
103185,2023-03-19,Groceries,2915.69,11.8,Dhaka,Pathao,Cash on Delivery,3.3,1,1,On-Time
102947,2024-09-21,Home & Kitchen,901.77,25.0,Dhaka,Pathao,Cash on Delivery,3.1,1,1,On-Time
100140,2024-10-21,Books,2067.58,1.0,Sylhet,E-Courier,Cash on Delivery,4.8,1,0,On-Time
102888,2024-07-12,ELECTRONICS,1844.77,3.6,Rajshahi,PATHAO,Card,3.9,2,0,On-Time
101556,2024-04-06,clothing,150.0,31.0,Rajshahi,Sundorbon,Mobile Banking,4.1,2,1,Delayed
107495,2024-12-15,home & kitchen,268.1,5.6,Dhaka,RedX,Mobile Banking,4.2,1,0,On-Time
100923,2024-01-11,ELECTRONICS,150.0,2.5,Rajshahi,sa paribahan,Cash on Delivery,4.7,3,0,On-Time
104437,2023-10-01,clothing,762.32,40.8,Dhaka,Sundorbon,Cash on Delivery,3.6,3,1,On-Time
105265,2023-11-20,groceries,689.39,5.2,Rajshahi,eCourier,Cash on Delivery,3.1,1,1,Delayed
108631,2024-06-04,electronics,1118.22,30.7,Sylhet,ecourier,Cash on Delivery,3.6,1,0,On-Time
105469,2023-09-02,Beauty,2163.59,10.0,Chattogram,ecourier,Mobile Banking,4.6,5,1,Delayed
102436,2024-12-21,Groceries,1437.71,3.7,Dhaka,pathao,Mobile Banking,4.0,1,0,On-Time
105629,2024-01-28,electronics,150.0,13.7,Sylhet,RedX,Card,4.7,3,1,Delayed
102628,2024-03-09,Grocery,1194.11,54.0,Dhaka,Red X,Cash on Delivery,4.3,2,0,Delayed
106908,2024-08-17,electronics,851.08,10.9,Dhaka,sa paribahan,Cash on Delivery,3.2,2,0,On-Time
104483,2024-06-21,clothing,1359.08,7.1,Chattogram,S.A. Paribahan,Cash on Delivery,4.6,1,0,On-Time
101644,2023-02-01,ELECTRONICS,4837.46,2.2,Dhaka,E-Courier,Mobile Banking,,4,1,Delayed
101210,2024-07-06,ELECTRONICS,339.82,2.8,Chattogram,Pathao,Cash on Delivery,3.3,2,0,On-Time
106074,2024-04-17,Clothing,3899.38,42.1,Dhaka,redx,Mobile Banking,3.5,3,0,Delayed
104203,2024-05-30,Home & Kitchen,5124.23,3.2,Dhaka,Sundorbon,Cash on Delivery,3.8,1,0,Delayed
105356,2024-03-08,Home & Kitchen,1495.91,17.5,Chattogram,SA Paribahan,Cash on Delivery,4.1,1,1,On-Time
101904,2023-07-14,Electronics,2517.65,6.1,Dhaka,S.A. Paribahan,Cash on Delivery,4.0,2,0,Delayed
100754,2024-05-16,Electronics,150.0,1.0,Rajshahi,RedX,Cash on Delivery,3.9,2,0,On-Time
103325,2023-10-22,ELECTRONICS,379.07,15.4,Dhaka,ecourier,Mobile Banking,4.3,1,1,On-Time
107489,2023-12-11,electronics,2710.87,1.9,Dhaka,redx,Card,3.9,2,1,On-Time
100946,2024-06-07,Electronics,150.0,24.4,Chattogram,PATHAO,Mobile Banking,3.4,2,1,On-Time
104531,2023-08-17,Home and Kitchen,838.21,11.9,Khulna,Pathao,Card,4.5,1,0,On-Time
100938,2023-09-16,electronics,424.51,4.4,Dhaka,pathao,Cash on Delivery,3.6,3,1,Delayed
108515,2023-11-07,Groceries,3674.37,15.4,Khulna,sundarban,Cash on Delivery,4.4,2,0,On-Time
103389,2023-12-02,Home and Kitchen,150.0,42.6,Khulna,,Cash on Delivery,3.4,1,0,On-Time
105825,2023-09-23,books,1992.7,39.4,Chattogram,eCourier,Cash on Delivery,4.2,3,1,Delayed
105176,2023-05-28,home & kitchen,1471.35,7.9,Khulna,sundarban,Cash on Delivery,3.5,3,0,On-Time
102460,2024-10-06,Electronics,1047.73,1.8,Sylhet,sundarban,Mobile Banking,3.6,1,1,Delayed
108002,2024-06-25,electronics,194.79,29.7,Rajshahi,S.A. Paribahan,Mobile Banking,3.5,1,1,On-Time
108274,2024-07-15,clothing,1499.09,12.6,Chattogram,pathao,Cash on Delivery,3.4,2,0,On-Time
108519,2024-02-04,groceries,768.02,15.6,Chattogram,PATHAO,Mobile Banking,,2,1,On-Time
104713,2023-11-20,groceries,233.15,7.6,Dhaka,pathao,Card,3.3,2,1,On-Time
107217,2023-02-23,electronics,2518.31,1.0,Chattogram,sundarban,Cash on Delivery,4.2,2,0,On-Time
100168,2024-12-26,electronics,1456.93,21.5,Khulna,sa paribahan,Cash on Delivery,3.9,1,0,On-Time
106565,2023-01-14,groceries,1078.0,16.3,Rajshahi,S.A. Paribahan,Mobile Banking,3.8,6,1,On-Time
107827,2023-10-04,clothing,5069.7,14.6,Dhaka,pathao,Mobile Banking,5.0,3,0,On-Time
103299,2023-10-26,Clothing,2202.49,53.5,Dhaka,S.A. Paribahan,Cash on Delivery,4.0,3,0,Delayed
104389,2023-04-30,Electronics,2199.1,5.1,Dhaka,eCourier,Mobile Banking,3.3,4,0,On-Time
106320,2024-02-21,clothing,388.61,12.1,Sylhet,Red X,Cash on Delivery,3.1,1,0,Delayed
107779,2024-07-30,Beauty,944.12,1.0,Dhaka,sa paribahan,Mobile Banking,4.7,1,0,On-Time
100684,2023-07-06,Home and Kitchen,,3.1,Chattogram,pathao,Card,4.8,1,0,On-Time
105560,2023-10-03,beauty,457.92,11.0,Rajshahi,redx,Mobile Banking,4.7,1,1,On-Time
105884,2023-05-10,Grocery,186.89,27.4,Chattogram,sa paribahan,Card,3.0,2,0,Delayed
104785,2023-12-27,Home and Kitchen,7223.87,2.4,Khulna,SA Paribahan,Mobile Banking,4.4,2,1,On-Time
106748,2024-06-10,groceries,2070.33,4.7,Chattogram,E-Courier,Cash on Delivery,4.4,3,1,Delayed
107510,2023-01-03,home & kitchen,793.6,1.2,Dhaka,sa paribahan,Cash on Delivery,3.7,1,0,On-Time
100485,2024-07-25,Home and Kitchen,723.14,12.5,Chattogram,sundarban,Mobile Banking,3.8,1,1,On-Time
108040,2023-05-01,Clothing,150.0,27.3,Khulna,Pathao,Card,4.0,2,0,Delayed
100802,2023-07-30,Beauty,280.79,9.6,Dhaka,sa paribahan,Cash on Delivery,3.9,1,1,Delayed
103716,2023-12-16,Clothing,3778.88,13.4,Dhaka,Red X,Cash on Delivery,3.9,5,0,Delayed
104402,2024-08-01,clothing,4784.53,8.9,Dhaka,S.A. Paribahan,Card,4.4,4,0,On-Time
106683,2023-06-21,Grocery,2190.57,12.8,Rajshahi,E-Courier,Cash on Delivery,4.3,3,0,Delayed
102245,2024-01-29,ELECTRONICS,1610.48,8.4,Sylhet,sundarban,Mobile Banking,4.4,1,0,On-Time
103562,2024-06-21,clothing,440.4,31.7,Rajshahi,PATHAO,Cash on Delivery,4.0,3,1,On-Time
107999,2024-04-06,Home & Kitchen,1320.56,14.6,Khulna,pathao,Card,4.2,2,1,Delayed
105067,2024-05-30,Electronics,1213.85,8.6,Chattogram,RedX,Card,4.3,3,0,Delayed
100762,2024-10-31,Groceries,3598.3,7.3,Sylhet,PATHAO,Cash on Delivery,3.6,4,1,On-Time
104930,2023-11-10,beauty,3415.12,12.9,Chattogram,pathao,Cash on Delivery,4.6,4,0,On-Time
100011,2024-11-19,Grocery,185.58,5.9,Rajshahi,Sundorbon,Cash on Delivery,4.4,3,0,On-Time
103180,2024-09-30,Clothing,1128.59,1.7,Dhaka,sa paribahan,Cash on Delivery,4.1,4,1,On-Time
108524,2024-04-24,clothing,379.35,1.0,Chattogram,redx,Mobile Banking,4.7,2,1,On-Time
100678,2023-12-01,clothing,150.0,,Dhaka,pathao,Cash on Delivery,3.8,2,1,Delayed
105475,2023-11-14,groceries,150.0,13.3,Chattogram,Pathao,Cash on Delivery,4.0,3,1,On-Time
104859,2023-12-26,ELECTRONICS,2679.1,21.5,Chattogram,RedX,Cash on Delivery,4.3,2,0,Delayed
108094,2023-01-21,ELECTRONICS,1354.34,17.8,Chattogram,Sundorbon,Card,3.4,2,1,On-Time
106251,2023-07-11,beauty,775.68,24.7,Dhaka,S.A. Paribahan,Cash on Delivery,3.7,2,1,On-Time
103044,2023-05-05,Clothing,177.11,3.5,Dhaka,Sundarban,Cash on Delivery,5.0,7,0,On-Time
100925,2024-11-06,Groceries,1436.14,21.6,Dhaka,Pathao,Cash on Delivery,3.9,4,0,On-Time
104344,2024-05-27,Electronics,321.64,56.7,Rajshahi,ecourier,Card,4.7,1,0,Delayed
101437,2023-05-26,Clothing,1993.8,7.5,Dhaka,sa paribahan,Cash on Delivery,3.7,3,1,On-Time
102304,2024-07-10,Grocery,2318.43,13.3,Dhaka,Red X,Cash on Delivery,3.9,2,1,On-Time
101096,2024-03-25,electronics,2231.63,25.5,Khulna,Pathao,Mobile Banking,3.3,2,1,On-Time
103311,2023-05-15,Clothing,400.53,12.0,Dhaka,Red X,Mobile Banking,5.0,2,0,On-Time
106250,2023-12-22,Grocery,1018.36,1.2,Dhaka,E-Courier,Cash on Delivery,5.0,1,1,Delayed
108865,2023-07-16,clothing,2092.28,1.0,Rajshahi,Red X,Cash on Delivery,4.9,2,0,On-Time
106794,2024-12-20,groceries,1086.95,1.0,Dhaka,PATHAO,Cash on Delivery,4.8,2,0,On-Time
100853,2023-03-31,Clothing,912.08,9.9,Dhaka,Sundarban,Cash on Delivery,3.8,4,1,On-Time
106203,2024-02-06,electronics,2561.64,21.9,Rajshahi,SA Paribahan,Cash on Delivery,3.7,3,0,Delayed
105083,2024-11-07,Clothing,1468.01,23.6,Dhaka,PATHAO,Mobile Banking,4.1,2,0,On-Time
105617,2024-11-27,electronics,531.22,26.7,Rajshahi,Red X,Mobile Banking,4.1,8,0,On-Time
108522,2024-11-27,Electronics,582.87,4.4,Sylhet,PATHAO,Cash on Delivery,3.7,3,1,On-Time
100327,2024-11-13,Electronics,3826.59,12.3,Khulna,Sundarban,Card,4.3,3,0,On-Time
104520,2023-02-04,books,337.05,11.8,Rajshahi,E-Courier,Cash on Delivery,2.9,5,0,On-Time
106633,2024-07-27,Books,771.75,1.0,Khulna,Red X,Cash on Delivery,3.6,2,1,Delayed
102887,2023-04-24,Clothing,2633.83,18.4,Khulna,S.A. Paribahan,Card,4.4,5,0,On-Time
107316,2023-10-07,clothing,1134.78,9.0,Sylhet,PATHAO,Cash on Delivery,3.9,3,0,On-Time
101042,2024-03-21,electronics,257.23,8.3,Dhaka,Pathao,Mobile Banking,3.1,3,1,On-Time
103965,2023-05-14,Electronics,555.03,49.3,Dhaka,Red X,Cash on Delivery,4.3,1,0,On-Time
100079,2024-01-21,Groceries,347.7,26.0,Dhaka,Pathao,Cash on Delivery,4.2,1,0,On-Time
108725,2024-09-08,Home and Kitchen,150.0,30.8,Khulna,sundarban,Mobile Banking,4.9,1,0,Delayed
106289,2023-03-08,Books,976.49,7.7,Rajshahi,ecourier,Cash on Delivery,3.5,5,1,On-Time
100307,2023-12-21,Home and Kitchen,2009.71,3.2,Dhaka,Sundorbon,Cash on Delivery,4.0,4,1,Delayed
106957,2024-05-15,beauty,1043.07,8.1,Dhaka,S.A. Paribahan,Cash on Delivery,5.0,2,0,Delayed
106863,2023-12-17,books,234.19,14.5,Dhaka,sa paribahan,Cash on Delivery,2.6,3,1,On-Time
108922,2023-12-10,Grocery,5501.59,35.7,Chattogram,Red X,Cash on Delivery,4.7,2,0,Delayed
101294,2023-06-23,beauty,986.12,19.9,Chattogram,Sundorbon,Cash on Delivery,4.5,1,0,On-Time
103485,2023-07-01,electronics,241.54,10.8,Rajshahi,PATHAO,Card,4.5,1,0,Delayed
106626,2024-09-24,groceries,1333.05,10.5,Dhaka,PATHAO,Mobile Banking,4.4,2,0,On-Time
104542,2024-03-27,Home and Kitchen,3861.21,6.5,Dhaka,SA Paribahan,Cash on Delivery,4.5,5,0,On-Time
104073,2023-07-18,Books,340.03,3.3,Chattogram,Sundarban,Card,3.9,3,0,Delayed
100819,2024-12-15,clothing,1108.75,14.5,Chattogram,PATHAO,Cash on Delivery,3.9,1,0,On-Time
107177,2024-07-16,groceries,1782.41,16.4,Sylhet,ecourier,Card,5.0,1,0,On-Time
106278,2024-12-25,Groceries,2416.62,17.5,Khulna,PATHAO,Mobile Banking,4.5,1,1,On-Time
100551,2023-07-04,groceries,150.0,20.3,Dhaka,Sundarban,Mobile Banking,3.9,3,0,Delayed
101209,2024-08-30,Groceries,554.59,6.1,Dhaka,sa paribahan,Cash on Delivery,3.6,1,1,Cancelled
100482,2024-04-04,Books,2712.65,16.8,Dhaka,RedX,Cash on Delivery,3.3,3,0,On-Time
101953,2024-10-14,ELECTRONICS,150.0,9.2,Dhaka,sa paribahan,Cash on Delivery,3.1,1,0,On-Time
101013,2024-03-13,Electronics,2036.75,47.0,Dhaka,pathao,Cash on Delivery,3.9,1,0,On-Time
105276,2024-07-10,clothing,770.16,13.1,Dhaka,sa paribahan,Card,5.0,3,0,On-Time
101316,2023-12-01,books,785.25,5.1,Dhaka,pathao,Card,,1,0,Delayed
102968,2023-06-18,electronics,150.0,18.9,Chattogram,redx,Mobile Banking,3.9,4,0,Delayed
106963,2023-12-05,Clothing,218.44,16.1,Rajshahi,pathao,Cash on Delivery,3.8,2,0,On-Time
107260,2024-12-16,clothing,,56.1,Rajshahi,Pathao,Cash on Delivery,3.7,1,0,Delayed
105847,2023-12-21,Clothing,1422.12,23.1,Sylhet,sundarban,Cash on Delivery,3.5,3,0,On-Time
103665,2023-07-11,Beauty,1177.7,42.9,Sylhet,sundarban,Cash on Delivery,4.3,2,0,On-Time
103763,2023-03-06,Grocery,732.21,1.0,Sylhet,Red X,Cash on Delivery,3.9,2,1,On-Time
104128,2024-05-24,Grocery,3580.12,24.8,Chattogram,eCourier,Mobile Banking,3.3,2,0,Delayed
101161,2024-09-22,ELECTRONICS,3147.41,,Dhaka,Sundarban,Mobile Banking,4.1,3,0,On-Time
107685,2023-07-21,Electronics,435.52,50.2,Dhaka,PATHAO,Cash on Delivery,3.7,3,0,Delayed
106945,2024-09-08,home & kitchen,325.96,44.9,Dhaka,Sundorbon,Cash on Delivery,4.3,2,0,Delayed
107059,2023-01-28,Home and Kitchen,4260.4,15.8,Dhaka,SA Paribahan,Cash on Delivery,3.7,2,0,Delayed
103900,2024-06-03,Grocery,2439.3,3.4,Sylhet,sundarban,Mobile Banking,4.0,2,0,On-Time
103619,2023-12-17,clothing,5901.71,1.0,Dhaka,ecourier,Cash on Delivery,5.0,6,0,Delayed
106972,2023-07-09,Electronics,3128.9,3.9,Sylhet,PATHAO,Mobile Banking,3.9,2,0,Delayed
106546,2023-11-18,Clothing,457.66,6.9,Khulna,PATHAO,Cash on Delivery,3.2,2,1,Delayed
102549,2024-07-20,ELECTRONICS,759.18,36.5,Chattogram,Pathao,Cash on Delivery,3.3,4,1,On-Time
101432,2024-03-14,Grocery,225.82,3.0,Sylhet,redx,Card,4.4,1,1,On-Time
100880,2024-01-26,Home and Kitchen,150.0,16.8,Chattogram,pathao,Mobile Banking,4.6,1,0,On-Time
105572,2024-05-17,groceries,5479.57,6.9,Khulna,Red X,Cash on Delivery,5.0,1,0,On-Time
106115,2023-09-08,Beauty,1366.2,52.6,Sylhet,ecourier,Card,5.0,5,0,On-Time
101184,2024-05-19,ELECTRONICS,150.0,9.4,Sylhet,eCourier,Cash on Delivery,4.1,2,1,Delayed
102622,2024-02-06,clothing,3195.35,9.2,Rajshahi,S.A. Paribahan,Cash on Delivery,3.1,3,0,On-Time
100891,2023-09-09,Home & Kitchen,2133.89,3.1,Sylhet,PATHAO,Card,3.6,4,0,On-Time
107117,2023-10-19,ELECTRONICS,944.1,1.0,Dhaka,Pathao,Cash on Delivery,3.3,6,1,On-Time
107326,2023-07-23,Electronics,150.0,27.6,Chattogram,RedX,Cash on Delivery,3.3,2,0,Delayed
108260,2024-10-12,electronics,464.25,9.4,Dhaka,Pathao,Card,4.7,2,1,Delayed
100658,2023-01-14,Electronics,1242.82,36.1,Dhaka,redx,Cash on Delivery,4.4,2,0,On-Time
107614,2024-05-01,electronics,2048.12,2.5,Dhaka,Red X,Cash on Delivery,3.9,3,1,Delayed
104620,2024-02-12,Home & Kitchen,2625.49,1.0,Sylhet,Red X,Cash on Delivery,4.8,4,1,On-Time
100354,2023-03-27,Electronics,644.43,39.9,Rajshahi,sundarban,Mobile Banking,4.2,3,1,On-Time
101991,2023-04-14,Clothing,834.44,11.0,Chattogram,PATHAO,Cash on Delivery,4.5,5,1,On-Time
105921,2023-02-07,Books,577.53,85.1,Rajshahi,Red X,Cash on Delivery,3.9,2,0,Delayed
104902,2023-01-29,ELECTRONICS,494.49,2.4,Dhaka,PATHAO,Mobile Banking,,4,0,On-Time
100031,2024-12-05,Books,1789.67,9.9,Sylhet,sa paribahan,Cash on Delivery,4.0,2,0,Delayed
103595,2023-03-30,Home & Kitchen,150.0,9.8,Dhaka,PATHAO,Cash on Delivery,3.5,2,1,On-Time
105011,2023-08-06,Beauty,150.0,2.9,Chattogram,Pathao,Cash on Delivery,3.7,3,1,On-Time
101730,2023-07-07,Beauty,3619.5,16.5,Sylhet,redx,Mobile Banking,4.0,2,0,Delayed
108934,2024-12-08,groceries,1640.99,7.0,Khulna,redx,Mobile Banking,4.6,3,0,On-Time
100278,2024-09-11,home & kitchen,1608.94,56.6,Dhaka,pathao,Cash on Delivery,3.5,3,1,Delayed
102151,2024-05-12,Clothing,2976.11,9.0,Khulna,PATHAO,Mobile Banking,4.9,3,1,Delayed
102202,2024-04-17,Clothing,645.18,42.4,Chattogram,redx,Cash on Delivery,3.5,1,0,On-Time
104857,2023-01-29,electronics,2803.75,17.0,Khulna,pathao,Cash on Delivery,4.3,1,1,On-Time
104551,2023-06-26,electronics,591.57,10.3,Sylhet,Sundorbon,Card,3.9,2,1,On-Time
108275,2024-02-02,electronics,10661.23,14.6,Dhaka,pathao,Cash on Delivery,3.2,3,1,Delayed
101812,2024-03-26,groceries,769.74,2.3,Dhaka,RedX,Card,4.7,5,0,On-Time
107857,2024-05-13,groceries,351.76,5.7,Dhaka,pathao,Card,5.0,2,1,On-Time
106910,2024-05-30,Grocery,1526.87,8.1,Dhaka,Red X,Cash on Delivery,4.5,1,0,On-Time
108178,2024-06-08,Electronics,603.68,32.8,Chattogram,Sundarban,Cash on Delivery,3.8,2,0,Delayed
103827,2024-08-05,books,610.6,6.7,Chattogram,ecourier,Cash on Delivery,3.9,5,1,On-Time
108224,2024-02-29,Electronics,970.67,3.7,Dhaka,Pathao,Mobile Banking,4.1,2,1,Delayed
106574,2023-04-28,clothing,254.81,16.9,Sylhet,Pathao,Card,3.4,3,0,Delayed
105526,2023-04-24,clothing,2730.43,5.9,Chattogram,redx,Cash on Delivery,3.9,4,0,On-Time
106120,2023-12-28,Clothing,5499.26,3.0,Rajshahi,E-Courier,Cash on Delivery,4.5,1,1,On-Time
102037,2023-01-14,Grocery,2239.67,3.7,Dhaka,Pathao,Cash on Delivery,4.6,2,0,On-Time
106111,2024-03-05,Home and Kitchen,536.23,2.2,Chattogram,Pathao,Cash on Delivery,4.9,1,0,Delayed
101246,2024-03-25,Electronics,390.71,,Chattogram,SA Paribahan,Cash on Delivery,3.7,3,1,On-Time
103822,2024-07-12,Clothing,7237.72,3.3,Dhaka,PATHAO,Card,3.8,2,1,Delayed
103617,2023-10-02,books,204.11,12.2,Sylhet,Pathao,Card,3.7,1,0,On-Time
107737,2024-06-16,books,4539.43,4.5,Dhaka,Pathao,Cash on Delivery,4.6,2,0,On-Time
105549,2023-07-28,groceries,1230.1,18.1,Chattogram,eCourier,Card,3.8,3,1,On-Time
100223,2023-07-13,Electronics,1687.5,16.4,Chattogram,eCourier,Mobile Banking,5.0,3,0,On-Time
103885,2024-02-04,books,837.07,2.6,Khulna,Sundorbon,Mobile Banking,3.6,2,1,On-Time
107816,2024-12-04,electronics,426.09,1.5,Sylhet,Sundarban,Card,4.0,1,0,On-Time
107783,2024-02-05,Grocery,972.72,17.0,Khulna,PATHAO,Mobile Banking,3.9,5,0,On-Time
105415,2024-05-26,Beauty,1553.31,19.4,Sylhet,Pathao,Cash on Delivery,4.8,1,1,On-Time
108314,2023-11-10,electronics,3132.8,4.5,Dhaka,Pathao,Cash on Delivery,4.3,3,0,On-Time
107643,2023-10-17,Clothing,274.84,3.2,Dhaka,Sundorbon,Mobile Banking,3.3,1,0,Delayed
102982,2023-07-21,home & kitchen,2713.69,9.5,Khulna,PATHAO,Card,3.9,1,0,Delayed
104111,2023-10-15,clothing,2368.49,23.2,Khulna,Pathao,Cash on Delivery,4.5,2,1,Delayed
108447,2024-06-03,Books,982.24,57.1,Chattogram,E-Courier,Cash on Delivery,3.7,2,0,Delayed
100615,2023-01-22,clothing,1571.98,11.8,Dhaka,Pathao,Cash on Delivery,4.7,4,1,On-Time
104679,2023-02-08,Beauty,167.89,30.5,Dhaka,Pathao,Cash on Delivery,4.2,2,0,Delayed
105247,2024-11-25,Beauty,1693.13,11.0,Rajshahi,pathao,Mobile Banking,4.2,3,1,On-Time
107125,2024-11-03,home & kitchen,1195.63,8.0,Dhaka,pathao,Cash on Delivery,3.7,5,1,On-Time
102445,2024-06-04,books,4036.81,4.6,Dhaka,eCourier,Cash on Delivery,3.8,1,0,On-Time
106454,2024-11-02,Electronics,,5.7,Khulna,RedX,Mobile Banking,,2,1,Delayed
104180,2024-04-22,Home and Kitchen,1155.49,33.6,Sylhet,redx,Cash on Delivery,3.6,3,0,On-Time
100018,2024-05-16,Groceries,5370.39,7.7,Dhaka,SA Paribahan,Cash on Delivery,4.2,2,1,On-Time
108367,2023-10-19,Electronics,2960.8,6.1,Chattogram,sa paribahan,Cash on Delivery,3.5,4,1,On-Time
101277,2023-07-25,Home & Kitchen,1908.78,23.7,Dhaka,pathao,Cash on Delivery,4.6,1,0,On-Time
102062,2023-05-20,Clothing,866.66,6.5,Dhaka,ecourier,Mobile Banking,3.6,1,0,On-Time
100074,2023-06-10,groceries,1665.77,12.9,Chattogram,ecourier,Cash on Delivery,3.7,3,0,On-Time
101220,2024-08-19,books,1844.96,5.8,Dhaka,E-Courier,Cash on Delivery,4.0,4,1,On-Time
105626,2024-01-31,beauty,4528.76,9.6,Rajshahi,sa paribahan,Mobile Banking,4.4,5,0,On-Time
107878,2024-10-30,ELECTRONICS,150.0,14.5,Rajshahi,redx,Card,3.6,3,1,On-Time
100750,2024-05-19,Groceries,2316.62,10.1,Dhaka,eCourier,Card,4.3,4,0,Delayed
101390,2023-05-03,clothing,1081.21,29.6,Chattogram,sundarban,Cash on Delivery,4.0,1,0,On-Time
106689,2024-06-06,clothing,725.84,13.5,Dhaka,SA Paribahan,Mobile Banking,4.0,2,1,Delayed
102578,2024-02-08,ELECTRONICS,556.66,3.0,Sylhet,Pathao,Cash on Delivery,3.7,5,0,Delayed
106101,2023-10-05,Electronics,1206.11,1.0,Dhaka,Pathao,Card,3.5,1,1,On-Time
105141,2023-02-26,Groceries,1323.77,12.5,Chattogram,pathao,Cash on Delivery,4.9,2,0,On-Time
106168,2024-11-07,Beauty,434.29,28.5,Rajshahi,ecourier,Card,,1,0,On-Time
107873,2023-02-20,clothing,988.16,12.8,Dhaka,sa paribahan,Cash on Delivery,4.6,1,0,On-Time
101510,2024-09-19,Home and Kitchen,150.0,2.4,Dhaka,Red X,Cash on Delivery,4.1,4,1,Delayed
105203,2024-06-12,Home & Kitchen,466.49,14.3,Dhaka,S.A. Paribahan,Mobile Banking,3.7,2,0,On-Time
107746,2023-06-12,home & kitchen,2275.97,3.5,Dhaka,RedX,Card,3.8,1,0,On-Time
100870,2024-01-27,Home & Kitchen,706.39,9.2,Dhaka,Red X,Mobile Banking,3.7,3,0,On-Time
108979,2024-08-20,Beauty,1048.22,16.1,Dhaka,Pathao,Cash on Delivery,4.2,1,1,Delayed
100520,2024-05-07,Home and Kitchen,150.0,1.0,Dhaka,ecourier,Mobile Banking,4.6,3,1,On-Time
103054,2024-05-24,clothing,2736.52,7.1,Sylhet,ecourier,Mobile Banking,4.9,3,0,On-Time
108721,2023-04-13,Clothing,636.72,1.0,Dhaka,eCourier,Cash on Delivery,5.0,4,0,Delayed
105424,2023-11-28,home & kitchen,2292.8,1.0,Dhaka,eCourier,Card,4.1,1,0,On-Time
103714,2023-10-28,Grocery,150.05,17.0,Dhaka,eCourier,Card,4.6,1,0,On-Time
108603,2024-12-07,Clothing,403.93,14.3,Khulna,Pathao,Mobile Banking,4.0,3,0,On-Time
104362,2023-10-23,groceries,150.0,4.9,Chattogram,PATHAO,Mobile Banking,4.1,1,0,On-Time
107104,2024-12-04,Grocery,756.59,32.5,Rajshahi,pathao,Cash on Delivery,4.5,1,0,On-Time
104141,2024-11-15,Home and Kitchen,2071.21,2.6,Dhaka,SA Paribahan,Mobile Banking,4.1,3,0,On-Time
108626,2023-08-04,Grocery,899.61,12.7,Dhaka,RedX,Mobile Banking,4.3,1,1,On-Time
103530,2023-08-13,Books,625.16,7.6,Dhaka,S.A. Paribahan,Cash on Delivery,3.1,3,0,On-Time
105330,2024-08-07,books,468.91,1.1,Chattogram,pathao,Mobile Banking,4.2,2,1,Delayed
102177,2024-06-12,Groceries,1251.04,9.0,Khulna,Sundorbon,Cash on Delivery,3.8,2,0,On-Time
100857,2023-07-24,Home and Kitchen,358.5,16.5,Dhaka,SA Paribahan,Card,4.6,4,0,Delayed
100890,2023-04-22,Home & Kitchen,2101.12,13.7,Dhaka,Red X,Mobile Banking,3.4,4,1,On-Time
102086,2024-07-29,Books,713.8,2.4,Dhaka,PATHAO,Cash on Delivery,2.7,2,1,Delayed
108912,2024-04-25,ELECTRONICS,2984.19,19.0,Dhaka,Sundarban,Cash on Delivery,3.8,2,1,Cancelled
108485,2024-11-16,clothing,343.96,37.0,Dhaka,E-Courier,Card,4.4,2,1,On-Time
102757,2024-12-08,beauty,1581.74,10.4,Dhaka,PATHAO,Card,4.4,1,1,Delayed
108647,2023-09-03,Beauty,785.7,9.9,Chattogram,Pathao,Mobile Banking,4.2,1,0,On-Time
104019,2024-12-19,Clothing,1553.14,1.0,Sylhet,Sundorbon,Card,3.8,2,0,On-Time
100655,2023-06-03,beauty,2559.99,12.4,Dhaka,redx,Card,4.3,3,0,On-Time
105273,2023-10-02,electronics,3322.39,21.8,Khulna,PATHAO,Mobile Banking,3.9,1,1,On-Time
100549,2023-10-18,Clothing,1328.56,13.1,Sylhet,Red X,Mobile Banking,4.2,2,0,On-Time
105040,2024-03-09,clothing,1901.41,11.6,Rajshahi,SA Paribahan,Mobile Banking,4.0,1,1,On-Time
100283,2024-10-31,Home and Kitchen,7469.4,79.4,Rajshahi,PATHAO,Cash on Delivery,5.0,4,0,Delayed
106338,2024-07-23,clothing,4138.92,1.8,Chattogram,sundarban,Cash on Delivery,3.9,2,1,On-Time
103004,2024-06-14,Home and Kitchen,1597.53,13.5,Dhaka,Sundorbon,Mobile Banking,4.2,5,0,On-Time
106086,2023-03-16,electronics,540.07,4.0,Sylhet,PATHAO,Cash on Delivery,3.6,4,0,On-Time
101214,2023-02-01,Clothing,4998.96,5.1,Dhaka,pathao,Cash on Delivery,4.6,4,0,On-Time
104630,2024-02-13,Home & Kitchen,1459.75,9.2,Dhaka,pathao,Cash on Delivery,4.0,4,0,On-Time
103612,2024-06-14,Electronics,361.25,25.7,Dhaka,eCourier,Cash on Delivery,3.5,6,0,On-Time
101019,2024-06-13,electronics,427.18,1.1,Chattogram,E-Courier,Cash on Delivery,3.9,2,1,Delayed
105926,2024-07-02,Clothing,2881.41,55.6,Chattogram,pathao,Mobile Banking,4.5,3,0,Delayed
107422,2024-12-12,Grocery,150.0,15.6,Dhaka,PATHAO,Cash on Delivery,3.8,3,0,Delayed
105771,2024-04-10,Books,3940.04,4.1,Dhaka,Pathao,Cash on Delivery,2.9,1,0,Delayed
101454,2024-11-19,ELECTRONICS,1734.11,37.7,Sylhet,sa paribahan,Card,3.5,3,0,Delayed
103937,2024-03-20,beauty,498.0,69.7,Chattogram,Red X,Cash on Delivery,3.7,1,0,Cancelled
106858,2023-09-03,beauty,231.45,19.8,Sylhet,redx,Card,4.7,2,1,Delayed
101926,2024-07-01,ELECTRONICS,1983.29,10.0,Sylhet,RedX,Cash on Delivery,3.9,1,1,On-Time
101748,2023-07-15,Beauty,689.69,21.8,Dhaka,E-Courier,Cash on Delivery,3.8,2,1,On-Time
107979,2023-08-04,Groceries,4479.21,36.1,Dhaka,Red X,Card,4.8,3,1,On-Time
104797,2023-10-10,Electronics,1474.28,1.0,Khulna,sundarban,Cash on Delivery,,2,0,Cancelled
101882,2024-11-15,beauty,792.36,11.1,Chattogram,Sundorbon,Card,4.5,1,0,On-Time
105255,2023-01-28,Grocery,468.52,11.4,Dhaka,PATHAO,Mobile Banking,4.1,3,1,On-Time
102696,2023-03-30,clothing,2659.47,1.0,Chattogram,Sundorbon,Cash on Delivery,4.0,2,0,On-Time
100820,2023-06-15,Home & Kitchen,4672.56,16.6,Dhaka,Red X,Mobile Banking,,3,0,Delayed
103942,2023-06-19,clothing,7030.04,23.8,Dhaka,,Cash on Delivery,3.2,1,1,Delayed
100244,2024-05-30,Clothing,175.14,23.0,Dhaka,RedX,Cash on Delivery,4.1,5,0,On-Time
103533,2024-10-20,beauty,1454.1,1.1,Sylhet,S.A. Paribahan,Cash on Delivery,3.7,1,0,Delayed
100464,2024-03-08,Grocery,14157.83,6.3,Chattogram,Red X,Mobile Banking,4.1,3,0,On-Time
108755,2024-12-15,beauty,3220.47,,Chattogram,PATHAO,Mobile Banking,3.5,1,1,Delayed
101446,2024-04-19,beauty,4950.06,10.3,Rajshahi,RedX,Cash on Delivery,4.3,1,0,Delayed
105644,2023-08-05,Books,2392.3,1.4,Rajshahi,pathao,Mobile Banking,3.4,6,0,On-Time
105881,2023-04-25,Home & Kitchen,1205.67,5.8,Rajshahi,PATHAO,Mobile Banking,3.6,3,0,Delayed
104662,2023-02-15,Clothing,150.0,16.3,Rajshahi,sundarban,Cash on Delivery,3.4,2,0,Delayed
102900,2024-12-23,Groceries,275.13,2.6,Dhaka,Sundarban,Card,2.7,3,0,On-Time
102342,2023-12-31,Electronics,958.23,4.0,Dhaka,SA Paribahan,Cash on Delivery,3.6,2,0,On-Time
105452,2024-06-02,Groceries,5288.18,33.3,Sylhet,RedX,Mobile Banking,4.5,3,1,On-Time
102097,2024-02-12,Home and Kitchen,244.95,1.0,Sylhet,pathao,Card,4.1,1,1,On-Time
105169,2023-05-13,Grocery,650.42,52.9,Dhaka,pathao,Card,5.0,3,0,On-Time
108464,2024-06-02,Home and Kitchen,1787.83,29.8,Chattogram,redx,Card,4.9,1,0,On-Time
107974,2024-07-06,books,3985.44,,Khulna,eCourier,Cash on Delivery,4.2,3,0,On-Time
101110,2024-07-13,Groceries,951.14,16.1,Rajshahi,Pathao,Card,3.8,2,0,On-Time
105612,2024-04-05,clothing,1328.79,8.8,Dhaka,pathao,Mobile Banking,3.9,3,0,Delayed
108542,2024-11-11,Books,1361.41,7.7,Dhaka,RedX,Cash on Delivery,3.1,3,1,On-Time
103471,2024-05-08,Electronics,3792.73,52.8,Chattogram,S.A. Paribahan,Cash on Delivery,3.6,2,0,On-Time
105609,2024-12-02,Beauty,3018.89,11.1,Dhaka,Red X,Cash on Delivery,5.0,1,0,On-Time
107615,2024-01-30,Electronics,410.99,5.7,Chattogram,Pathao,Mobile Banking,3.6,2,1,Delayed
107938,2024-09-17,clothing,2013.88,1.0,Dhaka,SA Paribahan,Card,4.5,1,1,On-Time
106204,2024-06-03,Groceries,2085.07,15.2,Dhaka,Pathao,Cash on Delivery,,1,0,On-Time
103802,2024-11-02,clothing,614.67,4.7,Dhaka,ecourier,Mobile Banking,4.1,4,0,Delayed
101367,2024-10-25,books,1377.28,10.9,Dhaka,sa paribahan,Mobile Banking,4.6,3,1,On-Time
105658,2023-09-20,books,402.94,57.1,Sylhet,Red X,Cash on Delivery,3.3,2,1,Delayed
101146,2024-08-21,Beauty,3326.59,41.2,Sylhet,eCourier,Card,4.5,1,1,On-Time
102980,2023-10-08,beauty,1708.6,8.5,Dhaka,sundarban,Mobile Banking,4.1,1,0,Delayed
105787,2023-03-13,electronics,466.0,4.8,Chattogram,eCourier,Cash on Delivery,3.5,2,1,On-Time
102803,2023-07-17,Home and Kitchen,7606.74,20.4,Dhaka,Sundorbon,Cash on Delivery,4.0,1,0,On-Time
106965,2024-12-01,clothing,1858.06,20.8,Sylhet,PATHAO,Card,4.7,1,1,On-Time
100640,2024-09-21,Home and Kitchen,292.44,6.5,Dhaka,RedX,Card,4.8,1,0,Delayed
100921,2023-09-21,Groceries,3415.92,21.5,Sylhet,RedX,Cash on Delivery,5.0,2,0,Delayed
107554,2024-06-10,Clothing,659.26,28.0,Dhaka,RedX,Mobile Banking,5.0,4,0,On-Time
104159,2024-02-08,Electronics,905.36,9.7,Rajshahi,RedX,Card,5.0,1,1,On-Time
102744,2024-11-27,beauty,1854.41,1.1,Sylhet,Red X,Mobile Banking,4.4,4,0,On-Time
102488,2024-12-28,Clothing,1654.63,5.2,Rajshahi,sundarban,Cash on Delivery,4.6,2,1,On-Time
104395,2023-06-19,Books,150.0,22.8,Sylhet,Pathao,Cash on Delivery,3.9,3,0,On-Time
105561,2023-09-18,Home and Kitchen,1070.98,8.9,Dhaka,sundarban,Card,4.5,2,0,On-Time
104119,2023-04-11,Electronics,382.17,50.5,Dhaka,Red X,Card,4.0,1,0,On-Time
108952,2023-03-04,Home and Kitchen,317.6,1.0,Chattogram,pathao,Cash on Delivery,4.0,8,1,On-Time
105043,2023-02-21,Home & Kitchen,1211.26,4.9,Chattogram,Red X,Cash on Delivery,5.0,4,1,On-Time
101009,2023-04-14,Grocery,150.0,2.4,Chattogram,Sundarban,Mobile Banking,4.1,1,0,On-Time
103337,2023-05-07,Home & Kitchen,1068.59,4.2,Chattogram,RedX,Cash on Delivery,3.8,2,1,Delayed
106547,2023-04-12,Clothing,2666.61,10.8,Dhaka,SA Paribahan,Cash on Delivery,4.6,1,1,On-Time
107687,2024-03-25,groceries,637.29,23.0,Chattogram,pathao,Cash on Delivery,4.1,3,1,Delayed
108021,2024-02-16,beauty,2937.69,12.6,Khulna,SA Paribahan,Mobile Banking,4.0,2,1,Delayed
103739,2024-12-20,electronics,220.05,7.0,Chattogram,,Card,4.1,3,1,On-Time
102718,2024-08-08,clothing,1875.23,7.3,Chattogram,sundarban,Mobile Banking,4.7,2,1,Cancelled
106382,2024-03-26,home & kitchen,431.04,54.3,Dhaka,E-Courier,Cash on Delivery,4.5,2,0,Delayed
106165,2024-09-15,Groceries,729.15,30.5,Dhaka,Pathao,Mobile Banking,3.7,1,0,On-Time
104468,2024-03-19,Clothing,433.84,2.3,Dhaka,sa paribahan,Cash on Delivery,4.8,4,1,On-Time
104832,2024-10-29,Home & Kitchen,1162.93,43.1,Khulna,E-Courier,Card,3.9,5,0,On-Time
107955,2024-07-11,Groceries,235.51,55.4,Rajshahi,RedX,Cash on Delivery,4.1,3,0,Delayed
108516,2024-09-28,Beauty,518.76,1.0,Dhaka,PATHAO,Cash on Delivery,3.6,4,1,Delayed
106247,2024-09-28,groceries,2900.89,5.5,Khulna,Sundorbon,Card,4.1,2,0,On-Time
105300,2024-10-06,clothing,1408.0,16.8,Chattogram,E-Courier,Mobile Banking,4.2,2,0,Delayed
107167,2024-06-08,ELECTRONICS,150.0,1.1,Khulna,pathao,Cash on Delivery,4.2,1,1,On-Time
108605,2024-07-03,Grocery,617.24,35.2,Khulna,Sundarban,Mobile Banking,4.5,1,0,On-Time
105420,2023-02-11,clothing,1937.39,4.6,Dhaka,Pathao,Cash on Delivery,4.7,1,0,On-Time
107211,2023-09-08,Groceries,4493.69,4.9,Khulna,pathao,Cash on Delivery,4.7,1,0,Delayed
107919,2024-04-04,Beauty,439.6,4.4,Chattogram,ecourier,Cash on Delivery,3.6,2,1,On-Time
107884,2023-05-14,Electronics,1508.98,27.2,Dhaka,redx,Card,,3,0,Cancelled
104762,2024-03-12,books,150.0,31.0,Dhaka,PATHAO,Mobile Banking,3.5,2,0,On-Time
107577,2024-10-28,Grocery,927.37,7.9,Dhaka,eCourier,Cash on Delivery,4.1,3,1,Delayed
107763,2024-08-24,electronics,1447.15,10.1,Dhaka,sa paribahan,Cash on Delivery,4.2,1,1,On-Time
100330,2023-12-31,Clothing,150.0,16.8,Dhaka,RedX,Cash on Delivery,4.8,3,1,On-Time
102325,2024-07-03,Beauty,639.53,3.5,Dhaka,E-Courier,Cash on Delivery,5.0,1,0,On-Time
107831,2024-02-08,Clothing,6327.17,12.0,Chattogram,PATHAO,Card,3.8,3,0,On-Time
103840,2024-05-06,Clothing,848.22,10.8,Dhaka,sundarban,Cash on Delivery,4.9,3,1,On-Time
100532,2024-10-04,ELECTRONICS,529.58,9.9,Chattogram,Red X,Mobile Banking,5.0,3,0,On-Time
105932,2024-07-03,Grocery,2256.65,11.7,Dhaka,Pathao,Cash on Delivery,3.8,4,0,On-Time
103491,2024-09-14,groceries,3307.87,25.1,Sylhet,ecourier,Cash on Delivery,3.7,2,0,On-Time
104960,2024-08-22,books,202.75,12.6,Dhaka,ecourier,Cash on Delivery,4.1,1,1,On-Time
101945,2023-05-11,Groceries,1987.18,13.2,Dhaka,RedX,Cash on Delivery,4.7,3,0,On-Time
107049,2023-09-16,electronics,1244.98,7.3,Dhaka,pathao,Cash on Delivery,3.6,4,0,On-Time
105661,2023-05-28,Home & Kitchen,558.45,11.6,Chattogram,sundarban,Card,4.3,2,0,On-Time
104417,2024-07-13,Home and Kitchen,1331.29,13.5,Dhaka,RedX,Card,4.8,3,0,Delayed
105051,2023-07-06,Clothing,1340.8,12.5,Dhaka,S.A. Paribahan,Cash on Delivery,4.9,1,0,Delayed
108965,2023-06-06,beauty,2374.11,11.1,Sylhet,sa paribahan,Cash on Delivery,4.0,1,1,Delayed
107467,2023-01-16,Home & Kitchen,2272.87,29.8,Chattogram,RedX,Card,3.3,1,0,Delayed
105710,2024-02-24,clothing,150.0,3.7,Dhaka,PATHAO,Mobile Banking,2.8,1,0,On-Time
102597,2023-02-06,electronics,,77.2,Chattogram,pathao,Mobile Banking,3.1,2,0,Cancelled
101715,2023-05-25,Clothing,808.5,8.8,Khulna,PATHAO,Mobile Banking,4.5,1,1,Delayed
105785,2024-07-10,home & kitchen,947.38,7.9,Dhaka,Sundarban,Mobile Banking,3.5,3,0,Delayed
104647,2024-03-01,Books,817.07,1.1,Dhaka,Pathao,Card,5.0,2,0,On-Time
101084,2023-03-13,Clothing,150.0,4.9,Chattogram,E-Courier,Cash on Delivery,4.8,3,0,On-Time
105385,2023-01-18,Clothing,1994.28,15.4,Chattogram,Pathao,Cash on Delivery,4.7,1,1,Delayed
107429,2023-01-03,ELECTRONICS,1380.68,6.7,Chattogram,Sundorbon,Card,3.8,2,0,On-Time
106990,2024-04-09,home & kitchen,4116.54,1.5,Dhaka,ecourier,Mobile Banking,4.1,3,0,On-Time
101545,2023-08-25,Home & Kitchen,3408.29,2.9,Dhaka,sundarban,Card,3.7,4,1,On-Time
102419,2023-08-10,clothing,1300.14,23.7,Khulna,eCourier,Cash on Delivery,4.3,5,0,On-Time
108795,2023-05-12,Groceries,4877.88,43.4,Dhaka,PATHAO,Card,4.5,5,0,Delayed
108769,2024-08-03,electronics,3869.4,7.2,Rajshahi,Sundarban,Card,3.5,3,1,On-Time
105798,2024-04-25,Clothing,1960.65,3.7,Rajshahi,SA Paribahan,Cash on Delivery,5.0,1,0,On-Time
101830,2023-11-23,beauty,283.52,11.1,Chattogram,SA Paribahan,Mobile Banking,4.1,3,1,On-Time
102503,2024-04-26,Home & Kitchen,150.0,3.8,Khulna,Red X,Card,4.7,5,0,On-Time
108041,2024-05-15,clothing,150.0,8.5,Sylhet,redx,Cash on Delivery,3.3,4,0,On-Time
100556,2023-05-05,groceries,3323.52,9.1,Khulna,pathao,Cash on Delivery,3.7,5,0,On-Time
103925,2024-01-01,Clothing,1361.14,26.4,Dhaka,S.A. Paribahan,Cash on Delivery,3.5,1,0,On-Time
104223,2024-12-23,clothing,2882.14,1.7,Khulna,RedX,Card,4.4,2,1,On-Time
100721,2024-02-17,home & kitchen,651.87,4.9,Sylhet,Pathao,Cash on Delivery,4.4,2,1,On-Time
100030,2023-08-31,Groceries,1889.92,14.3,Sylhet,eCourier,Cash on Delivery,4.2,3,0,Delayed
100676,2024-07-28,Books,666.7,3.5,Dhaka,Sundarban,Mobile Banking,4.9,3,0,On-Time
108198,2023-10-30,Electronics,1329.27,6.5,Chattogram,Sundorbon,Cash on Delivery,3.7,1,1,Cancelled
106310,2024-06-06,Grocery,150.0,4.3,Dhaka,Sundorbon,Card,4.0,1,1,On-Time
104074,2024-02-29,Home and Kitchen,650.29,7.6,Dhaka,S.A. Paribahan,Cash on Delivery,3.7,1,0,On-Time
103410,2024-11-15,Books,1282.67,16.0,Dhaka,Red X,Cash on Delivery,4.4,1,0,Delayed
105910,2023-09-26,clothing,426.92,3.7,Sylhet,Pathao,Cash on Delivery,3.6,1,1,On-Time
106735,2023-10-29,Groceries,4598.77,13.6,Sylhet,Red X,Mobile Banking,3.5,2,0,On-Time
104240,2023-11-19,Books,269.67,7.3,Chattogram,redx,Cash on Delivery,4.6,2,0,On-Time
105919,2023-10-26,Beauty,1924.89,5.9,Sylhet,pathao,Cash on Delivery,4.1,2,0,Delayed
101932,2023-05-31,books,2800.18,8.7,Dhaka,sa paribahan,Cash on Delivery,3.7,3,0,On-Time
105509,2023-05-31,clothing,2040.56,4.0,Dhaka,sundarban,Cash on Delivery,4.7,5,0,On-Time
106616,2024-03-12,books,198.74,5.5,Sylhet,sa paribahan,Cash on Delivery,4.4,1,0,Delayed
107197,2023-12-12,Beauty,888.32,1.5,Khulna,S.A. Paribahan,Mobile Banking,3.5,2,0,On-Time
106222,2024-07-18,ELECTRONICS,1329.74,2.7,Sylhet,Red X,Cash on Delivery,,3,0,On-Time
107781,2024-11-29,Home and Kitchen,1022.49,5.0,Rajshahi,redx,Cash on Delivery,4.3,3,1,On-Time
105553,2024-01-28,Books,814.51,27.3,Dhaka,Sundarban,Cash on Delivery,3.2,2,0,On-Time
107404,2024-11-22,home & kitchen,565.88,3.2,Chattogram,Pathao,Mobile Banking,4.1,3,0,On-Time
103482,2023-11-05,Groceries,2016.32,9.7,Khulna,Pathao,Cash on Delivery,4.1,6,0,On-Time
107520,2024-04-15,ELECTRONICS,3124.3,1.7,Dhaka,PATHAO,Card,4.3,3,0,On-Time
100550,2023-02-25,books,1293.1,19.2,Dhaka,pathao,Mobile Banking,3.8,3,0,On-Time
106024,2023-05-17,electronics,2468.11,16.8,Sylhet,S.A. Paribahan,Cash on Delivery,4.1,1,0,Delayed
104516,2023-01-19,Electronics,,24.3,Khulna,E-Courier,Mobile Banking,4.5,1,1,On-Time
101109,2024-11-08,ELECTRONICS,2393.83,1.0,Dhaka,pathao,Card,4.1,1,1,On-Time
108490,2023-10-08,Books,1633.23,11.4,Sylhet,Pathao,Cash on Delivery,4.0,4,1,On-Time
106652,2024-06-29,Home & Kitchen,2579.92,23.3,Dhaka,pathao,Card,5.0,3,1,On-Time
100379,2024-04-25,beauty,3038.22,10.6,Khulna,ecourier,Card,3.3,5,0,Cancelled
101207,2024-08-20,Clothing,6034.13,15.6,Dhaka,ecourier,Card,4.2,5,0,On-Time
105562,2024-04-29,Clothing,365.76,12.7,Chattogram,sa paribahan,Cash on Delivery,3.3,2,0,On-Time
103821,2023-08-11,home & kitchen,8590.88,24.9,Chattogram,PATHAO,Cash on Delivery,4.2,2,0,On-Time
106098,2023-12-31,electronics,716.11,5.7,Chattogram,S.A. Paribahan,Cash on Delivery,4.2,4,1,On-Time
105515,2023-02-06,clothing,606.02,27.7,Khulna,sa paribahan,Card,,3,0,Delayed
105139,2023-01-11,ELECTRONICS,1783.02,10.7,Khulna,redx,Card,5.0,1,1,On-Time
106125,2023-10-24,Groceries,709.6,7.0,Sylhet,Sundorbon,Cash on Delivery,4.2,2,0,On-Time
106264,2023-01-22,clothing,1642.23,2.4,Dhaka,PATHAO,Mobile Banking,4.4,1,0,On-Time
101305,2023-02-28,Groceries,2931.66,8.3,Rajshahi,Pathao,Card,3.2,1,0,On-Time
102162,2023-03-21,books,9601.47,9.3,Chattogram,,Cash on Delivery,4.1,2,1,Delayed
107081,2024-07-03,Clothing,959.5,8.1,Dhaka,PATHAO,Card,3.7,2,0,Delayed
104270,2024-04-19,Clothing,1308.92,23.2,Rajshahi,S.A. Paribahan,Mobile Banking,4.7,1,0,On-Time
103475,2023-02-11,clothing,2506.75,9.0,Dhaka,SA Paribahan,Cash on Delivery,4.4,2,1,On-Time
108310,2024-02-02,electronics,1037.4,4.8,Sylhet,Pathao,Mobile Banking,5.0,4,1,Delayed
102684,2024-05-09,Groceries,188.17,6.4,Dhaka,PATHAO,Cash on Delivery,4.2,3,0,On-Time
104661,2024-01-22,beauty,432.43,14.7,Dhaka,SA Paribahan,Mobile Banking,4.0,5,1,On-Time
108816,2024-10-16,Home and Kitchen,5288.96,7.7,Sylhet,sundarban,Cash on Delivery,3.7,2,1,On-Time
107270,2024-09-23,Groceries,2785.73,1.0,Dhaka,,Card,,1,1,On-Time
100712,2024-05-25,Clothing,410.96,1.0,Dhaka,sa paribahan,Card,3.0,2,1,On-Time
102557,2023-06-05,Groceries,647.77,23.4,Chattogram,sundarban,Card,3.4,1,0,Delayed
108722,2024-03-30,Beauty,1118.76,4.2,Khulna,Red X,Card,4.1,1,0,On-Time
105449,2023-05-22,beauty,1176.82,1.5,Dhaka,eCourier,Cash on Delivery,3.8,2,0,On-Time
104882,2024-07-01,Beauty,1688.92,23.0,Chattogram,eCourier,Cash on Delivery,5.0,3,0,On-Time
106732,2023-10-03,Beauty,1011.95,3.0,Sylhet,SA Paribahan,Cash on Delivery,4.4,2,0,Delayed
100950,2024-11-11,Beauty,283.49,23.1,Sylhet,Sundorbon,Cash on Delivery,4.9,5,1,On-Time
101323,2023-03-05,home & kitchen,158.63,1.0,Dhaka,PATHAO,Card,3.3,1,0,On-Time
101546,2023-04-20,Home & Kitchen,1771.37,30.0,Khulna,,Cash on Delivery,5.0,3,0,Delayed
105038,2023-10-13,Clothing,1665.32,15.6,Dhaka,PATHAO,Card,4.0,1,0,On-Time
108079,2024-10-20,electronics,3601.46,7.5,Sylhet,Pathao,Cash on Delivery,4.3,5,0,On-Time
105407,2024-01-25,clothing,192.54,4.8,Dhaka,Pathao,Cash on Delivery,,3,0,On-Time
102804,2024-05-11,Clothing,2668.52,55.5,Chattogram,PATHAO,Cash on Delivery,5.0,4,0,Delayed
107013,2024-02-16,Home and Kitchen,2184.61,16.6,Dhaka,E-Courier,Card,4.2,4,0,On-Time
108349,2023-09-23,Home & Kitchen,537.03,5.6,Dhaka,redx,Card,5.0,2,0,On-Time
104376,2023-10-02,Electronics,1431.01,46.0,Dhaka,redx,Card,5.0,3,0,Delayed
102206,2023-08-14,Clothing,915.77,4.2,Dhaka,pathao,Cash on Delivery,4.9,2,1,On-Time
102565,2024-09-05,clothing,362.78,13.5,Sylhet,ecourier,Card,4.7,3,1,On-Time
100954,2023-01-15,electronics,332.88,1.4,Chattogram,PATHAO,Cash on Delivery,3.8,2,1,Delayed
100075,2024-03-04,Clothing,324.21,28.0,Dhaka,RedX,Cash on Delivery,3.9,3,0,On-Time
103733,2024-09-05,Beauty,412.28,2.0,Sylhet,sa paribahan,Card,4.7,2,0,On-Time
103924,2023-07-03,Electronics,258.25,11.3,Rajshahi,S.A. Paribahan,Card,3.7,2,1,On-Time
104810,2023-01-23,Home & Kitchen,781.14,1.0,Rajshahi,redx,Mobile Banking,3.3,2,0,On-Time
100242,2024-10-28,books,186.03,26.5,Dhaka,pathao,Cash on Delivery,3.7,1,1,On-Time
107065,2023-05-25,beauty,4176.1,7.2,Dhaka,redx,Mobile Banking,3.0,1,0,On-Time
104496,2024-08-08,Beauty,325.31,24.3,Dhaka,Sundorbon,Mobile Banking,,1,1,On-Time
100734,2024-07-20,electronics,688.56,7.2,Dhaka,pathao,Mobile Banking,3.3,1,1,On-Time
106721,2024-05-30,Electronics,875.87,8.6,Sylhet,Pathao,Mobile Banking,4.2,1,0,On-Time
105299,2024-09-26,books,1959.39,12.2,Rajshahi,Sundarban,Mobile Banking,3.2,3,0,On-Time
104607,2023-09-05,home & kitchen,5308.31,9.0,Dhaka,redx,Cash on Delivery,3.7,2,1,On-Time
105696,2024-03-21,Beauty,945.71,4.2,Rajshahi,PATHAO,Cash on Delivery,3.6,1,0,On-Time
100461,2024-08-06,beauty,258.65,15.3,Sylhet,SA Paribahan,Card,3.7,1,0,On-Time
101779,2023-07-05,clothing,4073.03,1.8,Dhaka,Sundorbon,Cash on Delivery,4.1,1,0,On-Time
105317,2024-06-23,Clothing,2449.86,2.3,Dhaka,Red X,Cash on Delivery,,1,0,On-Time
105182,2024-04-14,home & kitchen,1077.15,5.6,Dhaka,SA Paribahan,Cash on Delivery,4.1,4,0,On-Time
104429,2024-01-30,Beauty,2814.06,27.2,Dhaka,redx,Cash on Delivery,4.5,2,0,Delayed
104076,2023-07-31,electronics,466.05,22.3,Dhaka,pathao,Mobile Banking,4.7,1,1,On-Time
100637,2024-08-09,Groceries,458.94,26.5,Dhaka,ecourier,Mobile Banking,3.3,1,0,On-Time
103424,2024-05-12,Clothing,910.49,37.9,Chattogram,Sundorbon,Card,3.4,1,1,Delayed
101611,2023-04-27,Clothing,418.4,24.7,Dhaka,pathao,Cash on Delivery,3.7,1,1,On-Time
101770,2024-09-11,Home and Kitchen,1238.98,9.1,Chattogram,sundarban,Cash on Delivery,3.8,5,0,Delayed
108400,2023-05-12,beauty,166.23,15.2,Dhaka,Sundorbon,Cash on Delivery,3.8,4,1,Cancelled
108790,2024-11-08,beauty,1311.53,23.4,Rajshahi,RedX,Cash on Delivery,3.2,1,0,On-Time
102810,2024-01-24,Clothing,150.0,1.0,Chattogram,redx,Mobile Banking,5.0,1,0,On-Time
101900,2024-01-20,Home and Kitchen,4506.56,4.9,Chattogram,Red X,Cash on Delivery,3.7,1,0,On-Time
101592,2024-08-07,Electronics,1042.02,16.4,Sylhet,redx,Cash on Delivery,5.0,4,0,Delayed
100226,2023-09-19,Grocery,945.21,25.8,Khulna,Red X,Cash on Delivery,4.3,4,1,On-Time
104108,2024-01-15,home & kitchen,1466.42,1.0,Dhaka,pathao,Cash on Delivery,3.7,2,1,On-Time
108146,2024-12-17,electronics,4893.77,1.4,Dhaka,Red X,Cash on Delivery,3.3,2,1,Delayed
105379,2024-01-31,ELECTRONICS,2805.26,27.7,Chattogram,pathao,Cash on Delivery,4.8,2,0,On-Time
100510,2024-06-04,Beauty,243.29,3.8,Sylhet,RedX,Mobile Banking,4.0,5,0,Delayed
103335,2024-06-23,Beauty,684.19,29.2,Chattogram,pathao,Cash on Delivery,3.7,3,0,Delayed
102290,2023-05-17,groceries,3334.02,5.4,Chattogram,Red X,Cash on Delivery,4.5,5,0,On-Time
104387,2023-02-17,Grocery,1755.88,52.9,Dhaka,redx,Mobile Banking,3.8,1,0,Delayed
103994,2024-05-25,books,3236.43,3.3,Chattogram,pathao,Mobile Banking,3.7,4,0,On-Time
100292,2024-11-19,groceries,3047.29,7.3,Sylhet,,Mobile Banking,4.5,3,0,Delayed
101268,2024-08-02,electronics,3459.18,10.0,Rajshahi,sundarban,Card,4.5,1,0,On-Time
100069,2024-05-24,Beauty,730.67,1.0,Rajshahi,S.A. Paribahan,Cash on Delivery,4.2,2,0,Delayed
101540,2023-02-27,Electronics,812.33,1.4,Dhaka,RedX,Cash on Delivery,4.6,3,1,On-Time
101548,2023-04-15,ELECTRONICS,2675.51,1.0,Dhaka,sundarban,Card,3.5,1,0,Delayed
101829,2024-06-08,books,2664.91,27.4,Dhaka,Red X,Mobile Banking,3.3,3,0,On-Time
106519,2023-05-02,Groceries,5599.54,10.4,Dhaka,PATHAO,Cash on Delivery,3.5,4,0,On-Time
100719,2023-05-30,Home and Kitchen,2519.95,4.6,Rajshahi,pathao,Cash on Delivery,4.6,2,0,On-Time
106841,2024-10-20,Grocery,3944.38,7.1,Dhaka,PATHAO,Cash on Delivery,4.1,2,1,On-Time
107033,2023-01-19,clothing,1542.88,1.0,Rajshahi,redx,Cash on Delivery,2.7,6,1,Delayed
107175,2024-02-01,clothing,372.5,2.0,Chattogram,redx,Cash on Delivery,4.2,5,0,Delayed
102351,2023-08-27,ELECTRONICS,4374.23,11.3,Dhaka,redx,Mobile Banking,4.1,2,0,Delayed
101641,2023-03-13,clothing,341.35,10.3,Khulna,sundarban,Card,4.3,1,1,Cancelled
105851,2023-12-19,Beauty,578.85,18.2,Dhaka,RedX,Cash on Delivery,2.9,2,1,Cancelled
108231,2024-12-23,Books,177.4,22.2,Dhaka,sundarban,Cash on Delivery,3.6,4,0,On-Time
100384,2023-04-05,home & kitchen,186.15,5.3,Chattogram,Red X,Cash on Delivery,2.9,3,1,On-Time
102743,2024-09-07,clothing,1042.66,6.2,Dhaka,PATHAO,Cash on Delivery,3.1,4,0,On-Time
106504,2024-09-13,ELECTRONICS,438.91,5.2,Chattogram,E-Courier,Cash on Delivery,4.0,5,1,On-Time
104636,2023-06-15,Beauty,1516.84,6.5,Dhaka,Pathao,Card,3.9,2,1,On-Time
101782,2023-06-03,books,425.28,4.5,Khulna,SA Paribahan,Cash on Delivery,3.8,1,1,On-Time
107249,2024-12-08,Electronics,1436.02,28.1,Dhaka,eCourier,Cash on Delivery,4.4,5,0,On-Time
100590,2023-11-02,Home and Kitchen,379.01,12.8,Dhaka,S.A. Paribahan,Mobile Banking,4.5,3,1,On-Time
103466,2024-10-30,groceries,4683.12,7.9,Dhaka,Pathao,Card,4.4,1,1,On-Time
101787,2024-05-14,ELECTRONICS,3060.88,26.7,Rajshahi,PATHAO,Cash on Delivery,4.3,2,0,Delayed
106927,2023-03-20,Home and Kitchen,1184.81,16.0,Dhaka,Sundorbon,Cash on Delivery,4.4,2,1,On-Time
102105,2023-10-23,Clothing,1222.11,27.1,Khulna,eCourier,Cash on Delivery,4.2,1,1,Cancelled
106156,2023-04-16,electronics,4069.04,4.3,Sylhet,RedX,Card,4.4,3,0,Delayed
102711,2024-12-28,beauty,1185.26,4.5,Chattogram,pathao,Cash on Delivery,5.0,1,1,On-Time
103523,2024-01-02,electronics,3547.93,4.5,Rajshahi,S.A. Paribahan,Card,4.1,1,1,On-Time
108115,2023-09-09,beauty,1036.83,43.6,Sylhet,redx,Cash on Delivery,4.6,2,0,On-Time
102653,2023-11-11,clothing,6911.02,7.3,Dhaka,RedX,Cash on Delivery,4.2,1,1,Delayed
102989,2023-04-04,Groceries,2401.88,18.7,Sylhet,Red X,Cash on Delivery,4.2,3,1,Delayed
103152,2024-10-07,Electronics,150.0,14.8,Dhaka,SA Paribahan,Cash on Delivery,3.5,2,0,Cancelled
101382,2024-02-05,Home and Kitchen,220.2,5.6,Dhaka,E-Courier,Card,5.0,2,0,On-Time
100735,2023-01-04,Grocery,150.0,28.7,Dhaka,RedX,Card,4.2,3,0,On-Time
107085,2023-05-16,Electronics,431.99,6.4,Chattogram,eCourier,Cash on Delivery,4.4,3,0,Delayed
104194,2023-12-27,beauty,,46.4,Chattogram,Pathao,Cash on Delivery,5.0,1,0,On-Time
105059,2024-04-14,Groceries,150.0,3.7,Dhaka,RedX,Mobile Banking,3.2,2,1,Delayed
101753,2024-02-03,books,168.64,1.0,Dhaka,Red X,Cash on Delivery,3.0,2,0,Delayed
103115,2024-08-15,home & kitchen,1443.35,8.1,Khulna,eCourier,Card,4.1,3,0,On-Time
105500,2024-10-18,Grocery,301.69,8.3,Rajshahi,sa paribahan,Cash on Delivery,3.7,8,0,On-Time
106276,2024-06-04,home & kitchen,741.04,21.9,Khulna,S.A. Paribahan,Card,5.0,1,1,Delayed
108185,2024-04-22,electronics,497.71,28.2,Dhaka,PATHAO,Cash on Delivery,4.0,3,1,Delayed
106194,2024-04-15,ELECTRONICS,150.0,42.7,Khulna,redx,Cash on Delivery,3.5,3,0,On-Time
107660,2024-05-22,Groceries,306.02,16.6,Khulna,ecourier,Cash on Delivery,4.4,2,0,On-Time
105351,2023-08-01,Beauty,2950.58,25.2,Rajshahi,eCourier,Mobile Banking,3.9,2,1,On-Time
106408,2023-03-03,Groceries,4151.95,3.6,Chattogram,sa paribahan,Cash on Delivery,2.9,2,1,On-Time
102152,2024-12-08,home & kitchen,5111.71,4.3,Dhaka,Red X,Cash on Delivery,3.2,1,1,On-Time
105908,2024-09-27,Home & Kitchen,452.83,2.8,Dhaka,RedX,Mobile Banking,4.4,2,0,On-Time
104634,2024-03-20,books,3483.05,6.3,Chattogram,ecourier,Cash on Delivery,3.3,2,0,On-Time
105172,2023-07-26,groceries,2290.59,19.1,Sylhet,Pathao,Card,4.3,1,0,On-Time
103947,2023-02-21,Groceries,4131.89,9.8,Dhaka,sa paribahan,Cash on Delivery,3.9,5,0,Delayed
101677,2023-06-08,Grocery,1854.35,21.7,Chattogram,Pathao,Mobile Banking,4.6,1,1,On-Time
104685,2024-11-03,electronics,796.03,25.4,Dhaka,pathao,Cash on Delivery,2.4,4,0,Delayed
103599,2023-05-02,home & kitchen,1089.99,15.2,Rajshahi,Pathao,Cash on Delivery,4.6,2,1,On-Time
102509,2024-06-21,Grocery,6151.75,5.3,Sylhet,RedX,Cash on Delivery,4.4,1,0,Delayed
105759,2024-03-12,books,1752.2,27.5,Khulna,ecourier,Cash on Delivery,4.0,1,1,Delayed
104393,2023-05-05,Home and Kitchen,344.7,19.6,Rajshahi,Sundarban,Mobile Banking,3.7,2,1,On-Time
104311,2023-01-13,clothing,2420.7,8.6,Dhaka,ecourier,Cash on Delivery,4.5,3,1,On-Time
100445,2024-04-18,Clothing,150.0,23.7,Dhaka,ecourier,Cash on Delivery,4.9,3,0,On-Time
103070,2024-01-11,beauty,652.27,33.4,Sylhet,Pathao,Mobile Banking,2.6,1,0,On-Time
106135,2023-09-12,Beauty,761.5,11.1,Dhaka,ecourier,Cash on Delivery,2.8,1,0,On-Time
105450,2024-10-03,Clothing,2915.97,3.3,Chattogram,RedX,Cash on Delivery,3.2,6,1,On-Time
106132,2024-12-13,Groceries,6653.68,26.7,Sylhet,PATHAO,Mobile Banking,4.4,2,0,On-Time
103412,2023-11-17,clothing,202.28,12.6,Rajshahi,pathao,Cash on Delivery,4.0,1,0,Delayed
101605,2023-11-05,Clothing,1526.69,15.5,Dhaka,sundarban,Card,4.3,1,1,On-Time
108103,2023-08-19,Clothing,1140.93,8.4,Dhaka,pathao,Cash on Delivery,3.6,3,1,On-Time
105055,2024-11-13,Clothing,1231.92,13.1,Chattogram,redx,Cash on Delivery,4.1,4,1,Delayed
103487,2023-07-27,Grocery,2029.66,4.5,Dhaka,Sundarban,Mobile Banking,3.3,5,1,Delayed
103202,2024-04-12,electronics,4805.52,5.4,Chattogram,Sundorbon,Cash on Delivery,4.1,1,0,On-Time
101694,2024-09-07,Beauty,2273.48,16.9,Sylhet,PATHAO,Cash on Delivery,4.5,5,0,Delayed
102942,2024-06-13,beauty,2219.83,10.5,Dhaka,Sundorbon,Cash on Delivery,2.8,3,1,On-Time
108130,2023-05-06,beauty,,7.7,Dhaka,Sundorbon,Cash on Delivery,4.5,3,0,On-Time
102067,2024-05-13,Clothing,4589.54,17.2,Sylhet,redx,Cash on Delivery,3.6,2,0,On-Time
101502,2023-05-12,Electronics,2398.08,25.4,Dhaka,PATHAO,Mobile Banking,3.3,1,0,On-Time
104082,2024-09-27,Clothing,3605.93,13.0,Dhaka,sundarban,Card,3.4,1,0,Delayed
102065,2024-01-11,beauty,1495.35,3.0,Dhaka,Sundarban,Cash on Delivery,2.4,3,1,On-Time
102724,2024-07-31,beauty,1000.19,6.2,Dhaka,redx,Card,4.0,3,1,On-Time
106728,2024-03-04,Home and Kitchen,547.87,5.5,Dhaka,Pathao,Card,3.9,2,1,Delayed
100498,2024-07-10,home & kitchen,5970.64,12.3,Chattogram,sa paribahan,Cash on Delivery,4.9,1,1,Delayed
108791,2024-04-22,clothing,3822.38,3.3,Dhaka,,Cash on Delivery,3.6,1,0,On-Time
100385,2024-11-29,home & kitchen,4674.01,8.6,Sylhet,ecourier,Cash on Delivery,3.3,1,0,On-Time
107598,2023-03-24,ELECTRONICS,577.78,5.9,Chattogram,eCourier,Card,3.3,4,0,On-Time
105487,2024-07-04,clothing,854.18,7.0,Dhaka,SA Paribahan,Cash on Delivery,4.3,1,0,Delayed
103995,2023-01-14,home & kitchen,1889.43,7.1,Khulna,PATHAO,Mobile Banking,3.9,5,0,On-Time
106277,2024-09-12,beauty,329.29,,Sylhet,SA Paribahan,Cash on Delivery,4.2,1,0,Cancelled
100509,2023-10-11,Clothing,1477.4,5.7,Khulna,PATHAO,Card,3.9,3,0,On-Time
107551,2024-09-05,Electronics,2186.65,24.3,Khulna,eCourier,Card,3.7,1,0,Delayed
107182,2023-09-11,home & kitchen,4432.14,7.2,Khulna,RedX,Mobile Banking,4.8,1,1,On-Time
100555,2024-09-15,Grocery,1218.9,3.6,Khulna,redx,Mobile Banking,4.3,5,0,Delayed
101422,2024-12-16,Books,1410.5,7.2,Dhaka,Pathao,Mobile Banking,4.4,1,0,On-Time
101739,2023-02-20,clothing,2196.49,34.2,Dhaka,redx,Mobile Banking,4.7,3,1,On-Time
105871,2023-09-09,Groceries,2379.56,2.4,Rajshahi,Red X,Mobile Banking,4.1,4,0,Delayed
100174,2024-11-09,ELECTRONICS,1541.33,4.3,Dhaka,RedX,Mobile Banking,4.2,4,0,On-Time
106906,2024-01-11,home & kitchen,1874.05,2.1,Chattogram,Pathao,Mobile Banking,3.7,3,0,On-Time
100008,2024-08-06,ELECTRONICS,2995.59,62.2,Sylhet,Sundarban,Cash on Delivery,4.6,1,0,Delayed
100210,2023-05-19,home & kitchen,150.0,3.7,Dhaka,,Mobile Banking,4.0,1,1,On-Time
102977,2024-03-04,Groceries,3520.06,4.9,Chattogram,PATHAO,Mobile Banking,4.4,3,0,On-Time
100992,2024-07-22,electronics,1852.17,1.0,Dhaka,RedX,Cash on Delivery,3.2,4,0,On-Time
101153,2023-08-16,ELECTRONICS,1771.3,15.1,Dhaka,redx,Mobile Banking,5.0,3,0,On-Time
100243,2023-01-31,Home & Kitchen,171.18,6.4,Sylhet,pathao,Cash on Delivery,4.6,1,0,On-Time
105970,2024-06-16,beauty,1390.86,,Dhaka,PATHAO,Cash on Delivery,4.8,3,1,On-Time
107236,2023-02-15,beauty,689.1,,Dhaka,pathao,Cash on Delivery,3.8,2,1,On-Time
101803,2024-09-17,Clothing,3080.29,75.3,Dhaka,sa paribahan,Cash on Delivery,3.9,1,0,On-Time
102470,2023-12-04,clothing,1336.47,1.0,Chattogram,eCourier,Cash on Delivery,4.1,2,0,On-Time
108698,2023-10-11,Beauty,1518.17,4.9,Dhaka,Pathao,Cash on Delivery,3.9,1,0,Delayed
100934,2023-11-15,Electronics,4148.04,1.4,Dhaka,Red X,Cash on Delivery,3.9,3,1,On-Time
100426,2024-04-11,Grocery,432.44,2.0,Rajshahi,Sundorbon,Cash on Delivery,3.5,1,0,Delayed
106434,2023-07-06,electronics,2424.77,6.1,Dhaka,SA Paribahan,Mobile Banking,4.3,2,0,Delayed
106403,2024-12-18,beauty,3125.2,56.4,Dhaka,PATHAO,Mobile Banking,4.3,3,0,On-Time
103858,2023-12-28,Grocery,3327.48,33.2,Chattogram,SA Paribahan,Cash on Delivery,4.6,1,1,On-Time
108436,2023-06-05,Electronics,389.53,4.7,Dhaka,eCourier,Mobile Banking,5.0,2,0,On-Time
100789,2024-12-18,Grocery,1833.33,1.0,Dhaka,sa paribahan,Cash on Delivery,3.8,5,1,Delayed
100879,2023-09-19,ELECTRONICS,3428.48,5.9,Khulna,S.A. Paribahan,Card,5.0,1,0,On-Time
102808,2023-09-03,ELECTRONICS,938.76,49.8,Dhaka,ecourier,Cash on Delivery,3.8,3,0,Delayed
102134,2023-02-14,beauty,933.52,5.3,Dhaka,E-Courier,Cash on Delivery,2.7,1,0,On-Time
102013,2024-11-17,Home and Kitchen,1641.74,10.0,Sylhet,PATHAO,Card,4.8,1,1,Delayed
105625,2024-06-28,electronics,1155.93,36.0,Chattogram,sundarban,Cash on Delivery,3.9,3,0,On-Time
105878,2024-08-19,ELECTRONICS,597.43,13.8,Dhaka,pathao,Cash on Delivery,4.8,1,0,On-Time
107056,2023-10-18,Home & Kitchen,2548.86,20.7,Rajshahi,redx,Cash on Delivery,5.0,3,0,On-Time
108465,2024-06-24,Beauty,1223.42,22.2,Sylhet,PATHAO,Mobile Banking,3.1,6,1,On-Time
108401,2024-12-02,Groceries,2710.05,30.4,Dhaka,redx,Cash on Delivery,4.7,1,0,On-Time
107631,2023-03-08,electronics,3034.89,2.0,Khulna,Sundarban,Cash on Delivery,3.4,1,1,On-Time
108772,2024-12-17,Groceries,3601.49,31.0,Dhaka,sundarban,Cash on Delivery,4.6,2,1,Delayed
102266,2024-08-17,Clothing,669.3,3.4,Khulna,Pathao,Cash on Delivery,4.7,5,0,On-Time
103757,2023-11-22,Clothing,3726.93,7.3,Sylhet,pathao,Mobile Banking,4.8,3,1,On-Time
108514,2023-10-13,Electronics,216.04,25.7,Chattogram,SA Paribahan,Cash on Delivery,3.8,2,1,On-Time
108121,2024-11-12,Clothing,173.6,16.7,Chattogram,Red X,Cash on Delivery,4.7,2,0,On-Time
102030,2023-08-02,Electronics,474.06,1.9,Chattogram,Sundorbon,Cash on Delivery,3.8,3,1,On-Time
102090,2023-07-25,Beauty,548.5,,Chattogram,PATHAO,Card,3.5,2,0,Cancelled
103036,2024-11-07,Clothing,4166.01,9.6,Chattogram,E-Courier,Cash on Delivery,4.7,3,1,On-Time
100523,2024-11-18,home & kitchen,5879.93,19.3,Chattogram,Pathao,Cash on Delivery,5.0,3,1,On-Time
106831,2024-10-23,home & kitchen,5288.73,1.0,Sylhet,PATHAO,Cash on Delivery,4.8,2,1,On-Time
107094,2024-10-19,Grocery,744.15,32.1,Dhaka,E-Courier,Mobile Banking,3.8,3,1,On-Time
107869,2023-04-15,Clothing,4070.16,3.6,Chattogram,Pathao,Cash on Delivery,3.2,4,1,Delayed
102847,2024-05-25,Grocery,377.89,2.0,Chattogram,Pathao,Card,3.9,3,0,On-Time
100154,2023-05-22,Beauty,187.73,19.7,Dhaka,RedX,Card,4.3,2,0,On-Time
106706,2024-01-26,Books,415.7,10.5,Dhaka,E-Courier,Cash on Delivery,4.0,2,1,On-Time
104253,2024-06-11,Groceries,1048.36,31.1,Chattogram,Red X,Cash on Delivery,3.5,3,0,Cancelled
102821,2024-05-28,Beauty,1858.9,14.5,Chattogram,Sundorbon,Card,4.4,1,0,Delayed
102530,2024-06-22,Grocery,8907.99,6.4,Dhaka,eCourier,Mobile Banking,3.7,3,1,Delayed
102403,2023-04-13,Beauty,464.05,1.0,Dhaka,PATHAO,Card,3.8,3,0,On-Time
102984,2023-04-25,clothing,1636.34,4.3,Dhaka,Pathao,Card,4.0,1,1,On-Time
101924,2023-03-26,Grocery,510.18,33.1,Chattogram,redx,Mobile Banking,3.5,1,0,On-Time
106460,2023-07-26,beauty,7709.44,14.6,Chattogram,PATHAO,Cash on Delivery,4.2,2,0,On-Time
105756,2024-09-20,Grocery,150.0,66.9,Sylhet,Sundarban,Mobile Banking,4.3,1,0,Delayed
102083,2024-09-07,Beauty,4218.13,3.5,Dhaka,eCourier,Card,3.6,2,1,On-Time
108497,2023-02-01,home & kitchen,825.84,12.6,Chattogram,RedX,Cash on Delivery,3.0,4,0,On-Time
106699,2024-10-29,books,928.89,6.2,Sylhet,Sundarban,Card,5.0,1,0,On-Time
107500,2024-08-11,books,590.53,20.5,Chattogram,PATHAO,Cash on Delivery,5.0,1,0,On-Time
108662,2023-08-03,Beauty,335.42,1.3,Khulna,E-Courier,Cash on Delivery,4.1,3,0,Cancelled
107026,2024-07-06,Beauty,397.35,3.0,Chattogram,pathao,Cash on Delivery,4.4,5,1,On-Time
108276,2024-11-09,groceries,4719.41,3.6,Dhaka,E-Courier,Card,4.7,4,1,Delayed
101314,2023-09-28,home & kitchen,2167.16,23.0,Sylhet,Red X,Card,3.6,1,0,On-Time
105719,2024-01-05,beauty,4701.38,3.9,Chattogram,RedX,Mobile Banking,4.1,3,1,On-Time
102204,2024-07-13,Electronics,189.18,10.4,Dhaka,sa paribahan,Cash on Delivery,4.2,1,0,Delayed
102505,2023-07-18,home & kitchen,4518.17,14.2,Rajshahi,PATHAO,Cash on Delivery,4.3,1,0,On-Time
105388,2023-04-25,Clothing,581.25,16.0,Dhaka,Sundarban,Cash on Delivery,4.3,3,0,Delayed
101711,2024-11-26,home & kitchen,3251.01,27.9,Dhaka,redx,Card,4.7,4,0,Delayed
104524,2023-05-28,home & kitchen,606.09,4.6,Dhaka,redx,Cash on Delivery,3.8,3,1,On-Time
107776,2024-04-08,groceries,240.0,11.0,Rajshahi,pathao,Mobile Banking,4.3,3,1,On-Time
100926,2024-06-29,Clothing,2007.72,8.4,Chattogram,E-Courier,Card,4.4,3,1,On-Time
103989,2024-03-06,Clothing,150.0,7.4,Dhaka,S.A. Paribahan,Cash on Delivery,3.7,3,0,Delayed
106371,2023-12-14,ELECTRONICS,669.67,39.3,Dhaka,PATHAO,Cash on Delivery,4.9,1,0,On-Time
108014,2024-03-04,home & kitchen,608.65,4.8,Dhaka,RedX,Card,4.1,1,0,On-Time
108805,2024-12-04,Beauty,3471.71,1.5,Rajshahi,ecourier,Cash on Delivery,2.9,2,0,Delayed
102362,2024-06-26,Beauty,1073.76,21.5,Sylhet,Red X,Mobile Banking,4.1,2,1,On-Time
100910,2023-10-02,Clothing,2844.66,1.0,Dhaka,PATHAO,Cash on Delivery,3.8,1,1,On-Time
106358,2023-01-18,Home and Kitchen,6473.67,24.0,Chattogram,ecourier,Cash on Delivery,5.0,1,0,On-Time
101823,2023-11-24,Clothing,2245.17,2.0,Chattogram,Sundarban,Card,3.5,3,0,Delayed
103814,2024-07-03,electronics,150.0,1.0,Rajshahi,sundarban,Mobile Banking,3.6,5,1,Delayed
103920,2023-12-11,books,150.0,2.6,Rajshahi,RedX,Cash on Delivery,4.1,2,0,On-Time
100968,2023-09-19,clothing,1475.28,13.5,Dhaka,Sundarban,Cash on Delivery,4.7,3,1,Delayed
100446,2024-08-02,Home & Kitchen,1869.39,2.3,Sylhet,sundarban,Cash on Delivery,4.5,2,0,On-Time
100161,2023-02-12,Beauty,3375.67,26.9,Khulna,Red X,Mobile Banking,3.3,3,1,On-Time
105072,2023-07-12,Grocery,363.22,4.7,Khulna,Pathao,Card,3.9,2,1,On-Time
104283,2024-09-10,groceries,1074.35,2.0,Rajshahi,SA Paribahan,Cash on Delivery,4.9,6,0,On-Time
107397,2024-08-02,Clothing,6120.84,3.5,Rajshahi,redx,Cash on Delivery,3.8,2,0,On-Time
103795,2023-07-25,groceries,1539.12,1.0,Khulna,pathao,Mobile Banking,5.0,3,0,On-Time
101625,2023-04-17,books,297.12,37.7,Dhaka,SA Paribahan,Mobile Banking,3.6,2,1,On-Time
108548,2023-03-07,Electronics,2023.67,1.0,Dhaka,sundarban,Card,4.1,4,0,On-Time
108429,2023-01-18,Electronics,3151.51,1.8,Dhaka,PATHAO,Card,4.1,2,1,On-Time
106429,2023-05-04,books,773.26,2.0,Sylhet,pathao,Mobile Banking,4.2,4,1,Delayed
101638,2024-10-10,Home & Kitchen,192.52,14.2,Dhaka,sa paribahan,Mobile Banking,3.5,3,0,On-Time
102122,2024-12-12,Books,425.65,13.0,Rajshahi,pathao,Cash on Delivery,4.5,4,1,On-Time
102842,2024-12-30,home & kitchen,717.21,3.1,Chattogram,E-Courier,Mobile Banking,4.5,1,0,On-Time
102566,2023-08-21,clothing,887.51,3.9,Sylhet,sa paribahan,Cash on Delivery,5.0,2,1,Delayed
103841,2024-05-12,Grocery,2934.08,45.7,Dhaka,sundarban,Mobile Banking,4.4,1,0,On-Time
107732,2024-05-06,books,2199.96,9.7,Sylhet,pathao,Cash on Delivery,4.1,2,1,Delayed
101728,2024-06-19,ELECTRONICS,1201.76,22.0,Dhaka,RedX,Cash on Delivery,5.0,4,0,On-Time
104590,2024-11-04,Groceries,581.59,9.6,Dhaka,SA Paribahan,Cash on Delivery,4.2,1,1,Delayed
101479,2023-12-10,Home and Kitchen,3243.14,7.0,Sylhet,PATHAO,Mobile Banking,4.9,2,0,On-Time
105052,2024-10-05,Grocery,325.27,11.1,Khulna,Sundarban,Mobile Banking,,3,0,On-Time
103891,2024-07-02,Electronics,150.0,19.2,Khulna,E-Courier,Cash on Delivery,3.9,3,0,On-Time
103379,2023-11-16,Clothing,972.94,2.5,Dhaka,ecourier,Cash on Delivery,3.3,1,0,On-Time
107400,2024-03-21,Clothing,388.4,9.6,Dhaka,Pathao,Cash on Delivery,4.9,3,0,Delayed
100673,2023-08-04,Electronics,2546.23,9.3,Chattogram,redx,Card,3.9,3,0,Delayed
105150,2024-09-24,beauty,150.0,6.1,Dhaka,RedX,Card,5.0,3,1,On-Time
103982,2024-12-29,books,6994.03,28.1,Dhaka,S.A. Paribahan,Cash on Delivery,3.5,3,0,Cancelled
100025,2024-10-19,Home & Kitchen,5696.69,3.0,Sylhet,Sundarban,Cash on Delivery,3.9,2,0,On-Time
103560,2024-07-09,groceries,1961.07,2.0,Khulna,sundarban,Cash on Delivery,4.9,1,0,On-Time
100597,2024-02-18,home & kitchen,1996.23,13.4,Dhaka,sa paribahan,Cash on Delivery,4.8,1,0,On-Time
100341,2024-06-28,Electronics,3469.85,3.9,Chattogram,ecourier,Mobile Banking,5.0,2,1,On-Time
101523,2023-12-19,Clothing,,39.2,Khulna,RedX,Mobile Banking,4.4,1,1,On-Time
100430,2023-12-25,Electronics,2083.32,39.2,Dhaka,sundarban,Card,4.6,2,1,On-Time
102064,2023-12-11,clothing,961.05,13.8,Rajshahi,S.A. Paribahan,Cash on Delivery,5.0,1,0,On-Time
108097,2024-12-17,Beauty,4565.31,14.1,Sylhet,Red X,Mobile Banking,3.8,2,0,On-Time
104193,2023-06-01,books,4302.85,8.6,Sylhet,RedX,Cash on Delivery,3.4,3,1,Delayed
102410,2024-03-01,Beauty,952.65,3.1,Dhaka,sa paribahan,Cash on Delivery,3.5,1,1,On-Time
100122,2023-01-11,groceries,3753.26,4.6,Khulna,Pathao,Cash on Delivery,5.0,2,0,On-Time
107847,2023-12-08,Home and Kitchen,2099.22,1.2,Chattogram,RedX,Mobile Banking,3.1,3,0,On-Time
107281,2024-09-26,Clothing,1716.18,4.9,Dhaka,eCourier,Mobile Banking,4.5,2,0,On-Time
107569,2024-01-30,ELECTRONICS,1257.03,16.2,Dhaka,E-Courier,Mobile Banking,4.5,3,0,On-Time
105063,2024-03-26,clothing,735.41,13.1,Khulna,Red X,Mobile Banking,4.1,5,0,On-Time
103990,2024-03-29,Grocery,264.3,7.2,Sylhet,pathao,Cash on Delivery,4.2,4,0,On-Time
100620,2023-06-11,groceries,150.0,2.1,Dhaka,RedX,Cash on Delivery,3.8,2,0,Delayed
104305,2024-05-17,Grocery,844.36,33.8,Dhaka,ecourier,Cash on Delivery,4.3,1,1,Delayed
102384,2024-09-23,Electronics,2328.61,20.4,Dhaka,pathao,Card,4.8,1,1,On-Time
105223,2023-06-18,clothing,685.52,53.4,Chattogram,Red X,Cash on Delivery,3.8,2,0,Delayed
106559,2023-12-03,Electronics,1134.42,7.0,Chattogram,pathao,Mobile Banking,2.8,2,1,Delayed
106514,2024-08-26,Home & Kitchen,1192.02,18.5,Dhaka,pathao,Cash on Delivery,,1,0,Delayed
105752,2023-06-27,Groceries,150.0,1.2,Khulna,S.A. Paribahan,Mobile Banking,4.4,3,1,On-Time
100662,2024-06-29,Clothing,1491.7,1.1,Dhaka,sa paribahan,Card,3.9,5,0,On-Time
107311,2024-09-07,ELECTRONICS,594.53,1.0,Chattogram,redx,Cash on Delivery,3.5,3,1,On-Time
101321,2024-10-24,Books,947.59,9.2,Sylhet,sundarban,Mobile Banking,3.7,4,0,On-Time
106705,2023-04-22,clothing,735.81,13.5,Chattogram,RedX,Mobile Banking,4.5,2,1,Cancelled
101649,2024-06-20,Clothing,5458.33,,Khulna,sundarban,Mobile Banking,3.4,4,0,Delayed
104414,2024-04-20,home & kitchen,275.53,4.3,Chattogram,E-Courier,Cash on Delivery,4.7,2,1,On-Time
100822,2023-09-19,ELECTRONICS,380.08,1.3,Dhaka,redx,Mobile Banking,3.9,2,0,Delayed
106571,2024-12-09,Home & Kitchen,3532.74,1.6,Sylhet,PATHAO,Cash on Delivery,3.7,5,0,On-Time
104017,2023-04-10,clothing,2666.35,1.2,Dhaka,E-Courier,Cash on Delivery,4.9,1,1,On-Time
107183,2024-11-29,Groceries,4438.75,15.8,Chattogram,S.A. Paribahan,Mobile Banking,3.7,2,0,On-Time
107361,2024-07-07,Books,1055.57,37.1,Rajshahi,pathao,Mobile Banking,4.3,3,1,On-Time
103970,2024-12-01,clothing,7174.68,28.1,Dhaka,PATHAO,Mobile Banking,4.0,1,0,On-Time
101758,2023-09-18,clothing,2461.74,30.5,Chattogram,Red X,Mobile Banking,4.9,5,0,On-Time
106634,2024-11-21,Home & Kitchen,150.0,11.3,Rajshahi,RedX,Cash on Delivery,4.4,3,1,On-Time
106228,2024-04-06,clothing,1263.44,28.0,Sylhet,E-Courier,Mobile Banking,4.4,1,0,On-Time
107068,2023-11-11,books,,71.3,Sylhet,SA Paribahan,Mobile Banking,3.9,2,0,Delayed
107205,2023-10-08,electronics,154.88,11.5,Dhaka,E-Courier,Mobile Banking,3.4,3,0,On-Time
106487,2024-07-28,ELECTRONICS,475.81,7.4,Sylhet,sa paribahan,Cash on Delivery,4.6,1,0,On-Time
100808,2024-10-10,groceries,2560.59,29.2,Sylhet,Red X,Cash on Delivery,3.6,1,0,Delayed
105503,2024-02-10,Groceries,2886.25,21.7,Dhaka,ecourier,Cash on Delivery,4.8,3,1,On-Time
106424,2023-04-21,Home and Kitchen,363.45,11.8,Sylhet,S.A. Paribahan,Cash on Delivery,3.1,4,0,Delayed
107483,2023-12-28,beauty,4097.04,,Dhaka,SA Paribahan,Cash on Delivery,4.8,1,1,Delayed
103877,2024-01-15,beauty,1819.59,8.6,Dhaka,Red X,Cash on Delivery,5.0,2,0,On-Time
101957,2024-02-10,groceries,942.61,26.1,Dhaka,Pathao,Card,3.9,4,1,Delayed
104130,2024-12-12,clothing,9164.83,10.0,Dhaka,Pathao,Cash on Delivery,3.8,2,1,On-Time
103633,2024-06-16,clothing,373.14,16.6,Chattogram,SA Paribahan,Mobile Banking,4.1,1,1,On-Time
103640,2024-11-25,books,1498.5,15.2,Rajshahi,Pathao,Mobile Banking,4.6,1,0,On-Time
108824,2024-11-22,clothing,1575.84,11.9,Khulna,Sundarban,Mobile Banking,4.3,1,1,On-Time
104214,2024-09-02,ELECTRONICS,1836.89,3.5,Dhaka,Red X,Cash on Delivery,4.2,2,1,Cancelled
102682,2023-04-17,Groceries,1806.48,36.4,Rajshahi,ecourier,Cash on Delivery,4.3,4,1,Delayed
107478,2024-03-13,clothing,1827.65,9.7,Dhaka,PATHAO,Mobile Banking,3.7,7,0,On-Time
107557,2024-07-05,electronics,977.65,8.9,Dhaka,eCourier,Cash on Delivery,4.4,1,1,On-Time
108856,2024-05-01,Grocery,2502.36,,Dhaka,eCourier,Cash on Delivery,3.0,2,1,Delayed
104644,2024-05-14,clothing,1092.75,16.4,Dhaka,Red X,Cash on Delivery,4.4,1,0,On-Time
105496,2023-02-15,Electronics,1438.62,19.5,Khulna,sundarban,Cash on Delivery,,2,1,Delayed
100745,2024-09-30,Electronics,5010.02,8.5,Khulna,sa paribahan,Cash on Delivery,3.1,1,0,On-Time
105297,2024-04-07,Clothing,150.0,37.8,Chattogram,Pathao,Cash on Delivery,4.7,4,0,On-Time
101135,2023-05-20,Home and Kitchen,783.48,9.1,Chattogram,ecourier,Cash on Delivery,4.9,3,0,Cancelled
102572,2023-10-02,Clothing,2017.26,3.3,Dhaka,pathao,Cash on Delivery,4.7,4,1,On-Time
104539,2024-07-23,Grocery,1171.88,1.4,Sylhet,SA Paribahan,Mobile Banking,4.1,2,0,Delayed
104063,2023-03-13,electronics,381.64,14.1,Dhaka,Pathao,Mobile Banking,5.0,3,0,On-Time
100826,2024-02-05,Beauty,1349.64,61.6,Rajshahi,RedX,Mobile Banking,3.7,2,1,On-Time
101476,2023-01-18,electronics,970.28,3.2,Khulna,pathao,Card,3.4,3,0,On-Time
101376,2023-11-04,beauty,2130.45,30.2,Chattogram,Red X,Card,4.1,3,1,Delayed
105003,2024-01-28,Electronics,869.03,35.2,Dhaka,S.A. Paribahan,Cash on Delivery,4.1,1,1,Delayed
106256,2023-01-19,Clothing,1087.16,36.0,Khulna,PATHAO,Mobile Banking,,3,0,On-Time
108164,2023-12-26,clothing,150.0,3.8,Chattogram,PATHAO,Cash on Delivery,4.0,3,1,Delayed
108499,2024-07-20,ELECTRONICS,1227.52,15.1,Chattogram,eCourier,Card,4.7,1,0,On-Time
104532,2024-04-29,Books,150.0,5.6,Dhaka,pathao,Mobile Banking,4.6,2,0,On-Time
108985,2024-02-12,beauty,3015.88,45.6,Sylhet,PATHAO,Cash on Delivery,3.5,1,1,On-Time
100302,2024-01-03,clothing,299.72,1.0,Rajshahi,pathao,Cash on Delivery,4.1,4,0,On-Time
102533,2024-02-22,electronics,1220.44,5.1,Dhaka,redx,Card,,3,0,On-Time
105098,2023-10-14,Clothing,896.36,2.6,Dhaka,sa paribahan,Mobile Banking,2.9,1,0,Delayed
102044,2024-09-27,Home & Kitchen,7027.74,5.9,Khulna,Pathao,Cash on Delivery,4.5,4,1,On-Time
102501,2023-08-13,clothing,2516.89,7.6,Sylhet,SA Paribahan,Cash on Delivery,4.2,3,0,Delayed
102949,2023-08-16,clothing,4110.48,11.5,Chattogram,PATHAO,Cash on Delivery,4.3,3,0,Delayed
101441,2023-07-26,clothing,150.0,39.1,Dhaka,eCourier,Mobile Banking,5.0,1,0,On-Time
108601,2023-11-17,clothing,502.29,1.0,Sylhet,redx,Cash on Delivery,4.3,1,1,On-Time
104135,2024-12-26,electronics,4789.35,5.7,Chattogram,eCourier,Cash on Delivery,5.0,4,0,Delayed
102140,2024-08-28,Clothing,720.03,5.0,Sylhet,Red X,Card,3.7,1,0,On-Time
101629,2023-08-22,ELECTRONICS,4659.14,8.6,Sylhet,RedX,Cash on Delivery,4.6,2,1,Delayed
102960,2024-06-23,Groceries,2983.84,7.6,Sylhet,Red X,Mobile Banking,4.2,1,1,On-Time
108648,2023-02-08,beauty,538.11,14.1,Rajshahi,Sundarban,Cash on Delivery,5.0,3,0,On-Time
100127,2023-05-21,Home and Kitchen,1067.38,3.1,Khulna,SA Paribahan,Cash on Delivery,4.4,4,0,Cancelled
103422,2023-03-31,ELECTRONICS,3748.1,64.0,Chattogram,Sundarban,Mobile Banking,4.5,1,0,Delayed
105019,2024-05-07,Beauty,1494.13,16.3,Dhaka,Sundorbon,Cash on Delivery,4.3,1,0,Delayed
100248,2023-08-16,ELECTRONICS,720.53,18.7,Rajshahi,SA Paribahan,Mobile Banking,3.1,2,0,Cancelled
108208,2023-12-13,ELECTRONICS,2923.35,1.7,Dhaka,sundarban,Cash on Delivery,3.8,2,1,On-Time
108328,2023-06-27,Books,6351.49,35.6,Khulna,redx,Mobile Banking,3.8,2,0,On-Time
105445,2024-03-02,electronics,274.77,28.7,Dhaka,pathao,Cash on Delivery,4.8,3,0,On-Time
106870,2024-04-29,electronics,641.98,3.3,Dhaka,Pathao,Cash on Delivery,3.8,3,1,Delayed
104760,2023-06-27,Clothing,1912.18,36.7,Sylhet,redx,Mobile Banking,5.0,2,0,On-Time
104734,2023-10-03,clothing,998.36,7.3,Khulna,SA Paribahan,Cash on Delivery,4.2,2,1,Delayed
108438,2023-01-11,electronics,1121.23,62.9,Dhaka,PATHAO,Card,4.5,1,0,On-Time
101750,2024-12-08,Groceries,2231.48,10.0,Chattogram,Pathao,Cash on Delivery,4.1,2,0,On-Time
106869,2024-02-21,Home and Kitchen,718.42,27.0,Dhaka,Pathao,Cash on Delivery,3.8,3,1,Delayed
104027,2024-04-24,Clothing,226.21,34.5,Dhaka,Sundorbon,Mobile Banking,3.7,2,1,Delayed
102648,2023-12-21,Books,837.3,47.6,Dhaka,SA Paribahan,Cash on Delivery,3.5,1,0,Delayed
105367,2023-12-05,home & kitchen,794.71,1.9,Chattogram,Pathao,Card,4.0,2,0,On-Time
104703,2023-08-12,Electronics,746.87,1.3,Khulna,Pathao,Card,3.9,1,0,On-Time
104544,2024-11-22,ELECTRONICS,4038.84,1.0,Dhaka,Pathao,Card,3.6,1,1,On-Time
106155,2023-10-07,Beauty,157.0,17.9,Chattogram,redx,Cash on Delivery,4.5,1,1,On-Time
105284,2023-03-21,Clothing,823.61,8.8,Chattogram,Red X,Card,5.0,1,0,On-Time
108869,2024-07-27,Clothing,10483.18,38.1,Dhaka,PATHAO,Cash on Delivery,4.2,3,1,Delayed
102142,2024-08-26,clothing,219.71,42.2,Dhaka,PATHAO,Cash on Delivery,4.1,6,1,Delayed
100639,2023-08-23,Grocery,1950.85,6.8,Dhaka,Red X,Cash on Delivery,4.1,3,1,On-Time
103246,2023-09-05,Clothing,182.68,34.5,Dhaka,RedX,Cash on Delivery,4.3,1,0,On-Time
105244,2023-03-11,Electronics,,3.9,Rajshahi,E-Courier,Card,4.0,1,0,On-Time
105973,2024-06-30,Clothing,485.7,11.2,Chattogram,redx,Cash on Delivery,4.7,3,0,Cancelled
106811,2024-08-06,Clothing,1009.18,16.1,Chattogram,PATHAO,Cash on Delivery,4.5,1,0,On-Time
107253,2023-09-03,home & kitchen,1419.69,5.9,Dhaka,RedX,Cash on Delivery,4.4,3,1,On-Time
105179,2023-09-23,ELECTRONICS,150.0,15.1,Dhaka,sundarban,Mobile Banking,3.6,2,1,Delayed
106159,2024-07-11,home & kitchen,615.71,14.7,Khulna,Red X,Cash on Delivery,4.4,1,0,Delayed
101696,2024-12-25,groceries,1166.0,9.7,Dhaka,pathao,Cash on Delivery,4.5,2,1,On-Time
103172,2024-06-16,clothing,748.88,1.6,Dhaka,RedX,Cash on Delivery,4.2,5,1,On-Time
105022,2024-10-28,ELECTRONICS,216.9,8.0,Dhaka,sa paribahan,Cash on Delivery,4.8,1,1,Delayed
108266,2023-02-14,clothing,5441.28,1.5,Chattogram,PATHAO,Cash on Delivery,4.6,4,1,On-Time
102288,2024-10-21,clothing,895.6,3.2,Dhaka,S.A. Paribahan,Cash on Delivery,4.7,3,1,On-Time
107493,2023-01-20,ELECTRONICS,650.76,36.2,Khulna,ecourier,Mobile Banking,3.4,1,0,Delayed
105229,2023-06-08,clothing,345.59,5.9,Dhaka,Pathao,Cash on Delivery,4.2,1,0,On-Time
100617,2024-01-28,Books,841.95,24.8,Khulna,PATHAO,Cash on Delivery,,1,1,Delayed
101733,2024-02-02,Groceries,3660.11,32.6,Dhaka,Red X,Card,4.1,2,1,On-Time
105922,2023-03-05,home & kitchen,150.0,13.9,Sylhet,Red X,Cash on Delivery,4.8,3,1,On-Time
107704,2024-05-08,clothing,1155.99,27.3,Dhaka,E-Courier,Cash on Delivery,4.0,2,1,Delayed
105631,2023-11-16,electronics,1927.19,9.2,Dhaka,,Cash on Delivery,3.5,4,1,On-Time
107712,2023-05-14,Clothing,2610.45,2.8,Khulna,Red X,Mobile Banking,5.0,1,0,Delayed
106975,2023-06-28,ELECTRONICS,1046.5,4.4,Sylhet,sa paribahan,Cash on Delivery,,2,1,Delayed
106538,2023-03-27,Home and Kitchen,3332.85,2.1,Dhaka,Red X,Mobile Banking,3.6,1,0,On-Time
102637,2023-06-10,Home & Kitchen,4294.0,8.7,Khulna,Red X,Cash on Delivery,3.8,2,0,On-Time
108129,2024-10-31,Grocery,733.23,11.8,Dhaka,Pathao,Card,,3,1,On-Time
106391,2023-11-19,clothing,2581.45,26.7,Dhaka,Sundorbon,Cash on Delivery,4.9,5,0,Delayed
102136,2024-04-08,Clothing,,1.0,Dhaka,Red X,Card,4.0,3,1,On-Time
102180,2024-06-23,Beauty,404.21,17.5,Dhaka,sundarban,Cash on Delivery,3.6,3,1,Cancelled
103896,2024-08-16,Electronics,1605.94,44.8,Dhaka,Pathao,Cash on Delivery,3.7,2,0,Delayed
101772,2024-03-28,Groceries,218.44,3.6,Dhaka,Pathao,Card,4.4,1,1,Delayed
103496,2024-01-03,Clothing,2347.84,1.8,Dhaka,PATHAO,Mobile Banking,4.2,3,0,On-Time
105149,2024-06-26,books,1204.86,5.5,Dhaka,Red X,Cash on Delivery,4.3,5,1,On-Time
106601,2023-02-24,Groceries,2393.76,1.2,Dhaka,eCourier,Mobile Banking,3.7,5,0,On-Time
103969,2024-07-20,Clothing,3996.01,73.6,Khulna,sa paribahan,Cash on Delivery,3.7,5,0,Delayed
101561,2024-09-02,Clothing,1146.38,2.7,Chattogram,PATHAO,Mobile Banking,4.2,3,0,On-Time
106719,2023-02-20,Clothing,794.98,13.0,Dhaka,pathao,Cash on Delivery,3.2,4,0,On-Time
101144,2024-09-18,Beauty,4716.31,22.6,Dhaka,eCourier,Cash on Delivery,5.0,1,0,Delayed
104207,2024-01-15,Electronics,801.17,56.9,Khulna,E-Courier,Mobile Banking,4.7,4,1,Delayed
101028,2023-07-31,Books,1832.79,9.3,Dhaka,S.A. Paribahan,Cash on Delivery,4.3,4,0,On-Time
108450,2023-12-24,clothing,916.65,4.6,Dhaka,sa paribahan,Cash on Delivery,4.9,3,1,On-Time
103428,2023-01-25,groceries,752.26,9.5,Sylhet,eCourier,Mobile Banking,5.0,4,0,On-Time
106709,2023-03-16,clothing,1761.44,3.9,Khulna,pathao,Cash on Delivery,5.0,1,1,On-Time
102465,2024-09-20,Beauty,,1.3,Chattogram,E-Courier,Card,4.5,3,0,On-Time
101498,2023-05-19,books,150.0,1.0,Chattogram,eCourier,Cash on Delivery,4.7,4,0,On-Time
106834,2023-05-20,Electronics,6103.86,5.5,Rajshahi,RedX,Card,4.9,3,1,On-Time
107820,2023-11-01,Clothing,1250.46,3.7,Sylhet,S.A. Paribahan,Cash on Delivery,4.5,2,0,On-Time
106093,2023-08-05,Books,150.0,25.3,Sylhet,Sundorbon,Mobile Banking,4.1,3,0,Delayed
100864,2023-12-08,clothing,407.52,16.7,Dhaka,Red X,Cash on Delivery,2.7,2,0,Delayed
107301,2023-12-28,Grocery,150.0,7.0,Chattogram,Sundorbon,Cash on Delivery,4.0,1,0,On-Time
106920,2024-06-22,beauty,1149.19,17.1,Chattogram,pathao,Cash on Delivery,4.5,3,1,On-Time
101749,2023-12-12,Books,599.07,11.8,Sylhet,redx,Cash on Delivery,4.3,2,1,On-Time
101025,2024-11-05,Grocery,2491.06,20.7,Khulna,sundarban,Cash on Delivery,3.9,4,0,On-Time
103738,2024-09-01,ELECTRONICS,405.25,18.2,Chattogram,Red X,Cash on Delivery,3.7,1,1,Delayed
101447,2024-04-09,Grocery,1656.66,1.0,Dhaka,PATHAO,Cash on Delivery,3.2,2,0,Delayed
100082,2024-02-23,Books,1077.24,7.3,Chattogram,Red X,Card,3.8,1,0,On-Time
101041,2023-05-20,Home and Kitchen,1028.91,3.9,Khulna,PATHAO,Mobile Banking,3.1,3,0,Delayed
103921,2024-05-13,Clothing,2381.31,5.5,Khulna,pathao,Mobile Banking,3.1,2,0,On-Time
101205,2023-03-21,clothing,357.82,8.0,Dhaka,S.A. Paribahan,Cash on Delivery,4.3,2,0,On-Time
104817,2024-04-09,Groceries,2070.26,24.2,Dhaka,PATHAO,Mobile Banking,,3,0,Delayed
106785,2023-02-25,Grocery,1539.37,3.1,Sylhet,pathao,Cash on Delivery,4.7,3,0,On-Time
108290,2023-12-02,clothing,341.25,10.0,Dhaka,ecourier,Mobile Banking,3.8,1,1,Delayed
108110,2024-11-20,ELECTRONICS,652.23,17.4,Dhaka,RedX,Mobile Banking,4.1,2,1,On-Time
107793,2023-11-14,beauty,4338.73,5.7,Dhaka,Red X,Card,4.1,1,0,On-Time
104327,2024-05-11,Home & Kitchen,1456.36,14.2,Dhaka,pathao,Mobile Banking,4.5,1,0,On-Time
108502,2023-12-22,Home & Kitchen,4802.18,11.6,Chattogram,pathao,Card,4.2,1,0,On-Time
100875,2023-06-17,Electronics,150.0,26.0,Rajshahi,ecourier,Card,4.4,3,1,Delayed
105807,2023-04-17,Groceries,2774.85,21.5,Khulna,Sundorbon,Cash on Delivery,5.0,1,1,On-Time
101125,2023-11-12,books,1435.86,13.7,Khulna,Pathao,Mobile Banking,3.7,3,0,On-Time
107516,2023-08-24,clothing,150.0,16.1,Dhaka,redx,Mobile Banking,3.4,3,0,On-Time
106562,2024-07-12,Home & Kitchen,1716.63,13.7,Dhaka,Red X,Cash on Delivery,4.6,2,1,Delayed
106528,2024-12-28,Grocery,175.85,5.3,Chattogram,PATHAO,Card,3.7,5,1,On-Time
104953,2023-01-04,Home & Kitchen,1393.99,3.3,Dhaka,Red X,Cash on Delivery,4.7,1,1,Delayed
108966,2024-03-12,ELECTRONICS,960.88,30.6,Dhaka,RedX,Cash on Delivery,3.4,4,0,Cancelled
100599,2024-04-10,ELECTRONICS,4751.23,12.7,Khulna,sa paribahan,Cash on Delivery,3.6,5,0,On-Time
106470,2023-04-20,groceries,2767.67,31.4,Chattogram,Pathao,Cash on Delivery,4.3,5,1,On-Time
107150,2023-05-17,books,814.22,1.2,Khulna,sundarban,Mobile Banking,3.2,3,0,Delayed
102602,2024-02-10,Home and Kitchen,211.66,5.1,Rajshahi,S.A. Paribahan,Cash on Delivery,2.9,2,0,On-Time
104611,2024-09-17,Electronics,2829.68,10.9,Dhaka,Pathao,Cash on Delivery,4.0,1,0,On-Time
103320,2024-04-06,Home and Kitchen,769.29,9.0,Chattogram,Pathao,Mobile Banking,4.0,1,0,On-Time
100896,2024-04-28,beauty,3602.78,1.3,Dhaka,Red X,Mobile Banking,5.0,1,0,On-Time
107885,2024-05-21,beauty,1733.41,20.1,Sylhet,pathao,Mobile Banking,4.1,3,0,Delayed
102928,2023-01-31,beauty,286.75,24.2,Khulna,Sundorbon,Card,4.0,2,0,On-Time
100241,2024-02-13,electronics,6266.82,17.3,Chattogram,sundarban,Mobile Banking,4.3,1,0,On-Time
101357,2023-12-27,clothing,411.48,32.1,Dhaka,redx,Cash on Delivery,4.2,2,0,On-Time
103618,2023-04-21,Groceries,1106.71,1.4,Chattogram,RedX,Mobile Banking,3.6,1,1,Delayed
102562,2024-12-30,clothing,1908.5,6.3,Dhaka,Red X,Cash on Delivery,4.8,2,0,Delayed
101133,2024-06-01,Clothing,4763.85,12.4,Chattogram,RedX,Mobile Banking,4.5,1,0,On-Time
108278,2024-12-01,beauty,150.63,9.4,Dhaka,Red X,Cash on Delivery,5.0,1,1,On-Time
107451,2024-10-27,ELECTRONICS,852.87,30.1,Dhaka,pathao,Card,4.0,1,0,Delayed
106192,2023-07-03,ELECTRONICS,841.02,9.7,Dhaka,Pathao,Card,4.3,4,1,On-Time
104152,2024-01-30,Clothing,421.76,13.7,Chattogram,pathao,Cash on Delivery,3.8,6,0,On-Time
100928,2023-05-06,Groceries,4230.25,8.1,Sylhet,Red X,Cash on Delivery,4.2,2,1,On-Time
103050,2024-12-19,ELECTRONICS,863.66,2.0,Dhaka,ecourier,Cash on Delivery,4.1,1,0,Delayed
106836,2023-02-22,ELECTRONICS,2666.66,2.8,Sylhet,RedX,Cash on Delivery,4.8,2,0,On-Time
108983,2023-01-21,Groceries,332.49,23.5,Dhaka,pathao,Mobile Banking,3.4,3,0,Delayed
107587,2023-05-11,books,575.84,1.6,Khulna,pathao,Card,3.3,4,0,Delayed
100095,2024-10-15,groceries,,11.9,Dhaka,Red X,Cash on Delivery,,2,0,On-Time
104072,2024-06-11,Electronics,2055.25,4.5,Sylhet,SA Paribahan,Cash on Delivery,,1,1,Delayed
107860,2023-10-11,Clothing,1019.04,1.4,Dhaka,eCourier,Mobile Banking,3.4,5,0,On-Time
104575,2023-05-13,clothing,872.21,17.6,Dhaka,RedX,Mobile Banking,4.5,2,1,Delayed
104651,2023-02-23,Books,3633.78,8.0,Chattogram,Pathao,Cash on Delivery,3.0,3,1,On-Time
101094,2023-02-25,Beauty,4090.51,2.2,Sylhet,SA Paribahan,Card,4.4,3,0,On-Time
106007,2024-08-14,Clothing,158.09,25.7,Dhaka,RedX,Cash on Delivery,4.5,3,0,Delayed
103788,2024-11-27,Electronics,831.78,18.4,Dhaka,Pathao,Mobile Banking,4.0,2,0,Cancelled
100552,2024-08-12,beauty,221.75,1.0,Rajshahi,ecourier,Cash on Delivery,4.2,3,0,On-Time
107007,2023-11-07,ELECTRONICS,4883.25,27.1,Dhaka,SA Paribahan,Cash on Delivery,3.8,3,1,On-Time
105955,2024-02-07,electronics,1993.81,18.1,Chattogram,sa paribahan,Mobile Banking,5.0,4,1,On-Time
108968,2024-07-02,Clothing,9042.88,24.2,Dhaka,redx,Mobile Banking,3.1,2,1,Delayed
100072,2023-10-31,clothing,2796.54,1.9,Dhaka,RedX,Cash on Delivery,3.9,3,1,On-Time
106810,2023-11-23,groceries,1476.66,1.2,Dhaka,Pathao,Mobile Banking,3.8,1,0,On-Time
106231,2024-06-25,Clothing,945.91,5.6,Khulna,pathao,Card,3.7,3,0,On-Time
107502,2024-09-30,groceries,765.45,5.9,Chattogram,Pathao,Mobile Banking,4.1,2,1,On-Time
103154,2024-03-18,beauty,151.17,1.5,Dhaka,pathao,Card,3.8,8,0,On-Time
105460,2024-02-09,Books,714.24,5.8,Khulna,Sundarban,Cash on Delivery,3.9,2,1,On-Time
107841,2024-10-28,Electronics,1164.15,20.4,Chattogram,S.A. Paribahan,Cash on Delivery,4.1,2,0,On-Time
105274,2024-02-07,books,2292.57,30.6,Sylhet,Sundarban,Card,4.1,2,0,Cancelled
107792,2024-06-13,books,983.79,5.0,Rajshahi,pathao,Card,4.3,3,0,On-Time
103369,2023-09-30,Grocery,471.34,31.6,Dhaka,Sundorbon,Cash on Delivery,3.8,5,0,On-Time
103448,2024-03-16,Clothing,1264.53,11.3,Dhaka,Sundarban,Card,3.9,1,0,On-Time
104358,2023-06-05,electronics,752.92,11.9,Khulna,Sundorbon,Cash on Delivery,4.6,3,1,On-Time
106662,2023-06-15,Electronics,6875.75,10.4,Rajshahi,sa paribahan,Cash on Delivery,4.5,1,0,On-Time
104224,2024-03-26,books,592.25,13.2,Chattogram,redx,Cash on Delivery,3.9,1,0,On-Time
102264,2024-07-16,Clothing,1086.72,28.2,Chattogram,pathao,Cash on Delivery,4.4,4,1,On-Time
105163,2024-02-09,clothing,2913.68,16.8,Sylhet,pathao,Mobile Banking,5.0,5,0,On-Time
106560,2024-09-20,Groceries,,1.0,Chattogram,sa paribahan,Mobile Banking,4.8,2,1,On-Time
108714,2024-07-19,electronics,2901.52,13.9,Rajshahi,PATHAO,Cash on Delivery,4.2,1,1,Delayed
104573,2023-02-22,home & kitchen,5468.58,36.9,Khulna,Red X,Card,4.3,3,1,On-Time
108023,2024-03-24,clothing,150.0,18.0,Dhaka,pathao,Cash on Delivery,4.0,1,1,On-Time
106109,2023-12-01,groceries,1879.36,17.2,Khulna,SA Paribahan,Cash on Delivery,4.7,2,1,On-Time
100068,2023-01-19,clothing,5691.6,26.7,Dhaka,sundarban,Mobile Banking,4.4,1,0,On-Time
103022,2024-02-16,Clothing,495.0,1.1,Rajshahi,redx,Mobile Banking,3.6,2,0,Delayed
106694,2023-06-29,electronics,1784.86,7.5,Dhaka,ecourier,Mobile Banking,4.8,2,0,On-Time
108679,2023-08-27,Beauty,1777.81,7.8,Chattogram,Red X,Cash on Delivery,4.1,9,1,On-Time
100043,2023-09-21,Home and Kitchen,1828.26,1.9,Khulna,pathao,Cash on Delivery,3.9,5,0,Delayed
103091,2023-06-09,electronics,378.96,21.5,Dhaka,PATHAO,Card,4.6,5,0,Delayed
104681,2023-07-23,Electronics,150.0,33.1,Dhaka,redx,Mobile Banking,3.0,3,1,On-Time
100513,2023-04-17,electronics,1213.75,8.0,Dhaka,Red X,Mobile Banking,4.6,1,0,On-Time
104058,2023-06-02,clothing,1693.8,3.0,Sylhet,Sundorbon,Card,3.6,2,0,On-Time
106199,2023-05-19,clothing,,41.9,Dhaka,,Cash on Delivery,4.2,1,1,Delayed
100504,2023-06-17,Clothing,1726.57,1.7,Rajshahi,Pathao,Cash on Delivery,4.2,2,1,On-Time
106431,2023-10-27,electronics,758.42,1.4,Dhaka,E-Courier,Mobile Banking,4.1,2,0,Delayed
105231,2024-06-11,home & kitchen,454.74,66.7,Khulna,SA Paribahan,Cash on Delivery,4.3,1,0,Delayed
105624,2024-08-13,Electronics,338.15,15.1,Sylhet,sa paribahan,Mobile Banking,3.4,1,1,Delayed
105951,2023-09-03,Electronics,836.33,4.0,Dhaka,RedX,Card,4.9,4,1,On-Time
105902,2024-11-06,home & kitchen,2277.88,5.4,Dhaka,Pathao,Cash on Delivery,4.6,2,1,On-Time
108003,2024-07-24,Clothing,150.0,15.0,Dhaka,pathao,Cash on Delivery,3.8,1,1,Delayed
102150,2024-03-19,Groceries,521.92,5.1,Dhaka,Red X,Cash on Delivery,3.9,1,1,On-Time
100215,2024-09-24,Books,2432.95,1.3,Chattogram,Pathao,Cash on Delivery,3.8,3,0,On-Time
105996,2024-09-21,Grocery,4731.42,10.6,Chattogram,Pathao,Card,3.6,1,0,On-Time
100027,2023-11-23,ELECTRONICS,150.0,1.5,Dhaka,PATHAO,Cash on Delivery,4.5,3,0,On-Time
100975,2024-04-12,clothing,1387.88,48.4,Chattogram,Sundarban,Card,4.4,5,1,On-Time
103146,2023-07-10,ELECTRONICS,1342.64,2.8,Dhaka,Pathao,Mobile Banking,3.7,1,1,On-Time
105430,2023-05-19,clothing,4310.52,3.1,Chattogram,PATHAO,Cash on Delivery,4.7,3,1,On-Time
103138,2024-03-27,Books,150.0,13.0,Dhaka,RedX,Mobile Banking,3.3,1,0,Delayed
103603,2024-03-04,groceries,3346.05,3.0,Khulna,S.A. Paribahan,Cash on Delivery,4.8,3,0,On-Time
104243,2024-05-06,clothing,150.0,7.6,Chattogram,SA Paribahan,Card,3.3,3,0,On-Time
107772,2024-11-12,Groceries,819.59,11.0,Khulna,redx,Mobile Banking,3.7,3,0,Delayed
104373,2024-02-21,clothing,1666.94,,Sylhet,PATHAO,Mobile Banking,5.0,2,1,On-Time
107722,2024-11-23,groceries,2662.65,12.4,Dhaka,RedX,Cash on Delivery,3.5,2,0,On-Time
104013,2023-11-02,ELECTRONICS,1594.78,50.2,Dhaka,Pathao,Card,5.0,3,0,Delayed
103057,2023-01-19,Electronics,1876.2,8.9,Dhaka,pathao,Cash on Delivery,,1,0,On-Time
101894,2023-05-15,home & kitchen,1743.76,10.9,Dhaka,Pathao,Cash on Delivery,4.1,2,0,Delayed
106850,2023-03-12,home & kitchen,1619.71,15.4,Chattogram,PATHAO,Mobile Banking,2.9,1,1,On-Time
100852,2023-01-05,Home and Kitchen,2128.24,5.8,Dhaka,E-Courier,Mobile Banking,3.7,1,1,On-Time
103968,2023-03-02,Groceries,378.87,1.0,Dhaka,Sundorbon,Card,,3,1,On-Time
101219,2024-04-16,Books,4050.53,22.8,Dhaka,RedX,Cash on Delivery,4.8,1,1,On-Time
100146,2024-03-11,electronics,2330.52,20.1,Dhaka,S.A. Paribahan,Mobile Banking,4.2,2,1,On-Time
100929,2023-02-25,Groceries,4501.03,5.5,Sylhet,redx,Cash on Delivery,4.3,4,1,Delayed
107863,2024-01-30,ELECTRONICS,4557.4,20.3,Chattogram,S.A. Paribahan,Cash on Delivery,4.5,3,0,Delayed
100367,2023-01-18,electronics,821.93,12.5,Dhaka,S.A. Paribahan,Cash on Delivery,3.9,2,1,On-Time
108738,2023-12-18,Grocery,4734.27,1.0,Dhaka,Pathao,Cash on Delivery,4.3,2,1,On-Time
101775,2023-10-24,Beauty,9006.15,12.9,Sylhet,PATHAO,Mobile Banking,3.6,1,1,On-Time
104280,2024-03-21,Groceries,1176.81,14.1,Chattogram,PATHAO,Cash on Delivery,4.1,1,0,On-Time
106540,2024-01-30,clothing,5447.27,5.7,Dhaka,RedX,Cash on Delivery,4.3,7,1,On-Time
100913,2024-09-19,clothing,1260.9,33.7,Chattogram,Pathao,Cash on Delivery,3.7,2,0,Delayed
105484,2024-09-03,Grocery,2962.22,4.3,Dhaka,eCourier,Card,4.7,1,1,On-Time
100214,2024-04-16,Home and Kitchen,252.29,5.4,Chattogram,redx,Mobile Banking,4.8,2,0,On-Time
100319,2024-08-12,Electronics,150.0,8.9,Dhaka,pathao,Mobile Banking,,6,0,On-Time
100184,2023-03-01,Electronics,422.45,35.0,Dhaka,Red X,Cash on Delivery,4.1,2,0,Cancelled
102859,2024-02-21,clothing,534.09,35.9,Rajshahi,sa paribahan,Mobile Banking,4.1,2,0,On-Time
105488,2023-09-08,Home & Kitchen,922.21,14.3,Dhaka,E-Courier,Cash on Delivery,4.2,4,1,On-Time
106136,2023-05-28,Books,730.84,,Dhaka,Pathao,Cash on Delivery,3.6,5,0,On-Time
103011,2024-11-05,Clothing,3670.38,1.0,Chattogram,PATHAO,Card,4.2,2,0,On-Time
101442,2024-04-14,Grocery,2887.74,39.3,Chattogram,RedX,Card,4.1,2,1,Delayed
105750,2023-08-13,Grocery,2729.84,65.4,Sylhet,pathao,Mobile Banking,4.1,8,0,Delayed
103597,2023-07-08,ELECTRONICS,4641.58,30.4,Khulna,Pathao,Cash on Delivery,3.9,5,0,Delayed
108727,2023-05-17,Clothing,471.68,1.0,Dhaka,RedX,Cash on Delivery,4.0,1,1,On-Time
105084,2024-05-11,Clothing,317.58,32.8,Dhaka,redx,Cash on Delivery,5.0,1,0,On-Time
101024,2024-10-14,Clothing,1061.84,35.6,Dhaka,sa paribahan,Cash on Delivery,5.0,2,0,Delayed
101319,2023-04-15,Electronics,4095.3,9.7,Dhaka,Sundorbon,Cash on Delivery,3.2,2,0,On-Time
108134,2023-11-04,Electronics,1942.85,,Dhaka,sundarban,Card,2.6,6,1,On-Time
101051,2024-03-07,electronics,631.78,20.0,Dhaka,SA Paribahan,Mobile Banking,4.0,1,1,On-Time
105390,2023-10-05,electronics,1086.47,5.6,Sylhet,pathao,Mobile Banking,4.4,1,1,Delayed
107093,2023-07-16,Grocery,150.0,11.5,Khulna,Sundarban,Cash on Delivery,3.3,2,0,Delayed
108629,2023-06-04,Home & Kitchen,503.43,12.5,Dhaka,Pathao,Mobile Banking,3.8,2,0,On-Time
102092,2023-08-24,Electronics,5142.08,,Sylhet,ecourier,Cash on Delivery,5.0,1,0,On-Time
107553,2024-08-11,Grocery,782.59,1.0,Chattogram,Pathao,Cash on Delivery,3.9,3,0,Delayed
107718,2023-07-10,Clothing,2860.61,5.1,Dhaka,sundarban,Card,4.2,4,1,Delayed
103558,2023-10-24,Groceries,1270.09,1.0,Dhaka,Sundorbon,Cash on Delivery,4.4,3,0,On-Time
102912,2024-08-05,Electronics,5681.66,1.1,Chattogram,eCourier,Cash on Delivery,3.9,1,0,Delayed
104527,2023-09-01,Clothing,752.61,47.4,Dhaka,Sundarban,Card,3.8,4,1,Cancelled
104069,2024-03-15,beauty,2830.75,4.9,Khulna,Pathao,Cash on Delivery,4.9,3,1,On-Time
108364,2023-12-16,beauty,5489.86,9.6,Dhaka,sundarban,Mobile Banking,3.9,2,0,Delayed
106635,2024-03-19,Home & Kitchen,1035.75,67.5,Khulna,pathao,Cash on Delivery,3.4,1,0,Cancelled
102472,2024-06-05,Home & Kitchen,1482.23,43.9,Chattogram,sundarban,Mobile Banking,,3,0,Delayed
108740,2023-01-12,Clothing,1367.86,9.7,Rajshahi,RedX,Cash on Delivery,,3,0,On-Time
104783,2023-04-26,Home & Kitchen,293.88,1.0,Chattogram,RedX,Mobile Banking,,4,0,Delayed
102673,2023-05-11,clothing,1081.6,56.2,Dhaka,PATHAO,Card,3.5,1,0,Delayed
102826,2024-10-18,clothing,,12.6,Khulna,,Cash on Delivery,4.2,1,0,On-Time
100484,2023-10-08,Groceries,370.29,7.9,Rajshahi,Sundorbon,Card,4.0,5,1,On-Time
100362,2023-08-05,Home & Kitchen,4148.41,11.5,Dhaka,Red X,Cash on Delivery,4.0,5,0,On-Time
107176,2023-02-20,Home and Kitchen,1280.38,10.5,Khulna,PATHAO,Cash on Delivery,4.4,2,0,On-Time
108211,2023-06-16,Clothing,231.49,6.8,Sylhet,sundarban,Cash on Delivery,3.5,4,0,Delayed
100433,2023-01-04,clothing,561.04,6.5,Rajshahi,pathao,Mobile Banking,4.1,1,0,On-Time
101520,2023-07-14,Clothing,,26.5,Dhaka,PATHAO,Card,3.6,3,1,On-Time
103768,2024-09-14,beauty,150.0,5.6,Sylhet,Red X,Cash on Delivery,5.0,3,1,On-Time
104075,2023-09-07,Beauty,3987.42,17.4,Dhaka,Red X,Cash on Delivery,5.0,3,1,On-Time
106814,2024-07-04,clothing,728.13,8.8,Chattogram,ecourier,Cash on Delivery,4.0,2,1,Delayed
101413,2023-12-31,Clothing,2212.91,6.3,Dhaka,Sundarban,Mobile Banking,3.7,5,1,On-Time
108704,2024-01-05,groceries,,10.6,Chattogram,Sundarban,Cash on Delivery,3.6,2,0,Delayed
103566,2024-12-24,Home and Kitchen,150.0,26.5,Sylhet,Pathao,Card,4.2,3,1,On-Time
103514,2024-03-10,Clothing,4251.21,39.1,Dhaka,Sundarban,Cash on Delivery,3.7,1,0,On-Time
103817,2023-10-28,ELECTRONICS,625.37,14.5,Dhaka,E-Courier,Card,5.0,5,1,On-Time
106038,2023-01-06,Electronics,851.94,1.0,Chattogram,E-Courier,Mobile Banking,3.6,2,1,Delayed
100704,2024-06-29,ELECTRONICS,427.01,23.5,Khulna,RedX,Cash on Delivery,5.0,1,1,Delayed
107872,2023-08-27,Clothing,2704.05,4.0,Dhaka,RedX,Card,5.0,2,0,On-Time
100343,2024-10-21,beauty,1152.54,20.2,Sylhet,ecourier,Mobile Banking,4.3,4,1,On-Time
108847,2023-09-17,clothing,915.82,,Sylhet,sa paribahan,Card,4.9,1,0,Delayed
102736,2023-11-22,Home & Kitchen,1699.22,1.0,Sylhet,Pathao,Card,4.0,5,1,On-Time
102056,2023-05-22,Clothing,4278.7,61.3,Dhaka,ecourier,Cash on Delivery,4.3,9,0,Delayed
108191,2024-04-24,home & kitchen,1779.86,10.9,Sylhet,SA Paribahan,Card,3.7,1,0,On-Time
105544,2024-04-20,ELECTRONICS,685.0,52.4,Dhaka,E-Courier,Cash on Delivery,4.6,5,1,Delayed
101001,2023-05-20,Clothing,1173.41,3.2,Dhaka,,Mobile Banking,4.2,3,0,On-Time
108925,2023-03-23,Groceries,3638.19,27.5,Dhaka,SA Paribahan,Cash on Delivery,,1,1,On-Time
101172,2023-01-28,Home & Kitchen,1146.27,19.2,Dhaka,Red X,Cash on Delivery,3.5,1,0,On-Time
102591,2024-02-14,Clothing,826.83,3.1,Sylhet,RedX,Cash on Delivery,4.7,3,0,On-Time
101122,2023-01-29,Clothing,4223.46,1.9,Dhaka,Red X,Mobile Banking,3.5,5,1,On-Time
106021,2023-10-31,Grocery,237.48,17.0,Khulna,eCourier,Mobile Banking,4.1,2,0,On-Time
107227,2023-03-09,Home & Kitchen,535.67,25.9,Sylhet,RedX,Cash on Delivery,4.3,1,0,Delayed
108305,2023-07-06,Grocery,929.94,1.0,Chattogram,,Cash on Delivery,3.9,2,1,On-Time
108264,2023-01-19,groceries,1306.53,8.2,Khulna,PATHAO,Cash on Delivery,3.9,2,1,On-Time
105834,2024-07-06,Home & Kitchen,395.89,37.2,Chattogram,PATHAO,Cash on Delivery,4.8,2,0,On-Time
105399,2024-07-19,beauty,600.7,16.3,Khulna,pathao,Cash on Delivery,3.2,4,0,On-Time
104227,2023-09-30,groceries,150.0,13.8,Dhaka,eCourier,Card,4.5,3,0,On-Time
104291,2024-04-18,Home and Kitchen,823.99,3.7,Rajshahi,RedX,Card,3.8,3,0,Delayed
103423,2023-03-31,books,3310.85,8.8,Sylhet,E-Courier,Cash on Delivery,5.0,5,0,On-Time
102734,2024-03-29,Home and Kitchen,2036.82,13.2,Dhaka,sa paribahan,Cash on Delivery,3.1,2,0,On-Time
105739,2023-03-17,books,493.5,13.9,Rajshahi,sa paribahan,Cash on Delivery,3.9,1,1,On-Time
101151,2024-09-08,clothing,2048.03,2.5,Chattogram,PATHAO,Card,4.8,1,0,On-Time
108026,2024-03-28,electronics,461.96,43.5,Sylhet,Pathao,Cash on Delivery,4.2,1,0,Delayed
104781,2024-08-11,clothing,2178.42,4.3,Dhaka,pathao,Mobile Banking,3.7,2,0,On-Time
104110,2023-07-25,groceries,715.01,7.0,Dhaka,E-Courier,Card,2.6,1,0,On-Time
107342,2023-08-22,Home & Kitchen,2783.83,1.9,Dhaka,eCourier,Cash on Delivery,4.0,1,1,Delayed
104131,2024-11-30,electronics,1469.19,10.3,Khulna,SA Paribahan,Cash on Delivery,3.0,4,1,Delayed
105198,2024-10-15,Home & Kitchen,178.03,17.3,Khulna,sundarban,Cash on Delivery,3.8,1,0,Delayed
102685,2023-04-11,clothing,2563.07,17.7,Dhaka,Pathao,Cash on Delivery,4.1,4,0,Delayed
101551,2024-12-21,electronics,3272.48,4.2,Dhaka,PATHAO,Mobile Banking,5.0,5,0,On-Time
103915,2023-05-30,clothing,479.07,26.1,Dhaka,RedX,Cash on Delivery,4.4,1,0,On-Time
101920,2023-12-16,clothing,1374.56,20.0,Dhaka,RedX,Card,3.5,3,1,On-Time
107595,2024-12-14,home & kitchen,643.1,34.5,Dhaka,Pathao,Cash on Delivery,5.0,1,1,On-Time
101665,2023-07-18,clothing,1362.28,10.8,Sylhet,Sundorbon,Mobile Banking,4.7,2,0,Cancelled
101532,2024-12-02,clothing,4113.0,3.1,Sylhet,sundarban,Mobile Banking,4.3,2,1,On-Time
106150,2023-08-05,Groceries,2371.38,1.0,Dhaka,Sundarban,Cash on Delivery,4.1,3,1,On-Time
108607,2024-06-12,Groceries,657.14,9.6,Dhaka,Pathao,Card,3.9,3,0,On-Time
108214,2024-06-21,Electronics,2359.61,88.5,Dhaka,eCourier,Cash on Delivery,4.1,4,0,Delayed
105387,2024-03-24,ELECTRONICS,2351.04,5.4,Dhaka,Pathao,Mobile Banking,4.6,4,1,On-Time
103676,2023-09-07,Groceries,2284.5,60.7,Khulna,Sundarban,Cash on Delivery,3.8,3,1,Delayed
102995,2024-09-22,Grocery,2108.13,50.7,Dhaka,Pathao,Mobile Banking,,1,0,Delayed
107194,2024-11-15,Groceries,6714.07,55.1,Khulna,Pathao,Cash on Delivery,3.8,1,1,On-Time
100969,2023-03-23,home & kitchen,2233.24,4.0,Chattogram,pathao,Mobile Banking,3.7,3,0,Delayed
108705,2024-12-05,Home & Kitchen,150.0,12.5,Khulna,Pathao,Card,4.1,1,1,Delayed
101328,2023-03-28,groceries,735.64,19.0,Chattogram,E-Courier,Cash on Delivery,3.9,5,0,On-Time
107676,2023-06-11,ELECTRONICS,150.0,14.1,Chattogram,PATHAO,Cash on Delivery,3.6,1,0,On-Time
101935,2024-11-30,Grocery,1802.72,34.7,Dhaka,Red X,Card,,1,0,On-Time
101768,2023-10-09,Clothing,150.0,10.9,Dhaka,SA Paribahan,Card,5.0,3,1,On-Time
108454,2024-12-03,beauty,153.39,19.7,Khulna,Red X,Cash on Delivery,3.9,1,1,On-Time
102020,2023-10-17,ELECTRONICS,739.78,28.2,Dhaka,S.A. Paribahan,Card,3.9,2,0,On-Time
108361,2023-04-18,Grocery,186.76,21.1,Dhaka,redx,Card,3.8,4,0,Delayed
102139,2023-04-22,electronics,2183.1,4.8,Dhaka,SA Paribahan,Cash on Delivery,3.9,1,1,Delayed
100252,2023-12-02,home & kitchen,793.28,4.8,Dhaka,redx,Cash on Delivery,,1,0,Delayed
100034,2024-08-31,Clothing,183.57,33.6,Sylhet,Sundorbon,Cash on Delivery,3.9,1,0,Delayed
108409,2024-11-24,clothing,1790.42,3.2,Dhaka,sa paribahan,Cash on Delivery,4.2,1,1,On-Time
104624,2023-03-22,books,2018.14,1.0,Sylhet,redx,Mobile Banking,3.5,4,1,On-Time
106829,2023-08-15,Clothing,1177.65,17.5,Sylhet,pathao,Card,3.3,3,1,On-Time
100303,2023-09-02,clothing,1199.25,9.1,Sylhet,ecourier,Cash on Delivery,3.8,3,0,On-Time
101105,2024-12-15,books,2144.73,27.7,Dhaka,RedX,Cash on Delivery,3.0,2,0,Delayed
108444,2023-09-13,ELECTRONICS,4329.41,44.4,Khulna,ecourier,Cash on Delivery,4.0,2,1,Delayed
102542,2023-01-31,clothing,1815.08,1.0,Chattogram,Red X,Card,4.4,2,0,On-Time
108551,2023-05-21,Clothing,150.0,51.0,Rajshahi,pathao,Card,4.5,5,0,Cancelled
100760,2024-02-29,Electronics,3361.19,27.9,Rajshahi,eCourier,Mobile Banking,4.4,1,0,Delayed
107896,2024-03-30,Clothing,6712.73,5.0,Dhaka,pathao,Mobile Banking,4.9,2,0,On-Time
103956,2024-03-26,Home & Kitchen,703.82,10.1,Chattogram,Red X,Card,3.9,4,0,Cancelled
102467,2023-07-08,Clothing,969.99,16.8,Khulna,S.A. Paribahan,Cash on Delivery,4.6,2,1,Delayed
105870,2023-05-12,Groceries,3715.31,12.5,Sylhet,eCourier,Cash on Delivery,4.6,1,0,Delayed
101712,2024-01-06,clothing,1785.91,4.8,Chattogram,Sundorbon,Cash on Delivery,3.6,4,0,Cancelled
108668,2024-06-21,clothing,1060.64,27.9,Dhaka,sundarban,Card,4.5,3,0,Delayed
106722,2024-08-08,home & kitchen,1029.52,29.2,Chattogram,S.A. Paribahan,Cash on Delivery,3.7,3,0,On-Time
108406,2023-03-13,Beauty,3644.83,7.7,Dhaka,Sundarban,Card,4.5,2,0,On-Time
104071,2024-08-01,books,4148.42,6.3,Chattogram,E-Courier,Cash on Delivery,4.2,1,0,On-Time
104992,2024-05-28,clothing,705.24,39.1,Rajshahi,Red X,Cash on Delivery,3.7,3,0,On-Time
106217,2023-10-24,beauty,926.04,9.0,Sylhet,E-Courier,Cash on Delivery,4.8,4,1,On-Time
106648,2024-10-13,Grocery,968.56,31.8,Chattogram,Red X,Cash on Delivery,4.7,2,0,On-Time
108433,2023-10-24,clothing,2661.17,14.9,Khulna,SA Paribahan,Card,4.7,5,1,Delayed
106302,2024-07-30,groceries,1510.85,11.2,Chattogram,eCourier,Card,3.8,1,1,On-Time
101222,2023-10-19,Electronics,476.62,2.0,Sylhet,Red X,Cash on Delivery,5.0,3,0,On-Time
100191,2024-03-02,electronics,150.0,10.6,Dhaka,Sundorbon,Cash on Delivery,4.6,1,0,Cancelled
102302,2024-05-27,clothing,1977.74,1.0,Dhaka,eCourier,Cash on Delivery,3.4,1,1,Delayed
101526,2024-07-28,books,1148.7,8.1,Dhaka,PATHAO,Mobile Banking,5.0,2,0,Delayed
101661,2024-12-18,home & kitchen,150.0,2.3,Rajshahi,eCourier,Cash on Delivery,3.8,1,1,On-Time
103330,2023-06-29,beauty,150.0,3.8,Dhaka,RedX,Cash on Delivery,3.9,3,0,On-Time
106000,2023-09-10,Clothing,2328.69,,Dhaka,Pathao,Cash on Delivery,3.9,4,1,Delayed
103742,2024-02-05,Beauty,639.64,56.7,Sylhet,PATHAO,Mobile Banking,3.8,4,0,On-Time
102496,2023-01-05,Groceries,6487.14,33.5,Khulna,sa paribahan,Cash on Delivery,3.3,2,1,On-Time
102061,2023-09-21,Beauty,1685.69,7.8,Rajshahi,sundarban,Card,4.2,3,0,On-Time
108606,2024-08-29,Clothing,2111.29,21.8,Khulna,PATHAO,Cash on Delivery,3.3,1,1,On-Time
105289,2023-06-30,clothing,1525.96,37.0,Chattogram,sundarban,Cash on Delivery,3.5,5,1,Delayed
105106,2024-09-27,books,1343.44,33.9,Dhaka,SA Paribahan,Card,3.6,3,0,On-Time
102873,2023-11-02,Groceries,627.62,6.5,Dhaka,ecourier,Cash on Delivery,3.7,2,1,On-Time
105934,2024-03-16,Books,3077.35,13.1,Dhaka,RedX,Card,4.6,3,0,On-Time
108643,2023-01-14,books,159.16,11.3,Dhaka,Red X,Mobile Banking,4.6,5,0,On-Time
107449,2024-10-19,Clothing,150.0,26.7,Dhaka,RedX,Cash on Delivery,3.4,3,0,Delayed
100250,2023-11-20,Home and Kitchen,1555.37,34.6,Rajshahi,Red X,Cash on Delivery,4.3,2,0,On-Time
100964,2024-04-24,beauty,263.99,32.9,Sylhet,pathao,Mobile Banking,3.4,3,0,Delayed
105397,2023-04-12,Books,2589.15,3.3,Dhaka,S.A. Paribahan,Card,3.3,1,0,Delayed
105026,2023-08-17,Beauty,296.78,19.3,Dhaka,redx,Card,4.5,1,0,On-Time
102862,2024-03-09,Home & Kitchen,1366.34,2.3,Dhaka,S.A. Paribahan,Mobile Banking,4.4,1,0,On-Time
104475,2024-04-09,Grocery,698.62,5.5,Khulna,Red X,Cash on Delivery,3.5,2,1,On-Time
103848,2024-08-31,Beauty,492.46,12.7,Sylhet,PATHAO,Card,4.6,6,0,On-Time
101575,2023-01-20,home & kitchen,1188.2,,Khulna,eCourier,Mobile Banking,3.8,2,0,On-Time
107066,2023-10-25,Groceries,480.18,6.7,Dhaka,Pathao,Cash on Delivery,3.3,2,0,On-Time
102055,2023-11-03,Beauty,2425.37,20.7,Dhaka,S.A. Paribahan,Mobile Banking,4.6,2,1,On-Time
104880,2023-10-29,clothing,238.92,30.7,Khulna,E-Courier,Card,3.8,2,0,On-Time
103317,2023-05-29,ELECTRONICS,2180.7,5.0,Sylhet,PATHAO,Cash on Delivery,4.6,3,1,On-Time
101408,2024-02-25,Clothing,819.82,20.9,Dhaka,E-Courier,Cash on Delivery,3.6,1,1,Delayed
106039,2024-02-17,Electronics,674.51,1.0,Dhaka,RedX,Cash on Delivery,4.0,2,0,On-Time
105714,2024-10-06,Home and Kitchen,255.13,10.1,Khulna,pathao,Cash on Delivery,4.0,3,1,On-Time
108762,2024-02-20,groceries,845.9,6.8,Dhaka,sundarban,Cash on Delivery,4.3,1,0,Delayed
105124,2023-12-09,clothing,540.14,1.0,Dhaka,S.A. Paribahan,Card,4.6,3,1,Delayed
108282,2023-01-17,home & kitchen,546.26,3.1,Chattogram,redx,Card,3.9,2,0,On-Time
108334,2024-02-21,Home & Kitchen,489.87,7.4,Chattogram,S.A. Paribahan,Mobile Banking,4.3,1,1,On-Time
100294,2023-04-14,Books,947.25,21.0,Khulna,PATHAO,Card,4.3,1,0,Delayed
108034,2023-03-17,Electronics,2992.41,1.5,Khulna,Pathao,Cash on Delivery,3.7,5,0,On-Time
106919,2024-02-23,groceries,2096.3,6.4,Chattogram,RedX,Card,3.0,1,0,On-Time
102755,2024-04-13,clothing,150.0,19.6,Chattogram,sa paribahan,Mobile Banking,3.6,7,0,Delayed
108460,2023-10-06,groceries,3471.48,3.1,Sylhet,E-Courier,Cash on Delivery,3.8,2,0,Delayed
108739,2023-02-02,Clothing,1507.32,19.4,Sylhet,pathao,Card,4.5,3,1,Delayed
100561,2024-07-27,clothing,1051.45,36.1,Khulna,E-Courier,Mobile Banking,3.5,2,0,Delayed
106412,2023-05-17,Books,1328.29,5.2,Sylhet,,Cash on Delivery,4.0,1,0,On-Time
102308,2023-01-26,Beauty,5460.69,10.8,Sylhet,RedX,Card,4.6,1,1,On-Time
105178,2023-04-08,Grocery,543.73,3.0,Dhaka,redx,Mobile Banking,3.9,2,0,Delayed
108248,2023-07-29,Home & Kitchen,1095.12,40.7,Dhaka,SA Paribahan,Mobile Banking,4.9,2,1,Cancelled
100023,2024-02-13,Books,5523.09,11.8,Chattogram,Pathao,Mobile Banking,4.6,2,0,On-Time
108449,2023-10-21,electronics,1698.35,1.3,Dhaka,pathao,Cash on Delivery,3.7,2,1,Delayed
108569,2024-04-27,clothing,1382.43,1.0,Khulna,eCourier,Cash on Delivery,4.1,3,1,On-Time
102733,2023-07-17,beauty,150.0,8.0,Sylhet,Pathao,Card,4.4,3,0,On-Time
104386,2023-04-27,Home & Kitchen,2104.83,1.0,Khulna,S.A. Paribahan,Card,4.4,1,0,On-Time
107780,2024-02-15,clothing,1311.58,2.9,Sylhet,PATHAO,Cash on Delivery,2.8,3,1,On-Time
102665,2024-04-06,Grocery,150.0,6.4,Dhaka,PATHAO,Cash on Delivery,3.9,1,1,Delayed
102210,2023-04-18,Books,458.63,9.7,Dhaka,S.A. Paribahan,Cash on Delivery,4.2,4,0,Delayed
105701,2023-01-20,Books,341.82,12.6,Chattogram,pathao,Cash on Delivery,4.6,2,0,On-Time
107477,2024-09-21,books,556.96,11.5,Dhaka,Red X,Cash on Delivery,4.6,1,0,Delayed
106586,2023-10-17,Groceries,865.4,18.2,Chattogram,PATHAO,Mobile Banking,4.4,4,0,Delayed
103347,2024-08-10,Home and Kitchen,197.73,5.8,Rajshahi,RedX,Cash on Delivery,3.6,1,0,On-Time
103543,2023-01-23,Home and Kitchen,150.0,7.8,Dhaka,eCourier,Cash on Delivery,,2,0,Cancelled
107855,2023-12-13,Home & Kitchen,1829.8,21.6,Dhaka,eCourier,Card,4.5,2,0,On-Time
106609,2024-06-22,clothing,3008.13,8.8,Dhaka,ecourier,Cash on Delivery,3.2,1,1,Delayed
102283,2024-06-18,Electronics,873.79,18.5,Dhaka,ecourier,Cash on Delivery,4.2,3,0,Delayed
103705,2023-02-06,Clothing,5208.04,5.5,Dhaka,S.A. Paribahan,Card,4.8,3,0,On-Time
105992,2023-07-12,Groceries,,7.8,Khulna,SA Paribahan,Cash on Delivery,3.8,3,1,Delayed
106066,2024-08-15,Electronics,2171.07,10.7,Rajshahi,sa paribahan,Cash on Delivery,4.8,1,0,On-Time
106921,2024-05-26,Groceries,150.0,14.6,Dhaka,Red X,Cash on Delivery,5.0,3,1,On-Time
107199,2024-04-18,electronics,,30.4,Sylhet,redx,Cash on Delivery,3.4,2,0,Delayed
105537,2023-06-16,clothing,2754.12,21.7,Dhaka,sundarban,Cash on Delivery,3.6,4,1,Delayed
105723,2023-02-19,home & kitchen,4565.61,10.6,Chattogram,E-Courier,Cash on Delivery,3.3,2,0,On-Time
108434,2023-10-22,Home & Kitchen,584.62,7.8,Dhaka,redx,Card,3.4,1,0,On-Time
102077,2023-05-04,Groceries,,1.0,Dhaka,RedX,Cash on Delivery,4.5,3,0,On-Time
105271,2023-08-14,books,644.17,11.6,Dhaka,RedX,Cash on Delivery,4.5,4,0,Delayed
101511,2023-09-11,home & kitchen,2186.27,12.1,Dhaka,RedX,Cash on Delivery,3.6,6,0,On-Time
106666,2023-08-06,Home & Kitchen,1090.22,3.1,Chattogram,Pathao,Cash on Delivery,5.0,3,0,On-Time
106346,2024-07-17,Books,2716.94,15.3,Sylhet,eCourier,Card,4.0,3,1,Cancelled
106381,2023-12-22,Grocery,1295.65,,Sylhet,Red X,Cash on Delivery,4.4,1,0,On-Time
102656,2024-07-24,electronics,3166.64,9.9,Dhaka,sundarban,Mobile Banking,4.8,1,1,On-Time
106614,2023-11-09,Books,150.0,1.4,Sylhet,Pathao,Mobile Banking,3.4,1,0,On-Time
103683,2024-12-01,Electronics,3487.7,1.9,Dhaka,eCourier,Cash on Delivery,4.4,2,0,On-Time
105842,2023-04-24,ELECTRONICS,962.51,12.1,Sylhet,redx,Mobile Banking,4.3,4,1,On-Time
100480,2023-01-10,home & kitchen,4346.84,1.0,Dhaka,Sundarban,Card,4.4,4,0,On-Time
104593,2023-02-24,Clothing,3319.66,9.5,Sylhet,eCourier,Cash on Delivery,4.1,1,1,Delayed
107719,2024-03-03,Groceries,573.68,8.7,Sylhet,sundarban,Cash on Delivery,4.4,3,0,On-Time
108330,2023-01-20,home & kitchen,2213.98,34.4,Chattogram,PATHAO,Card,3.8,4,1,On-Time
108981,2024-06-30,Books,2927.35,42.9,Dhaka,PATHAO,Cash on Delivery,3.5,1,1,On-Time
101704,2023-04-29,Home and Kitchen,6120.75,15.3,Chattogram,Red X,Card,3.8,2,1,On-Time
105576,2023-05-22,electronics,2566.91,36.4,Dhaka,Pathao,Cash on Delivery,3.4,2,0,Delayed
100390,2024-06-09,home & kitchen,2676.77,13.5,Khulna,Sundarban,Card,4.6,2,1,On-Time
107110,2024-12-17,ELECTRONICS,2158.84,14.3,Dhaka,SA Paribahan,Cash on Delivery,4.2,3,1,On-Time
104158,2023-05-08,Books,2442.22,15.3,Dhaka,E-Courier,Cash on Delivery,3.8,2,1,Delayed
104297,2024-08-31,Electronics,2153.27,9.7,Rajshahi,PATHAO,Cash on Delivery,4.6,1,1,On-Time
100948,2024-05-22,books,424.88,6.4,Khulna,SA Paribahan,Mobile Banking,4.2,3,0,On-Time
104230,2023-04-20,Grocery,412.61,15.6,Dhaka,Sundorbon,Cash on Delivery,4.0,6,0,Delayed
103312,2024-10-01,clothing,247.7,7.3,Dhaka,Sundarban,Cash on Delivery,3.6,1,0,On-Time
105852,2024-09-20,beauty,1371.34,13.8,Chattogram,Red X,Cash on Delivery,4.7,2,0,On-Time
107233,2024-08-02,clothing,1496.28,28.6,Sylhet,Sundorbon,Card,3.1,7,0,Cancelled
107657,2024-05-11,Clothing,482.46,6.4,Dhaka,E-Courier,Mobile Banking,3.7,2,1,On-Time
105275,2024-02-25,ELECTRONICS,5628.88,15.2,Dhaka,eCourier,Cash on Delivery,,1,1,On-Time
102841,2023-07-07,home & kitchen,255.16,3.3,Dhaka,PATHAO,Card,3.0,1,0,On-Time
104901,2023-07-20,Home & Kitchen,1502.78,12.7,Dhaka,pathao,Cash on Delivery,4.1,3,1,Delayed
103099,2024-09-27,groceries,245.11,,Sylhet,S.A. Paribahan,Cash on Delivery,4.1,1,0,On-Time
104423,2023-07-17,Clothing,150.0,3.4,Khulna,Pathao,Cash on Delivery,4.1,3,0,On-Time
105982,2024-04-13,Grocery,1222.02,3.5,Rajshahi,RedX,Cash on Delivery,4.0,2,1,On-Time
100455,2023-01-17,beauty,1147.25,32.6,Dhaka,sa paribahan,Cash on Delivery,3.7,3,0,Delayed
101409,2023-05-10,clothing,4352.18,1.0,Dhaka,redx,Mobile Banking,5.0,3,0,On-Time
106191,2023-01-06,Beauty,3273.51,67.0,Chattogram,RedX,Mobile Banking,4.4,3,0,Delayed
104548,2024-08-14,Groceries,2312.53,8.2,Khulna,Sundorbon,Card,3.6,1,0,On-Time
101072,2024-11-06,groceries,1754.64,23.7,Rajshahi,sa paribahan,Mobile Banking,4.4,2,0,Delayed
107246,2023-11-09,electronics,773.26,1.0,Dhaka,pathao,Mobile Banking,2.7,2,1,On-Time
100236,2024-05-22,Home & Kitchen,694.34,5.3,Dhaka,PATHAO,Card,4.6,4,0,On-Time
107360,2024-10-18,ELECTRONICS,158.77,4.2,Chattogram,redx,Cash on Delivery,4.5,2,1,On-Time
106825,2024-10-07,Beauty,484.58,37.7,Rajshahi,sa paribahan,Mobile Banking,4.6,2,0,On-Time
102161,2023-10-25,Groceries,1049.25,11.0,Dhaka,S.A. Paribahan,Mobile Banking,3.2,4,0,On-Time
102333,2024-05-27,beauty,1103.87,4.9,Dhaka,pathao,Cash on Delivery,4.7,6,0,On-Time
103174,2023-03-09,Beauty,383.46,1.0,Dhaka,RedX,Card,3.8,2,0,On-Time
100709,2023-02-15,electronics,492.53,18.7,Sylhet,pathao,Card,4.6,3,0,Delayed
107288,2024-09-27,Beauty,,13.2,Dhaka,Red X,Cash on Delivery,4.3,2,1,On-Time
105171,2023-04-28,Home and Kitchen,948.17,68.5,Sylhet,sa paribahan,Cash on Delivery,2.9,2,1,Delayed
106498,2024-09-03,Beauty,742.96,7.6,Khulna,Sundorbon,Mobile Banking,4.2,3,0,On-Time
102595,2024-08-31,Beauty,308.03,13.0,Khulna,E-Courier,Cash on Delivery,4.6,1,0,Delayed
100374,2023-05-14,Beauty,2162.79,6.0,Dhaka,eCourier,Mobile Banking,3.9,2,1,On-Time
103267,2023-10-17,Beauty,343.04,11.9,Khulna,pathao,Cash on Delivery,4.8,3,0,On-Time
102473,2023-12-26,Grocery,2295.61,55.4,Sylhet,pathao,Cash on Delivery,2.8,1,0,On-Time
108695,2024-07-10,ELECTRONICS,432.11,84.2,Sylhet,sundarban,Card,3.5,2,1,Delayed
103808,2024-12-06,home & kitchen,150.0,13.1,Dhaka,SA Paribahan,Cash on Delivery,3.7,1,1,On-Time
103638,2024-02-10,Clothing,607.58,8.4,Chattogram,Sundarban,Cash on Delivery,4.1,2,1,Delayed
107866,2024-02-22,home & kitchen,489.88,18.6,Chattogram,Sundarban,Cash on Delivery,4.4,1,1,Delayed
100211,2024-07-09,Clothing,1451.99,14.8,Chattogram,redx,Mobile Banking,5.0,4,0,On-Time
102005,2024-09-03,Groceries,671.13,17.5,Dhaka,RedX,Mobile Banking,5.0,2,0,Delayed
100114,2023-09-19,Home and Kitchen,969.89,5.1,Dhaka,SA Paribahan,Cash on Delivery,4.8,2,1,On-Time
108161,2023-02-12,Beauty,962.26,3.5,Dhaka,pathao,Cash on Delivery,4.0,2,0,On-Time
104695,2023-01-04,Electronics,633.59,6.3,Dhaka,PATHAO,Cash on Delivery,3.3,3,1,Delayed
106035,2024-01-23,groceries,150.0,12.3,Chattogram,sa paribahan,Cash on Delivery,3.6,3,1,On-Time
102864,2024-04-05,Beauty,2657.96,28.1,Khulna,E-Courier,Mobile Banking,3.3,2,0,On-Time
105935,2024-12-17,Beauty,1352.46,3.3,Dhaka,eCourier,Mobile Banking,4.2,2,0,On-Time
105659,2023-12-22,home & kitchen,1604.71,24.1,Dhaka,RedX,Cash on Delivery,5.0,1,0,On-Time
100334,2023-10-18,clothing,1420.49,6.2,Dhaka,Red X,Cash on Delivery,3.2,2,1,On-Time
107818,2023-04-16,clothing,4648.41,15.6,Dhaka,SA Paribahan,Cash on Delivery,3.8,4,1,On-Time
105112,2023-10-09,Beauty,202.17,13.0,Dhaka,Pathao,Card,3.7,8,1,On-Time
105031,2023-03-15,Groceries,2486.39,6.3,Sylhet,pathao,Cash on Delivery,3.2,1,0,On-Time
104205,2024-12-12,beauty,1146.16,3.5,Dhaka,pathao,Mobile Banking,3.7,5,0,On-Time
100487,2023-01-01,groceries,1636.94,26.5,Chattogram,redx,Cash on Delivery,,1,1,On-Time
102612,2024-03-17,ELECTRONICS,150.0,1.0,Dhaka,ecourier,Cash on Delivery,5.0,2,1,On-Time
102908,2024-11-05,Books,5054.93,29.9,Sylhet,pathao,Cash on Delivery,3.9,1,0,On-Time
105252,2024-05-06,Clothing,4224.6,5.9,Chattogram,pathao,Cash on Delivery,4.5,3,0,Delayed
101903,2024-07-28,Beauty,150.0,17.9,Dhaka,S.A. Paribahan,Cash on Delivery,3.7,1,1,Delayed
101391,2023-10-17,electronics,1369.08,7.8,Khulna,pathao,Cash on Delivery,3.9,3,0,On-Time
105716,2024-03-10,home & kitchen,319.89,19.7,Chattogram,Sundorbon,Mobile Banking,3.4,3,1,On-Time
108885,2023-12-14,Books,2449.92,1.0,Chattogram,redx,Cash on Delivery,,5,1,Delayed
105918,2023-08-01,Home & Kitchen,774.5,40.6,Dhaka,PATHAO,Card,5.0,2,1,Delayed
106387,2024-05-08,home & kitchen,942.06,1.8,Chattogram,RedX,Mobile Banking,3.7,2,1,On-Time
107268,2024-12-15,clothing,1093.87,39.0,Sylhet,Pathao,Mobile Banking,5.0,1,0,On-Time
103391,2024-10-23,Beauty,,14.4,Dhaka,Sundorbon,Cash on Delivery,4.7,1,0,On-Time
105348,2024-07-22,electronics,150.0,17.8,Dhaka,redx,Cash on Delivery,3.2,1,0,On-Time
103333,2023-11-14,Grocery,150.0,3.1,Dhaka,RedX,Cash on Delivery,3.9,4,0,On-Time
103445,2024-12-05,Grocery,1051.74,2.7,Dhaka,ecourier,Cash on Delivery,3.2,1,0,On-Time
106440,2023-10-20,clothing,4804.35,10.5,Rajshahi,RedX,Card,4.1,1,0,On-Time
108895,2024-10-05,books,614.79,17.6,Chattogram,redx,Mobile Banking,2.9,6,1,On-Time
103035,2024-08-13,beauty,7941.62,5.1,Dhaka,Red X,Cash on Delivery,4.8,3,0,On-Time
104918,2023-06-12,books,3333.41,2.4,Dhaka,eCourier,Card,4.1,3,1,On-Time
106707,2024-08-07,clothing,150.0,10.8,Khulna,S.A. Paribahan,Card,4.4,2,0,Delayed
104057,2024-10-20,Beauty,1425.84,29.8,Dhaka,pathao,Mobile Banking,3.4,2,1,On-Time
107448,2023-02-02,Grocery,1134.59,5.6,Dhaka,pathao,Card,4.6,2,0,Delayed
108572,2024-05-06,ELECTRONICS,1024.48,1.9,Sylhet,Pathao,Cash on Delivery,4.1,3,0,On-Time
106563,2024-03-03,Home and Kitchen,150.0,21.6,Chattogram,RedX,Cash on Delivery,3.7,1,0,On-Time
103110,2024-10-23,Electronics,2615.6,11.7,Dhaka,sa paribahan,Cash on Delivery,3.9,4,0,On-Time
108906,2024-12-29,Groceries,150.0,10.9,Khulna,RedX,Card,4.5,5,0,Delayed
104093,2023-10-05,clothing,588.9,14.1,Dhaka,sundarban,Cash on Delivery,3.4,3,1,On-Time
105950,2024-04-14,Clothing,752.87,50.4,Sylhet,E-Courier,Cash on Delivery,3.9,1,0,Cancelled
108298,2023-06-16,clothing,3117.78,3.1,Rajshahi,RedX,Cash on Delivery,4.1,2,0,On-Time
102902,2024-04-09,clothing,3312.82,1.0,Rajshahi,PATHAO,Card,3.0,1,1,On-Time
105654,2023-11-12,groceries,1223.08,33.7,Dhaka,Pathao,Mobile Banking,5.0,3,0,On-Time
106534,2024-10-19,clothing,2510.45,6.9,Dhaka,ecourier,Cash on Delivery,3.8,3,0,Delayed
103648,2024-10-08,Beauty,416.42,5.0,Dhaka,S.A. Paribahan,Mobile Banking,3.9,1,1,On-Time
106710,2024-06-29,electronics,1857.04,33.8,Chattogram,pathao,Cash on Delivery,4.8,1,0,Delayed
102990,2023-07-10,ELECTRONICS,2827.99,3.6,Sylhet,sundarban,Cash on Delivery,4.7,5,1,On-Time
103902,2023-06-12,Home and Kitchen,540.51,14.8,Sylhet,PATHAO,Card,3.5,3,1,Delayed
108694,2024-02-18,Clothing,7869.12,46.4,Sylhet,sa paribahan,Card,4.4,1,0,Delayed
107135,2023-09-19,ELECTRONICS,192.59,8.8,Dhaka,sa paribahan,Cash on Delivery,4.6,2,1,Delayed
108387,2024-01-12,ELECTRONICS,422.63,25.4,Dhaka,Red X,Cash on Delivery,3.5,4,1,On-Time
104413,2023-08-12,Beauty,1531.97,14.2,Khulna,pathao,Cash on Delivery,3.8,1,1,Delayed
100627,2024-06-12,electronics,305.2,3.6,Chattogram,RedX,Cash on Delivery,4.2,1,1,On-Time
105216,2023-06-07,Home and Kitchen,1686.09,9.1,Chattogram,Red X,Cash on Delivery,4.1,2,1,On-Time
106001,2024-06-28,ELECTRONICS,1373.38,19.0,Rajshahi,Pathao,Cash on Delivery,3.3,2,0,On-Time
108169,2024-06-16,Home & Kitchen,407.58,18.4,Chattogram,eCourier,Mobile Banking,4.0,3,1,On-Time
103030,2024-01-24,clothing,2270.0,17.9,Dhaka,Pathao,Cash on Delivery,4.8,1,0,On-Time
105205,2023-09-24,Home and Kitchen,1001.59,8.0,Chattogram,redx,Cash on Delivery,5.0,2,0,On-Time
103492,2024-02-10,Clothing,363.56,2.4,Rajshahi,E-Courier,Mobile Banking,4.0,3,0,On-Time
105493,2023-10-31,Clothing,5448.32,45.2,Dhaka,PATHAO,Cash on Delivery,4.2,1,1,Delayed
105578,2024-04-13,ELECTRONICS,2225.36,21.0,Khulna,ecourier,Cash on Delivery,3.8,5,1,On-Time
100894,2024-01-17,Beauty,150.0,11.6,Chattogram,sundarban,Cash on Delivery,3.4,2,1,On-Time
106984,2024-03-14,electronics,767.15,10.8,Dhaka,Sundorbon,Cash on Delivery,3.6,1,0,On-Time
105281,2024-11-22,clothing,483.91,14.1,Dhaka,pathao,Card,4.8,2,0,Delayed
102690,2023-09-26,clothing,2391.58,1.2,Dhaka,Pathao,Card,3.5,4,0,On-Time
105511,2024-06-14,groceries,1071.66,7.8,Dhaka,pathao,Cash on Delivery,4.0,3,0,On-Time
102714,2023-10-13,groceries,468.1,6.8,Dhaka,sa paribahan,Cash on Delivery,4.8,3,1,On-Time
101333,2023-04-10,beauty,8916.54,15.8,Khulna,pathao,Mobile Banking,,2,0,On-Time
105602,2024-01-07,clothing,2055.93,9.0,Chattogram,SA Paribahan,Cash on Delivery,3.7,3,0,On-Time
106235,2024-05-26,Books,4544.18,6.7,Dhaka,pathao,Card,3.3,1,1,Delayed
101659,2024-11-11,Clothing,3155.67,1.2,Sylhet,PATHAO,Mobile Banking,3.4,3,1,On-Time
101563,2024-07-15,Home and Kitchen,11270.54,12.1,Dhaka,sa paribahan,Card,4.4,2,1,On-Time
107336,2024-08-29,Home & Kitchen,222.36,7.8,Khulna,E-Courier,Mobile Banking,3.6,3,0,Delayed
101168,2023-04-23,home & kitchen,1349.8,1.0,Khulna,sundarban,Cash on Delivery,3.6,4,0,On-Time
101267,2024-12-28,electronics,150.0,12.9,Dhaka,sundarban,Card,4.1,1,1,Delayed
100451,2023-08-14,ELECTRONICS,1648.65,10.1,Chattogram,ecourier,Card,4.1,2,0,On-Time
100874,2023-04-24,Home and Kitchen,475.65,11.6,Dhaka,redx,Card,4.0,1,1,On-Time
100702,2024-06-17,electronics,747.45,10.6,Dhaka,redx,Card,4.6,3,1,Delayed
105034,2023-11-27,Beauty,4300.66,30.9,Khulna,Pathao,Cash on Delivery,3.6,5,0,Delayed
101897,2024-06-10,electronics,299.41,42.2,Chattogram,redx,Mobile Banking,3.1,2,1,Delayed
103907,2024-01-16,Grocery,2665.62,10.5,Dhaka,Pathao,Cash on Delivery,4.1,3,1,Delayed
104889,2023-04-11,Groceries,253.43,7.9,Dhaka,redx,Cash on Delivery,4.6,2,0,Delayed
103355,2024-09-28,beauty,2975.8,47.5,Chattogram,S.A. Paribahan,Cash on Delivery,2.6,4,1,Delayed
101307,2023-04-20,home & kitchen,2465.11,2.8,Sylhet,PATHAO,Cash on Delivery,,2,0,On-Time
106585,2024-11-06,electronics,237.37,10.0,Chattogram,sundarban,Cash on Delivery,4.7,3,0,On-Time
107039,2024-05-03,Groceries,150.0,1.0,Sylhet,Red X,Mobile Banking,,5,1,On-Time
105952,2024-09-20,books,1437.09,17.1,Dhaka,PATHAO,Cash on Delivery,2.7,3,1,Delayed
103399,2024-02-03,Clothing,492.84,1.4,Dhaka,PATHAO,Cash on Delivery,4.5,4,0,On-Time
102138,2023-08-15,Grocery,4608.96,3.3,Rajshahi,,Cash on Delivery,4.5,2,0,On-Time
103264,2023-03-04,groceries,1880.08,26.7,Sylhet,Pathao,Mobile Banking,5.0,1,1,Delayed
106844,2023-12-21,groceries,4431.79,3.8,Dhaka,Red X,Card,4.2,2,1,On-Time
107927,2024-01-15,electronics,873.38,8.2,Chattogram,sa paribahan,Cash on Delivery,3.4,1,1,On-Time
104145,2024-07-05,Groceries,286.17,14.7,Khulna,redx,Cash on Delivery,3.1,5,0,On-Time
107462,2023-04-25,Beauty,1181.33,11.4,Dhaka,pathao,Cash on Delivery,4.6,1,1,On-Time
104266,2023-05-07,beauty,5430.77,10.0,Dhaka,E-Courier,Cash on Delivery,3.4,3,1,Delayed
102112,2023-11-30,Books,346.62,1.0,Chattogram,eCourier,Card,5.0,1,1,On-Time
100957,2024-12-06,Electronics,519.94,29.5,Sylhet,Sundarban,Cash on Delivery,3.4,1,0,On-Time
108624,2024-04-18,Grocery,2277.9,15.5,Dhaka,ecourier,Cash on Delivery,3.7,1,1,On-Time
101106,2023-04-20,clothing,150.0,21.0,Chattogram,Pathao,Cash on Delivery,3.4,2,1,Delayed
106229,2023-03-07,electronics,2007.06,44.0,Dhaka,SA Paribahan,Cash on Delivery,3.5,3,0,Delayed
102257,2023-02-17,groceries,2999.76,12.1,Chattogram,Red X,Cash on Delivery,3.2,1,0,On-Time
103868,2023-04-07,Grocery,6487.88,36.9,Dhaka,E-Courier,Cash on Delivery,4.5,8,1,On-Time
104791,2024-10-10,clothing,4658.85,21.6,Dhaka,pathao,Cash on Delivery,4.0,4,0,On-Time
104707,2024-07-15,Clothing,966.59,37.6,Khulna,PATHAO,Card,4.7,2,0,On-Time
101030,2024-10-16,Beauty,2945.18,14.3,Dhaka,RedX,Cash on Delivery,3.4,3,0,On-Time
108481,2024-03-03,clothing,2194.61,43.7,Dhaka,RedX,Cash on Delivery,3.7,1,0,Delayed
106506,2023-03-13,Grocery,1585.31,1.0,Dhaka,S.A. Paribahan,Cash on Delivery,4.2,4,0,On-Time
102564,2023-08-21,groceries,1098.3,28.3,Chattogram,redx,Cash on Delivery,4.5,3,1,Delayed
102326,2023-01-10,Grocery,150.0,21.2,Dhaka,RedX,Mobile Banking,3.2,1,1,Delayed
100888,2023-07-28,Electronics,5055.4,15.2,Khulna,Red X,Cash on Delivery,3.9,2,0,On-Time
103155,2024-08-19,clothing,2327.71,15.7,Dhaka,Sundorbon,Mobile Banking,4.3,2,1,On-Time
105361,2023-05-05,clothing,383.79,1.0,Sylhet,RedX,Card,4.2,3,0,On-Time
103884,2024-06-23,electronics,6311.71,1.4,Dhaka,eCourier,Mobile Banking,,2,1,On-Time
107943,2023-08-05,Clothing,393.48,8.0,Chattogram,Sundorbon,Card,3.7,2,0,On-Time
108902,2023-06-18,books,797.47,9.7,Khulna,Pathao,Cash on Delivery,5.0,4,0,Delayed
108299,2024-09-07,home & kitchen,4426.36,43.0,Dhaka,E-Courier,Cash on Delivery,3.8,1,0,On-Time
103008,2023-10-10,groceries,2761.36,25.2,Dhaka,redx,Card,3.7,1,0,On-Time
105774,2024-12-26,Electronics,3822.34,10.0,Chattogram,redx,Mobile Banking,4.0,3,1,On-Time
108931,2024-04-26,clothing,764.46,44.1,Dhaka,Pathao,Mobile Banking,3.6,3,1,Delayed
102001,2024-12-01,home & kitchen,3407.22,2.1,Chattogram,Pathao,Mobile Banking,4.9,1,0,On-Time
100123,2023-03-06,clothing,2100.07,12.8,Dhaka,pathao,Cash on Delivery,4.1,2,0,On-Time
103887,2023-12-14,Clothing,356.32,10.9,Sylhet,E-Courier,Mobile Banking,4.9,2,0,Delayed
107641,2023-09-05,Beauty,3562.74,2.5,Dhaka,eCourier,Cash on Delivery,3.4,2,1,On-Time
104530,2023-05-15,Clothing,3072.99,59.9,Sylhet,redx,Cash on Delivery,3.9,2,1,Delayed
102951,2024-06-17,groceries,150.0,9.8,Sylhet,Pathao,Card,,1,0,On-Time
106477,2024-09-17,electronics,694.11,39.3,Dhaka,SA Paribahan,Cash on Delivery,4.6,2,0,Delayed
106490,2023-01-22,clothing,2728.62,30.6,Dhaka,redx,Cash on Delivery,3.4,1,0,Delayed
107469,2023-11-11,Groceries,413.41,5.9,Dhaka,Sundarban,Cash on Delivery,4.6,2,1,On-Time
108891,2024-04-23,Home and Kitchen,150.0,15.0,Dhaka,redx,Mobile Banking,4.7,3,0,On-Time
100084,2023-01-20,beauty,235.74,1.2,Chattogram,PATHAO,Cash on Delivery,3.4,2,0,On-Time
107062,2024-05-16,clothing,367.44,79.3,Chattogram,RedX,Cash on Delivery,3.9,4,0,Delayed
100135,2023-08-30,Home & Kitchen,416.39,9.1,Chattogram,redx,Mobile Banking,3.9,4,0,On-Time
100187,2023-10-11,clothing,,,Khulna,ecourier,Cash on Delivery,4.2,2,0,On-Time
104552,2024-01-04,clothing,343.19,1.0,Sylhet,S.A. Paribahan,Card,4.1,1,0,Delayed
106239,2024-01-27,Books,2788.03,6.5,Khulna,PATHAO,Card,5.0,4,1,On-Time
106595,2023-11-05,Groceries,152.1,1.0,Chattogram,ecourier,Mobile Banking,3.5,1,0,On-Time
100584,2023-01-21,electronics,370.05,10.7,Dhaka,pathao,Cash on Delivery,4.7,4,1,On-Time
106319,2024-01-27,Beauty,522.66,12.6,Dhaka,,Cash on Delivery,4.8,2,0,On-Time
105188,2023-08-10,ELECTRONICS,1623.35,4.0,Dhaka,Sundarban,Cash on Delivery,4.6,2,0,Delayed
104687,2023-08-30,Home and Kitchen,802.65,6.8,Chattogram,pathao,Cash on Delivery,5.0,2,0,Delayed
107038,2024-01-30,Electronics,2647.77,21.0,Sylhet,PATHAO,Cash on Delivery,3.2,4,1,Delayed
107990,2023-06-27,clothing,381.98,6.8,Sylhet,Sundarban,Cash on Delivery,3.9,1,0,On-Time
101571,2024-01-15,books,766.02,20.2,Dhaka,Red X,Mobile Banking,4.8,3,1,On-Time
104510,2023-06-17,Beauty,3060.9,27.1,Rajshahi,RedX,Cash on Delivery,4.0,4,0,Delayed
101226,2024-10-24,beauty,1879.25,43.6,Chattogram,RedX,Mobile Banking,3.7,2,0,Cancelled
100580,2023-04-12,Beauty,1480.78,7.5,Khulna,Pathao,Cash on Delivery,4.9,2,0,On-Time
103845,2023-06-20,groceries,3936.4,3.1,Dhaka,PATHAO,Cash on Delivery,3.7,3,0,On-Time
105077,2024-09-30,Home and Kitchen,291.96,8.8,Khulna,Pathao,Cash on Delivery,5.0,4,0,Delayed
103592,2024-10-22,Clothing,226.46,22.0,Chattogram,PATHAO,Cash on Delivery,4.0,1,0,Delayed
107220,2024-02-12,Books,202.07,1.5,Dhaka,ecourier,Cash on Delivery,3.6,2,1,On-Time
100443,2024-08-03,groceries,344.34,19.8,Dhaka,E-Courier,Cash on Delivery,4.0,3,0,Cancelled
106961,2023-02-23,Clothing,809.23,25.7,Chattogram,SA Paribahan,Cash on Delivery,4.3,4,0,On-Time
105439,2023-03-25,clothing,394.09,16.3,Dhaka,Sundorbon,Cash on Delivery,4.3,1,1,Delayed
103147,2024-02-01,Groceries,4309.63,5.3,Dhaka,PATHAO,Cash on Delivery,4.9,3,0,On-Time
100490,2024-04-13,Beauty,2377.47,58.5,Sylhet,Pathao,Cash on Delivery,3.7,5,0,Cancelled
105192,2024-10-02,Beauty,150.0,11.0,Dhaka,sa paribahan,Cash on Delivery,4.2,3,0,On-Time
100056,2023-05-12,Books,154.12,1.0,Khulna,redx,Mobile Banking,5.0,1,1,On-Time
104715,2023-05-12,Groceries,670.26,28.0,Chattogram,PATHAO,Cash on Delivery,4.7,3,0,Delayed
105623,2023-02-24,Groceries,1316.81,1.3,Sylhet,SA Paribahan,Cash on Delivery,3.6,2,1,Delayed
101308,2024-07-17,Electronics,1290.58,9.8,Chattogram,,Cash on Delivery,4.9,2,0,On-Time
102457,2023-10-03,Clothing,409.59,9.1,Sylhet,pathao,Cash on Delivery,4.0,3,0,On-Time
107671,2023-05-22,Electronics,5052.09,22.4,Sylhet,RedX,Cash on Delivery,4.4,2,0,Delayed
105844,2023-06-02,electronics,2420.71,4.9,Khulna,Sundarban,Mobile Banking,3.4,1,1,On-Time
101767,2023-04-25,groceries,2182.25,3.0,Chattogram,E-Courier,Cash on Delivery,3.4,2,0,Delayed
106258,2024-01-23,Clothing,1076.33,13.0,Dhaka,Pathao,Cash on Delivery,4.5,3,1,On-Time
104333,2024-01-10,groceries,5318.1,9.0,Dhaka,Pathao,Cash on Delivery,4.9,2,1,On-Time
101929,2023-03-28,ELECTRONICS,1837.66,26.3,Rajshahi,Pathao,Card,4.2,1,0,On-Time
102442,2023-04-20,Electronics,1644.39,3.7,Dhaka,SA Paribahan,Mobile Banking,3.6,4,1,On-Time
103477,2024-04-21,electronics,2509.09,37.2,Khulna,redx,Cash on Delivery,4.1,2,0,Delayed
104710,2023-07-21,Beauty,4090.51,9.3,Dhaka,E-Courier,Cash on Delivery,4.1,1,0,Delayed
108549,2023-01-27,Grocery,5131.73,1.0,Khulna,redx,Cash on Delivery,3.9,2,1,Delayed
106432,2024-05-19,groceries,150.0,3.9,Chattogram,ecourier,Cash on Delivery,3.9,2,1,On-Time
107127,2024-11-01,home & kitchen,150.0,1.0,Dhaka,SA Paribahan,Cash on Delivery,3.6,1,1,On-Time
102760,2023-11-19,clothing,295.87,1.0,Dhaka,S.A. Paribahan,Cash on Delivery,3.9,1,1,On-Time
103141,2024-09-02,clothing,668.48,38.3,Dhaka,sa paribahan,Mobile Banking,4.1,5,1,Delayed
101547,2024-03-28,Clothing,2534.53,16.1,Dhaka,PATHAO,Cash on Delivery,4.6,4,0,On-Time
104011,2024-12-18,Home and Kitchen,150.0,13.0,Sylhet,Pathao,Cash on Delivery,4.8,1,0,On-Time
108242,2023-04-01,Grocery,3789.48,4.3,Chattogram,Pathao,Mobile Banking,2.9,1,1,On-Time
105886,2024-08-31,Books,2832.73,7.0,Sylhet,PATHAO,Mobile Banking,3.6,2,0,On-Time
105853,2023-04-26,groceries,1154.49,5.9,Chattogram,Pathao,Card,3.5,2,0,On-Time
100348,2024-10-08,Grocery,1528.18,9.2,Dhaka,E-Courier,Cash on Delivery,3.9,2,1,On-Time
107305,2023-08-29,Electronics,1346.9,9.4,Dhaka,Sundorbon,Cash on Delivery,3.4,3,0,Delayed
107231,2023-05-27,clothing,713.18,5.8,Khulna,Pathao,Card,4.7,6,1,On-Time
107933,2024-12-06,Electronics,735.81,19.9,Dhaka,PATHAO,Cash on Delivery,3.7,4,1,On-Time
101937,2024-08-16,clothing,1338.28,7.8,Dhaka,S.A. Paribahan,Cash on Delivery,4.4,4,0,On-Time
108082,2024-12-12,books,9692.42,31.1,Dhaka,Sundorbon,Cash on Delivery,4.5,2,1,On-Time
103878,2024-10-16,Home and Kitchen,4525.67,10.2,Dhaka,Pathao,Cash on Delivery,3.9,2,0,Delayed
102294,2023-09-23,ELECTRONICS,624.69,19.6,Dhaka,redx,Cash on Delivery,3.1,2,1,Delayed
101968,2023-05-11,electronics,447.79,1.0,Chattogram,SA Paribahan,Cash on Delivery,4.9,5,1,Delayed
106543,2024-08-09,groceries,1032.04,16.9,Chattogram,Sundorbon,Cash on Delivery,5.0,4,0,Delayed
105160,2023-09-17,ELECTRONICS,2727.4,24.3,Dhaka,Red X,Cash on Delivery,5.0,1,0,On-Time
107141,2023-05-30,ELECTRONICS,1744.58,2.7,Rajshahi,Sundarban,Mobile Banking,4.5,1,1,On-Time
107461,2024-11-26,Clothing,156.1,24.3,Dhaka,RedX,Mobile Banking,3.5,1,1,On-Time
106206,2024-04-05,electronics,3461.33,1.0,Dhaka,sundarban,Mobile Banking,4.9,1,0,On-Time
106131,2024-11-15,Grocery,150.0,4.2,Khulna,sundarban,Card,4.4,2,0,On-Time
103365,2024-06-12,electronics,737.89,4.3,Dhaka,Pathao,Cash on Delivery,4.6,3,1,On-Time
106757,2024-04-06,Beauty,4587.38,10.6,Dhaka,Red X,Cash on Delivery,2.9,2,0,Delayed
104435,2023-05-11,Beauty,4153.37,1.0,Khulna,pathao,Cash on Delivery,4.7,2,0,On-Time
103442,2023-05-30,beauty,4564.0,7.8,Dhaka,Pathao,Cash on Delivery,4.7,5,0,On-Time
102780,2024-05-30,clothing,171.9,8.3,Rajshahi,RedX,Cash on Delivery,4.6,2,1,Delayed
104686,2024-02-24,Home & Kitchen,1481.67,15.8,Sylhet,SA Paribahan,Cash on Delivery,3.7,3,0,Cancelled
100309,2023-11-05,Groceries,4161.53,1.0,Dhaka,RedX,Cash on Delivery,3.3,1,0,On-Time
107843,2024-05-18,ELECTRONICS,855.54,2.2,Dhaka,Pathao,Mobile Banking,3.7,6,0,On-Time
104999,2023-07-04,Home & Kitchen,1016.33,15.9,Dhaka,Red X,Cash on Delivery,4.1,3,0,On-Time
108154,2024-03-08,home & kitchen,3438.7,18.4,Khulna,Sundorbon,Cash on Delivery,3.8,3,0,On-Time
108751,2024-11-01,Home and Kitchen,675.26,2.1,Chattogram,Sundarban,Mobile Banking,3.8,4,1,On-Time
101403,2024-04-27,electronics,297.34,4.3,Dhaka,Pathao,Mobile Banking,4.5,2,1,On-Time
103397,2024-04-02,groceries,276.46,1.7,Khulna,Sundarban,Cash on Delivery,5.0,1,1,On-Time
104177,2024-03-08,Electronics,3113.68,4.4,Dhaka,E-Courier,Cash on Delivery,3.8,1,1,On-Time
100503,2024-05-19,Clothing,618.7,20.3,Chattogram,Pathao,Cash on Delivery,5.0,2,0,Delayed
107063,2023-11-20,Clothing,6041.51,16.1,Khulna,E-Courier,Card,4.9,2,1,On-Time
102678,2023-07-15,books,150.0,6.9,Khulna,pathao,Cash on Delivery,3.5,5,0,On-Time
105090,2023-08-27,electronics,150.0,27.4,Dhaka,SA Paribahan,Cash on Delivery,4.4,4,0,On-Time
103231,2023-05-28,Clothing,5744.37,7.6,Dhaka,SA Paribahan,Card,4.6,2,1,On-Time
101331,2023-11-28,Home and Kitchen,1559.7,8.5,Dhaka,RedX,Cash on Delivery,5.0,2,0,On-Time
106838,2024-10-18,clothing,232.05,20.3,Khulna,pathao,Mobile Banking,4.6,2,1,On-Time
105334,2024-03-17,Home and Kitchen,290.69,4.1,Rajshahi,ecourier,Card,3.9,1,0,Delayed
106631,2024-10-07,Clothing,2665.4,31.5,Dhaka,Pathao,Card,4.9,2,0,Delayed
103992,2023-05-14,beauty,455.72,7.7,Dhaka,PATHAO,Cash on Delivery,3.4,3,1,On-Time
106781,2024-03-29,Home & Kitchen,212.58,2.5,Dhaka,pathao,Cash on Delivery,4.9,3,0,Cancelled
106025,2024-01-15,groceries,,1.4,Chattogram,sundarban,Cash on Delivery,3.9,3,0,On-Time
107801,2023-11-27,Home & Kitchen,1118.18,5.2,Dhaka,sundarban,Cash on Delivery,4.5,5,0,On-Time
101326,2024-04-16,beauty,2130.77,15.4,Rajshahi,pathao,Mobile Banking,4.2,3,0,On-Time
105588,2023-10-20,ELECTRONICS,4121.78,49.1,Dhaka,redx,Cash on Delivery,4.0,3,1,Cancelled
108370,2023-05-12,Clothing,9061.57,1.4,Sylhet,RedX,Cash on Delivery,3.6,6,1,On-Time
106073,2023-07-29,Grocery,1491.43,36.5,Chattogram,eCourier,Cash on Delivery,3.4,4,1,Delayed
108210,2023-04-14,clothing,264.5,19.7,Chattogram,pathao,Cash on Delivery,3.8,3,0,Delayed
105113,2024-11-13,clothing,666.43,27.9,Sylhet,sundarban,Mobile Banking,4.3,3,0,On-Time
102797,2023-10-23,ELECTRONICS,382.66,20.8,Dhaka,,Cash on Delivery,4.9,2,0,On-Time
102260,2024-05-30,beauty,2909.15,42.9,Dhaka,redx,Mobile Banking,3.4,1,0,Delayed
108630,2024-10-26,beauty,471.43,5.1,Dhaka,Red X,Mobile Banking,3.9,2,0,On-Time
108331,2023-05-18,beauty,1145.3,20.2,Sylhet,Sundorbon,Cash on Delivery,3.6,3,0,On-Time
105129,2023-06-03,clothing,7025.58,16.3,Dhaka,Sundarban,Cash on Delivery,4.7,4,1,On-Time
103930,2024-05-11,clothing,2709.94,3.0,Dhaka,sa paribahan,Mobile Banking,4.4,3,0,On-Time
107390,2024-01-20,books,374.04,64.6,Chattogram,Sundorbon,Cash on Delivery,3.9,2,0,Cancelled
106257,2024-07-08,Home and Kitchen,318.91,9.7,Dhaka,eCourier,Mobile Banking,3.4,2,1,On-Time
104915,2024-11-16,Beauty,150.0,21.1,Dhaka,Red X,Cash on Delivery,4.1,1,1,On-Time
101211,2023-06-22,Groceries,276.89,1.1,Khulna,Red X,Cash on Delivery,,4,0,On-Time
106833,2024-07-01,electronics,150.0,31.8,Khulna,Sundarban,Mobile Banking,5.0,5,1,Delayed
100440,2024-12-07,Beauty,150.0,18.9,Dhaka,Sundorbon,Mobile Banking,4.4,2,1,Delayed
108810,2024-06-27,Home & Kitchen,2314.9,4.8,Chattogram,Sundarban,Cash on Delivery,4.2,3,0,On-Time
101833,2023-12-10,clothing,4099.85,1.8,Chattogram,ecourier,Mobile Banking,4.8,1,0,On-Time
106148,2024-01-01,Clothing,998.38,1.0,Chattogram,pathao,Cash on Delivery,3.6,5,1,On-Time
103171,2023-02-03,Beauty,1077.23,10.8,Dhaka,redx,Cash on Delivery,4.2,4,1,On-Time
102365,2024-10-26,ELECTRONICS,2597.37,15.0,Sylhet,sundarban,Cash on Delivery,4.0,2,0,Delayed
106737,2024-07-16,Home and Kitchen,1020.81,1.1,Dhaka,Pathao,Mobile Banking,4.7,1,1,On-Time
107312,2023-09-08,Electronics,150.0,12.7,Khulna,redx,Cash on Delivery,3.9,2,0,On-Time
104665,2024-07-05,electronics,,10.1,Rajshahi,E-Courier,Cash on Delivery,4.3,4,0,On-Time
104975,2024-01-22,groceries,4070.33,2.2,Chattogram,RedX,Cash on Delivery,3.5,3,0,On-Time
105722,2023-10-31,clothing,2699.42,12.5,Khulna,SA Paribahan,Mobile Banking,4.7,1,0,On-Time
102540,2024-06-20,groceries,449.24,6.1,Sylhet,redx,Cash on Delivery,,2,1,On-Time
100468,2024-01-19,electronics,150.0,55.2,Chattogram,SA Paribahan,Cash on Delivery,4.3,3,0,Delayed
103935,2024-12-09,electronics,993.13,2.1,Sylhet,RedX,Cash on Delivery,3.9,2,0,On-Time
103993,2023-02-13,Electronics,472.86,22.6,Khulna,Red X,Cash on Delivery,4.4,1,0,On-Time
103964,2024-12-04,Home and Kitchen,2045.85,15.0,Rajshahi,S.A. Paribahan,Card,4.6,1,1,On-Time
108004,2024-07-11,home & kitchen,6977.04,11.0,Sylhet,eCourier,Mobile Banking,4.2,1,0,On-Time
102015,2024-12-21,ELECTRONICS,150.0,7.3,Dhaka,eCourier,Cash on Delivery,4.5,4,0,On-Time
104917,2024-05-04,Clothing,1176.18,10.8,Dhaka,RedX,Cash on Delivery,4.2,2,0,On-Time
108663,2023-10-13,clothing,1030.11,1.0,Chattogram,Sundarban,Cash on Delivery,4.9,2,0,On-Time
102577,2023-06-09,Beauty,1792.02,14.8,Dhaka,pathao,Mobile Banking,4.0,1,0,Delayed
100782,2024-08-09,Home & Kitchen,1238.47,30.6,Rajshahi,eCourier,Cash on Delivery,3.7,1,1,On-Time
105282,2023-01-22,books,1301.84,25.9,Chattogram,PATHAO,Mobile Banking,3.7,1,0,On-Time
107459,2023-04-29,books,958.99,27.6,Dhaka,SA Paribahan,Cash on Delivery,4.3,1,0,Delayed
104773,2023-06-17,ELECTRONICS,972.25,9.9,Dhaka,sa paribahan,Cash on Delivery,5.0,2,1,On-Time
103923,2023-01-20,Clothing,5470.92,,Chattogram,Red X,Cash on Delivery,4.2,4,0,On-Time
105994,2023-03-01,Electronics,150.0,13.7,Dhaka,sundarban,Mobile Banking,4.1,3,1,Cancelled
104232,2023-06-13,clothing,530.15,34.4,Chattogram,pathao,Cash on Delivery,3.8,2,0,Delayed
105824,2024-03-15,books,4212.61,1.0,Dhaka,sa paribahan,Card,3.6,5,1,Delayed
102448,2023-09-18,electronics,378.75,3.5,Rajshahi,sundarban,Cash on Delivery,4.7,1,1,On-Time
108302,2024-10-31,Electronics,8132.03,17.3,Sylhet,SA Paribahan,Cash on Delivery,4.7,4,0,On-Time
107384,2023-02-09,Grocery,166.54,5.2,Dhaka,Pathao,Cash on Delivery,4.1,1,0,Delayed
105849,2023-05-27,Electronics,1636.56,9.7,Chattogram,RedX,Card,4.2,2,0,On-Time
101719,2024-07-19,groceries,3948.87,16.5,Dhaka,PATHAO,Mobile Banking,5.0,3,0,On-Time
101353,2024-12-21,Books,1248.01,1.6,Dhaka,sa paribahan,Cash on Delivery,4.7,4,1,On-Time
107940,2023-09-29,Beauty,420.8,1.0,Khulna,Red X,Cash on Delivery,4.3,4,1,On-Time
106935,2024-04-05,beauty,661.56,7.6,Dhaka,E-Courier,Cash on Delivery,5.0,1,1,On-Time
101964,2024-05-14,electronics,1991.66,20.9,Dhaka,pathao,Mobile Banking,3.6,4,0,On-Time
102240,2023-01-12,beauty,1052.07,13.3,Rajshahi,redx,Cash on Delivery,2.9,5,1,Delayed
107774,2024-06-08,Beauty,413.45,1.3,Dhaka,Sundarban,Card,5.0,3,0,Delayed
102297,2023-10-27,electronics,5421.21,13.7,Dhaka,Sundorbon,Cash on Delivery,4.2,1,0,On-Time
100878,2024-12-09,Beauty,8765.87,23.1,Dhaka,sa paribahan,Card,4.3,1,0,Delayed
101886,2023-01-10,Home and Kitchen,1990.01,6.5,Sylhet,Red X,Cash on Delivery,3.4,1,0,On-Time
100359,2024-02-27,Electronics,182.66,15.6,Dhaka,Pathao,Card,4.8,1,1,On-Time
100860,2023-12-08,Home and Kitchen,1334.57,1.0,Dhaka,SA Paribahan,Cash on Delivery,4.1,4,0,On-Time
108100,2023-07-29,ELECTRONICS,1031.21,34.3,Khulna,SA Paribahan,Cash on Delivery,4.5,1,1,Delayed
108112,2023-02-20,ELECTRONICS,5662.74,67.0,Dhaka,Sundarban,Mobile Banking,3.6,1,1,Delayed
103731,2023-11-04,groceries,2099.67,30.4,Dhaka,PATHAO,Card,4.1,1,1,On-Time
105343,2023-04-18,Grocery,,1.0,Dhaka,redx,Cash on Delivery,3.7,1,0,On-Time
105748,2023-10-05,Grocery,860.88,15.2,Khulna,S.A. Paribahan,Cash on Delivery,4.1,3,1,On-Time
106744,2023-05-06,Grocery,916.46,37.8,Khulna,Red X,Cash on Delivery,4.7,2,1,On-Time
107646,2023-02-06,clothing,2256.05,43.6,Dhaka,E-Courier,Cash on Delivery,3.9,3,0,Delayed
104104,2023-01-10,electronics,525.12,1.6,Dhaka,S.A. Paribahan,Card,3.7,4,0,On-Time
108092,2023-12-10,Grocery,600.76,18.6,Rajshahi,pathao,Cash on Delivery,3.6,1,0,Delayed
107432,2023-10-25,home & kitchen,1619.98,33.6,Dhaka,sundarban,Card,4.4,2,1,Delayed
103542,2024-06-20,home & kitchen,1149.83,32.2,Khulna,Sundarban,Cash on Delivery,3.3,2,0,Delayed
100239,2023-09-06,home & kitchen,544.9,10.6,Rajshahi,SA Paribahan,Card,4.8,2,0,On-Time
100909,2023-10-31,Home and Kitchen,2884.02,1.0,Rajshahi,pathao,Cash on Delivery,3.6,5,0,Delayed
103520,2024-05-01,Clothing,951.54,31.4,Chattogram,PATHAO,Cash on Delivery,3.9,4,1,On-Time
104921,2023-04-10,beauty,676.94,3.2,Sylhet,eCourier,Mobile Banking,4.7,3,0,On-Time
103861,2023-12-16,Clothing,4494.42,35.1,Rajshahi,eCourier,Cash on Delivery,5.0,3,1,Cancelled
107300,2024-07-30,Clothing,2414.97,8.4,Chattogram,pathao,Cash on Delivery,3.7,3,1,On-Time
106925,2024-07-22,ELECTRONICS,150.0,7.2,Dhaka,pathao,Card,4.8,2,0,Delayed
104319,2024-02-28,Groceries,3219.25,6.0,Sylhet,sa paribahan,Cash on Delivery,4.7,4,1,On-Time
105706,2023-03-02,Beauty,5590.17,30.7,Dhaka,PATHAO,Cash on Delivery,4.1,5,0,On-Time
105865,2023-06-03,clothing,3624.97,17.3,Chattogram,PATHAO,Cash on Delivery,4.7,2,1,On-Time
106835,2024-03-25,Books,2723.2,27.7,Dhaka,Red X,Card,4.6,5,0,On-Time
102074,2023-01-30,Electronics,1211.5,1.0,Dhaka,S.A. Paribahan,Cash on Delivery,3.9,3,0,Delayed
104694,2023-12-17,Clothing,,18.3,Dhaka,Red X,Cash on Delivery,4.4,5,0,Delayed
107452,2023-04-25,books,1694.88,1.7,Dhaka,Red X,Mobile Banking,3.4,1,1,On-Time
103278,2023-09-29,beauty,150.0,26.9,Rajshahi,Sundorbon,Card,3.8,2,0,Cancelled
107189,2023-08-17,clothing,1174.14,22.2,Chattogram,Red X,Cash on Delivery,4.3,2,1,On-Time
108206,2024-04-30,home & kitchen,693.79,18.2,Sylhet,pathao,Cash on Delivery,3.6,6,0,Cancelled
106269,2023-07-21,Books,742.26,11.4,Chattogram,Pathao,Mobile Banking,4.2,3,1,On-Time
103297,2024-04-23,Clothing,415.35,1.0,Rajshahi,pathao,Mobile Banking,3.7,4,0,Delayed
104365,2024-01-18,Home & Kitchen,1429.08,24.1,Dhaka,Pathao,Cash on Delivery,3.2,5,0,Delayed
107958,2024-05-01,Electronics,740.23,8.4,Khulna,Red X,Mobile Banking,5.0,3,0,On-Time
102973,2024-02-13,home & kitchen,699.29,59.2,Chattogram,pathao,Cash on Delivery,3.5,2,0,Delayed
104218,2023-02-09,groceries,1001.8,9.3,Chattogram,Sundorbon,Mobile Banking,3.3,3,0,On-Time
108609,2024-03-22,home & kitchen,1476.51,3.1,Dhaka,Red X,Cash on Delivery,4.5,1,1,Delayed
102596,2023-03-01,home & kitchen,404.71,,Dhaka,sundarban,Cash on Delivery,3.6,1,0,Cancelled
105815,2023-10-07,Groceries,429.46,4.4,Dhaka,ecourier,Mobile Banking,4.7,2,0,Delayed
106091,2023-05-26,Home & Kitchen,222.2,,Dhaka,eCourier,Mobile Banking,4.5,1,1,Delayed
105102,2023-07-13,Beauty,2066.36,31.6,Chattogram,redx,Cash on Delivery,3.8,7,1,Delayed
101518,2024-08-27,Groceries,2365.81,22.7,Dhaka,redx,Card,3.5,2,0,On-Time
105778,2023-12-15,books,2115.07,1.4,Khulna,Sundarban,Mobile Banking,4.4,1,1,On-Time
108158,2024-01-05,clothing,916.63,7.3,Dhaka,pathao,Cash on Delivery,4.6,4,1,On-Time
101621,2024-03-28,Electronics,4291.18,18.1,Khulna,Pathao,Mobile Banking,3.9,1,0,On-Time
101726,2024-08-22,electronics,671.49,1.0,Khulna,ecourier,Card,3.7,4,0,Delayed
101183,2024-10-19,home & kitchen,3650.91,14.2,Chattogram,RedX,Cash on Delivery,4.0,2,1,Delayed
100175,2023-09-10,electronics,2647.0,13.7,Rajshahi,redx,Card,4.1,2,1,Delayed
106880,2024-02-15,Clothing,1874.19,28.2,Chattogram,eCourier,Cash on Delivery,4.0,2,0,Delayed
106343,2023-03-25,clothing,1881.1,9.0,Sylhet,S.A. Paribahan,Cash on Delivery,,3,0,On-Time
103693,2024-09-05,Groceries,150.0,17.9,Sylhet,Red X,Cash on Delivery,2.9,5,0,Delayed
105911,2024-01-02,groceries,2589.7,21.5,Chattogram,eCourier,Mobile Banking,4.3,2,0,On-Time
102331,2024-09-28,Clothing,1430.66,11.2,Dhaka,RedX,Cash on Delivery,3.9,5,1,On-Time
105843,2024-08-21,ELECTRONICS,2281.16,13.7,Dhaka,Sundarban,Card,5.0,4,0,Delayed
103892,2023-11-24,Grocery,374.25,5.9,Sylhet,pathao,Mobile Banking,5.0,1,1,On-Time
100453,2023-01-08,Grocery,,11.1,Dhaka,E-Courier,Mobile Banking,3.7,4,0,On-Time
100616,2024-02-22,Clothing,495.08,1.4,Chattogram,sundarban,Card,4.5,4,1,Delayed
104191,2023-03-04,Home and Kitchen,2657.64,1.8,Khulna,Pathao,Card,2.5,4,0,On-Time
100418,2024-11-25,electronics,506.4,29.2,Rajshahi,PATHAO,Cash on Delivery,3.6,2,0,On-Time
108939,2023-05-08,ELECTRONICS,1775.63,37.9,Chattogram,Pathao,Card,3.8,2,0,On-Time
101451,2024-11-16,electronics,4538.92,4.2,Chattogram,SA Paribahan,Cash on Delivery,5.0,3,0,Delayed
108748,2023-07-11,groceries,6568.78,7.7,Dhaka,Pathao,Mobile Banking,3.7,3,1,On-Time
101908,2023-09-09,electronics,1048.18,24.0,Sylhet,RedX,Cash on Delivery,3.3,5,0,Delayed
105790,2023-07-16,Home & Kitchen,797.0,16.4,Dhaka,Pathao,Cash on Delivery,3.7,1,0,Delayed
107575,2024-11-03,groceries,3370.57,3.8,Dhaka,PATHAO,Mobile Banking,3.9,3,1,On-Time
102775,2023-11-22,beauty,2783.57,1.0,Sylhet,pathao,Mobile Banking,4.2,3,0,On-Time
104016,2024-09-12,books,987.72,6.6,Dhaka,pathao,Card,4.7,2,0,On-Time
103217,2023-10-29,Clothing,576.25,13.3,Dhaka,Red X,Cash on Delivery,4.9,2,1,Delayed
101855,2024-05-17,clothing,1278.97,6.3,Khulna,SA Paribahan,Cash on Delivery,4.5,1,0,Cancelled
101703,2023-11-22,electronics,910.59,38.2,Dhaka,RedX,Cash on Delivery,4.8,3,1,On-Time
106458,2024-09-05,Grocery,412.16,1.5,Sylhet,Pathao,Mobile Banking,3.1,1,0,On-Time
104070,2023-05-18,Home and Kitchen,2889.13,6.7,Rajshahi,Red X,Cash on Delivery,3.7,1,0,On-Time
106790,2023-02-17,Beauty,916.08,14.3,Dhaka,eCourier,Card,4.9,5,0,On-Time
108781,2023-01-02,Beauty,3612.91,25.6,Rajshahi,redx,Cash on Delivery,3.1,1,0,On-Time
107683,2024-04-10,clothing,1355.83,16.6,Chattogram,E-Courier,Mobile Banking,4.2,1,0,On-Time
102915,2024-09-25,Beauty,150.0,7.0,Sylhet,Red X,Cash on Delivery,5.0,2,1,On-Time
106088,2024-02-17,Home & Kitchen,2727.82,3.2,Chattogram,pathao,Cash on Delivery,3.9,3,0,Delayed
108863,2023-12-07,Home & Kitchen,781.84,10.6,Sylhet,PATHAO,Card,4.4,2,1,On-Time
102770,2023-09-08,groceries,3154.46,2.4,Chattogram,RedX,Card,4.2,1,1,On-Time
106268,2024-10-11,electronics,1742.22,10.0,Rajshahi,PATHAO,Cash on Delivery,3.4,3,0,On-Time
107086,2023-08-17,Clothing,150.0,5.0,Dhaka,redx,Cash on Delivery,3.9,1,0,On-Time
104506,2023-11-07,clothing,150.0,,Dhaka,SA Paribahan,Cash on Delivery,5.0,3,1,Delayed
102952,2023-05-08,Clothing,1064.52,6.1,Dhaka,ecourier,Cash on Delivery,3.5,3,0,Delayed
101790,2024-02-15,ELECTRONICS,2753.82,27.5,Khulna,pathao,Mobile Banking,2.7,1,0,On-Time
104521,2023-02-19,Books,150.0,29.0,Sylhet,Sundorbon,Cash on Delivery,4.0,1,0,Delayed
101371,2024-03-17,Electronics,519.35,11.9,Rajshahi,PATHAO,Cash on Delivery,4.0,2,0,Delayed
103577,2023-05-31,electronics,3188.74,11.2,Dhaka,pathao,Card,4.6,2,0,On-Time
100818,2023-10-31,Grocery,749.16,1.1,Chattogram,pathao,Mobile Banking,4.0,2,0,On-Time
105746,2024-02-15,Books,4567.86,3.8,Rajshahi,Sundorbon,Mobile Banking,4.4,2,0,On-Time
106077,2023-12-25,electronics,2457.41,3.0,Dhaka,redx,Cash on Delivery,4.4,2,1,On-Time
108315,2023-11-28,beauty,1224.17,8.2,Sylhet,PATHAO,Cash on Delivery,3.5,2,0,On-Time
107582,2023-07-26,clothing,2685.99,12.9,Sylhet,Sundorbon,Cash on Delivery,4.4,4,1,On-Time
102431,2023-12-17,Books,9987.3,,Chattogram,Sundorbon,Card,3.7,4,0,On-Time
108381,2024-08-17,books,403.45,23.7,Dhaka,pathao,Cash on Delivery,3.9,2,0,On-Time
102167,2024-09-04,ELECTRONICS,968.7,20.1,Khulna,pathao,Card,4.2,2,0,On-Time
104878,2024-08-12,clothing,150.0,43.5,Dhaka,ecourier,Card,5.0,3,0,On-Time
108173,2023-01-05,home & kitchen,296.99,13.2,Dhaka,Red X,Cash on Delivery,3.6,3,0,Delayed
103666,2024-06-16,ELECTRONICS,1682.9,11.2,Rajshahi,PATHAO,Mobile Banking,4.6,2,0,On-Time
100033,2023-03-21,Electronics,150.0,7.6,Dhaka,E-Courier,Cash on Delivery,3.5,1,0,On-Time
102814,2024-09-06,Electronics,962.45,1.0,Chattogram,eCourier,Mobile Banking,,1,0,On-Time
107891,2023-01-11,Groceries,307.2,24.3,Dhaka,RedX,Cash on Delivery,4.0,3,1,On-Time
103120,2024-03-30,Electronics,2265.08,7.5,Dhaka,RedX,Card,3.2,4,1,On-Time
106579,2024-02-02,Books,,4.8,Chattogram,Pathao,Card,3.7,3,0,On-Time
100251,2024-10-28,Clothing,364.28,16.7,Chattogram,E-Courier,Card,4.9,2,0,On-Time
104317,2024-09-21,clothing,651.38,38.0,Dhaka,Red X,Cash on Delivery,,2,1,Delayed
103836,2024-05-04,beauty,2286.74,30.7,Dhaka,E-Courier,Cash on Delivery,4.2,1,0,On-Time
100942,2023-10-10,Clothing,2128.47,18.6,Dhaka,pathao,Cash on Delivery,4.1,2,1,Delayed
108176,2024-03-04,Home and Kitchen,2860.33,5.2,Chattogram,Sundorbon,Cash on Delivery,,1,0,Delayed
106036,2023-06-10,Clothing,466.85,11.3,Chattogram,ecourier,Cash on Delivery,4.1,1,0,On-Time
100827,2024-11-23,Electronics,150.0,42.3,Dhaka,Pathao,Cash on Delivery,4.2,7,1,On-Time
100848,2023-08-08,home & kitchen,1440.94,6.4,Chattogram,Pathao,Cash on Delivery,3.4,8,0,On-Time
101040,2024-11-13,clothing,1711.82,15.1,Chattogram,Sundarban,Card,4.4,4,1,On-Time
101657,2024-04-20,Grocery,2499.27,14.7,Dhaka,Sundorbon,Mobile Banking,4.1,2,1,On-Time
105532,2024-05-01,Clothing,344.77,21.0,Rajshahi,PATHAO,Cash on Delivery,5.0,1,0,On-Time
101298,2023-08-04,Clothing,230.35,,Dhaka,redx,Cash on Delivery,4.3,3,0,On-Time
105836,2024-07-09,Groceries,2981.05,2.5,Chattogram,sa paribahan,Cash on Delivery,3.3,7,0,On-Time
104843,2024-10-10,electronics,4828.23,1.0,Chattogram,PATHAO,Cash on Delivery,3.3,2,0,On-Time
101962,2023-01-04,Home and Kitchen,1034.08,1.1,Dhaka,Pathao,Cash on Delivery,3.0,2,1,On-Time
104509,2024-12-11,beauty,713.22,2.9,Rajshahi,redx,Cash on Delivery,3.6,4,1,Cancelled
108672,2023-09-25,electronics,3362.4,17.7,Khulna,E-Courier,Card,3.6,5,0,Delayed
107269,2023-05-24,books,2104.4,27.2,Rajshahi,E-Courier,Cash on Delivery,3.2,1,1,On-Time
101329,2024-11-11,Beauty,747.44,1.0,Dhaka,RedX,Cash on Delivery,4.9,1,1,On-Time
105037,2024-12-30,Beauty,521.87,19.2,Chattogram,S.A. Paribahan,Mobile Banking,5.0,3,1,Delayed
106967,2024-06-10,clothing,254.83,25.7,Dhaka,sundarban,Card,5.0,4,1,Delayed
105882,2023-04-22,clothing,3539.2,1.0,Dhaka,PATHAO,Card,3.1,3,1,On-Time
106555,2024-12-14,Groceries,850.26,3.7,Dhaka,S.A. Paribahan,Cash on Delivery,4.2,2,0,Delayed
107034,2023-09-02,Clothing,997.28,19.1,Chattogram,Red X,Cash on Delivery,4.6,1,1,Delayed
106211,2023-08-28,Electronics,476.45,17.9,Dhaka,ecourier,Cash on Delivery,4.2,2,1,On-Time
102654,2023-04-30,clothing,682.4,15.7,Rajshahi,Red X,Card,3.7,1,0,Delayed
108645,2023-06-02,Electronics,150.0,1.4,Sylhet,redx,Mobile Banking,3.5,1,0,On-Time
102153,2024-01-26,ELECTRONICS,1180.78,16.3,Sylhet,ecourier,Card,4.0,1,0,On-Time
103163,2024-06-27,Home and Kitchen,2395.76,6.8,Dhaka,PATHAO,Mobile Banking,4.6,2,1,On-Time
104840,2023-04-06,ELECTRONICS,186.4,41.6,Dhaka,pathao,Cash on Delivery,3.3,1,1,On-Time
105325,2024-01-10,ELECTRONICS,1614.62,30.4,Khulna,PATHAO,Cash on Delivery,2.8,2,1,Delayed
106085,2023-03-05,Clothing,2656.66,2.3,Chattogram,eCourier,Cash on Delivery,4.5,6,0,On-Time
102506,2023-07-13,Electronics,1521.13,5.5,Dhaka,SA Paribahan,Mobile Banking,3.3,3,0,On-Time
108256,2023-03-24,home & kitchen,988.61,25.8,Dhaka,ecourier,Card,5.0,3,0,On-Time
107287,2023-04-06,Groceries,9146.86,,Dhaka,Red X,Mobile Banking,5.0,1,1,On-Time
108870,2024-12-06,clothing,1695.19,7.7,Dhaka,sundarban,Cash on Delivery,4.0,2,1,Delayed
104663,2024-11-26,Home and Kitchen,307.29,14.1,Chattogram,pathao,Mobile Banking,4.7,1,0,On-Time
104316,2023-11-20,clothing,1105.71,9.3,Chattogram,redx,Mobile Banking,4.2,3,0,On-Time
103912,2024-05-12,home & kitchen,945.14,2.2,Sylhet,Red X,Mobile Banking,4.4,4,0,On-Time
105794,2023-12-19,ELECTRONICS,494.16,2.0,Khulna,E-Courier,Cash on Delivery,4.0,2,0,On-Time
100792,2024-10-29,electronics,393.39,3.0,Dhaka,sundarban,Card,3.8,2,0,On-Time
108627,2023-09-08,beauty,287.52,1.0,Dhaka,sundarban,Card,2.9,1,1,On-Time
102270,2023-06-18,Clothing,6921.42,1.0,Chattogram,ecourier,Cash on Delivery,4.6,2,0,Delayed
107359,2024-10-20,Grocery,6177.53,2.4,Sylhet,Pathao,Mobile Banking,3.5,3,0,Delayed
108043,2024-01-30,books,578.77,4.0,Dhaka,eCourier,Card,4.2,1,1,Cancelled
103123,2023-06-21,home & kitchen,351.96,29.3,Dhaka,E-Courier,Mobile Banking,3.1,1,0,Delayed
107767,2024-05-08,Books,993.97,7.3,Dhaka,sa paribahan,Mobile Banking,3.5,1,1,Delayed
105582,2023-03-05,beauty,865.07,4.3,Sylhet,E-Courier,Mobile Banking,4.5,2,0,Delayed
100142,2024-11-19,Groceries,365.3,2.8,Khulna,PATHAO,Cash on Delivery,3.6,1,0,On-Time
104031,2023-12-17,Home and Kitchen,2906.0,25.1,Chattogram,Pathao,Mobile Banking,3.8,2,0,On-Time
102790,2023-03-22,books,679.09,22.6,Rajshahi,sundarban,Card,5.0,1,1,On-Time
102896,2023-05-20,electronics,3186.26,2.1,Chattogram,Pathao,Cash on Delivery,3.8,3,0,On-Time
103223,2024-04-25,Groceries,524.77,28.5,Khulna,sundarban,Cash on Delivery,3.2,3,0,On-Time
103411,2024-03-19,clothing,4602.82,11.9,Sylhet,Sundorbon,Cash on Delivery,3.9,3,1,On-Time
102115,2024-07-04,clothing,2700.34,1.0,Dhaka,Pathao,Cash on Delivery,4.1,4,0,On-Time
102434,2024-11-18,groceries,798.63,4.9,Sylhet,sundarban,Card,4.3,5,1,On-Time
108322,2023-10-13,Clothing,1211.05,15.9,Khulna,Sundorbon,Mobile Banking,4.7,1,1,On-Time
102319,2024-07-12,Clothing,150.0,19.0,Chattogram,PATHAO,Cash on Delivery,4.1,3,0,On-Time
100238,2024-07-09,Home & Kitchen,1611.81,1.0,Dhaka,sa paribahan,Card,3.9,1,0,On-Time
106389,2023-05-23,beauty,1280.45,33.6,Chattogram,redx,Cash on Delivery,4.8,1,1,Delayed
106892,2023-10-23,beauty,305.42,7.9,Dhaka,Pathao,Card,4.0,7,0,On-Time
104556,2023-04-18,ELECTRONICS,7195.3,9.2,Khulna,redx,Card,4.6,7,1,On-Time
106059,2024-12-06,Groceries,150.0,17.3,Dhaka,pathao,Mobile Banking,4.9,3,1,On-Time
102996,2023-03-31,clothing,537.08,1.9,Dhaka,sa paribahan,Mobile Banking,3.9,1,0,On-Time
100642,2024-06-03,Beauty,1613.41,6.4,Chattogram,redx,Mobile Banking,4.0,1,0,On-Time
104029,2024-07-02,electronics,2508.78,14.9,Sylhet,Red X,Mobile Banking,4.4,1,0,On-Time
103214,2024-09-09,beauty,787.48,4.3,Dhaka,Red X,Cash on Delivery,3.9,5,0,Delayed
101783,2023-09-13,home & kitchen,2415.37,9.6,Dhaka,ecourier,Cash on Delivery,4.5,1,1,On-Time
103526,2024-04-14,ELECTRONICS,3285.39,16.0,Dhaka,Sundarban,Mobile Banking,3.7,3,0,On-Time
104351,2024-06-12,Beauty,765.6,,Dhaka,Sundorbon,Cash on Delivery,3.8,3,1,Delayed
102103,2024-02-07,clothing,3314.83,15.8,Dhaka,redx,Mobile Banking,4.8,1,1,On-Time
103179,2023-12-16,Electronics,928.22,21.8,Khulna,Sundorbon,Cash on Delivery,4.4,3,1,Delayed
103101,2024-07-06,electronics,537.04,8.9,Dhaka,redx,Card,3.9,1,0,On-Time
107124,2023-02-05,clothing,1181.84,12.3,Chattogram,SA Paribahan,Cash on Delivery,3.3,1,1,On-Time
102661,2024-06-30,beauty,1087.19,17.6,Chattogram,redx,Card,,2,1,On-Time
107128,2023-01-15,ELECTRONICS,3571.78,10.4,Dhaka,Sundorbon,Card,3.2,3,1,On-Time
107876,2024-01-13,home & kitchen,314.45,5.8,Dhaka,Red X,Cash on Delivery,4.1,2,0,On-Time
106740,2024-01-15,books,1272.71,21.0,Chattogram,pathao,Card,4.2,2,1,On-Time
107521,2023-07-15,Home and Kitchen,2116.2,11.9,Dhaka,PATHAO,Cash on Delivery,4.6,2,0,On-Time
108803,2024-08-05,ELECTRONICS,515.82,10.3,Sylhet,redx,Card,4.4,1,1,On-Time
108927,2024-05-13,Electronics,4563.01,1.5,Sylhet,PATHAO,Cash on Delivery,4.4,1,0,Delayed
108015,2023-07-30,groceries,150.0,10.1,Chattogram,Pathao,Cash on Delivery,3.6,2,0,On-Time
105649,2024-10-27,Clothing,1251.4,1.3,Chattogram,redx,Cash on Delivery,3.7,2,0,Delayed
105925,2024-01-21,electronics,150.0,26.4,Dhaka,RedX,Cash on Delivery,4.0,3,0,Delayed
108583,2024-09-16,Clothing,4799.71,27.7,Chattogram,pathao,Cash on Delivery,4.5,1,1,Delayed
105251,2023-10-29,Clothing,2518.86,39.4,Dhaka,sa paribahan,Card,4.3,2,1,Delayed
103283,2024-08-14,electronics,205.64,24.8,Khulna,redx,Cash on Delivery,4.5,1,0,On-Time
103974,2024-12-16,Grocery,918.57,29.9,Dhaka,sa paribahan,Cash on Delivery,2.9,1,0,On-Time
102844,2023-04-10,Clothing,1040.71,11.0,Sylhet,pathao,Cash on Delivery,3.8,2,1,Delayed
104987,2023-04-03,Grocery,7466.33,35.7,Chattogram,redx,Cash on Delivery,4.0,3,0,Delayed
108735,2023-05-26,ELECTRONICS,492.72,18.4,Dhaka,sundarban,Mobile Banking,3.9,3,0,On-Time
104653,2023-10-19,Electronics,2161.64,31.5,Dhaka,PATHAO,Cash on Delivery,4.4,1,0,Delayed
103531,2024-08-19,Groceries,1186.93,8.5,Dhaka,eCourier,Card,5.0,4,0,On-Time
104229,2024-03-10,home & kitchen,1238.11,28.7,Dhaka,PATHAO,Card,3.3,1,0,Delayed
107556,2023-08-05,clothing,2433.44,5.5,Dhaka,eCourier,Card,4.5,1,0,Delayed
103394,2024-02-01,Clothing,164.8,21.8,Dhaka,PATHAO,Cash on Delivery,3.4,2,0,Delayed
105528,2024-12-15,Home & Kitchen,1860.98,5.7,Rajshahi,RedX,Cash on Delivery,4.2,5,1,On-Time
101727,2024-08-26,ELECTRONICS,150.0,1.0,Chattogram,Red X,Cash on Delivery,4.5,3,0,On-Time
103366,2023-04-15,beauty,8550.43,6.1,Chattogram,redx,Cash on Delivery,3.2,1,0,On-Time
107191,2023-11-27,ELECTRONICS,1554.83,24.4,Chattogram,pathao,Cash on Delivery,4.5,1,1,On-Time
108338,2023-10-25,Electronics,150.0,5.1,Dhaka,Pathao,Cash on Delivery,3.3,6,1,On-Time
104861,2023-04-26,Grocery,402.28,25.1,Khulna,ecourier,Cash on Delivery,4.3,1,1,On-Time
103699,2023-01-07,ELECTRONICS,305.64,13.8,Sylhet,RedX,Mobile Banking,4.7,6,0,On-Time
101362,2023-05-29,Beauty,3057.79,17.2,Chattogram,pathao,Cash on Delivery,5.0,1,0,On-Time
103911,2023-08-04,ELECTRONICS,1346.91,13.9,Chattogram,ecourier,Cash on Delivery,4.0,2,1,On-Time
108410,2023-09-07,groceries,346.32,14.6,Khulna,Red X,Cash on Delivery,4.6,3,1,On-Time
106464,2023-01-08,Electronics,699.23,10.8,Sylhet,RedX,Cash on Delivery,4.3,1,0,On-Time
103143,2024-09-22,Groceries,4939.3,46.8,Sylhet,redx,Cash on Delivery,3.6,1,0,On-Time
104425,2024-11-26,electronics,150.0,2.8,Dhaka,pathao,Cash on Delivery,4.5,4,1,On-Time
106495,2024-02-26,books,2469.74,67.2,Dhaka,sundarban,Mobile Banking,3.5,2,0,Delayed
101663,2023-07-28,ELECTRONICS,3369.6,16.8,Chattogram,redx,Mobile Banking,5.0,5,0,On-Time
102751,2024-08-02,beauty,2097.29,10.7,Chattogram,Sundorbon,Cash on Delivery,3.8,8,0,On-Time
106847,2023-12-14,groceries,300.95,29.5,Dhaka,Sundorbon,Mobile Banking,4.4,2,0,On-Time
102439,2024-02-13,Grocery,1043.14,2.2,Dhaka,S.A. Paribahan,Mobile Banking,4.3,3,0,On-Time
101613,2023-04-18,ELECTRONICS,1342.37,2.0,Dhaka,pathao,Cash on Delivery,4.4,2,0,On-Time
101602,2024-08-18,Clothing,1416.42,18.1,Chattogram,Pathao,Mobile Banking,5.0,6,1,On-Time
105887,2023-09-13,Grocery,1557.25,5.7,Dhaka,Pathao,Mobile Banking,4.1,3,1,On-Time
105674,2024-07-31,Groceries,1755.68,15.0,Dhaka,PATHAO,Cash on Delivery,4.6,3,1,On-Time
103984,2023-05-11,clothing,157.64,1.0,Dhaka,pathao,Cash on Delivery,4.0,2,0,On-Time
106033,2023-11-17,Groceries,2343.34,85.7,Dhaka,pathao,Card,3.4,3,0,Cancelled
102463,2023-05-17,Home and Kitchen,150.0,3.6,Sylhet,E-Courier,Mobile Banking,4.6,5,0,On-Time
103832,2023-01-19,groceries,1984.26,3.3,Dhaka,PATHAO,Cash on Delivery,4.7,2,0,On-Time
103239,2024-07-22,Beauty,1452.53,10.4,Dhaka,RedX,Card,4.1,4,1,On-Time
102215,2024-01-02,Groceries,747.51,3.2,Dhaka,sa paribahan,Card,3.5,5,1,Delayed
107921,2023-01-03,groceries,150.0,18.0,Dhaka,Pathao,Cash on Delivery,4.3,2,0,Delayed
101680,2023-06-15,Groceries,621.52,9.0,Sylhet,redx,Mobile Banking,5.0,2,1,On-Time
106795,2023-03-05,Home & Kitchen,809.96,4.7,Dhaka,Red X,Mobile Banking,4.2,1,0,On-Time
108085,2024-10-07,groceries,2140.79,4.5,Chattogram,E-Courier,Cash on Delivery,4.5,3,0,On-Time
100587,2024-12-13,Grocery,1576.15,42.3,Rajshahi,redx,Card,3.6,1,1,On-Time
102634,2023-06-29,clothing,198.71,21.8,Sylhet,sa paribahan,Cash on Delivery,4.7,1,1,On-Time
101799,2023-12-25,Grocery,862.12,6.7,Khulna,PATHAO,Mobile Banking,3.0,5,0,Delayed
108183,2024-06-02,Beauty,150.0,19.0,Dhaka,RedX,Cash on Delivery,4.3,4,0,Delayed
104967,2023-04-14,Electronics,1889.62,49.4,Khulna,Pathao,Mobile Banking,5.0,2,0,Delayed
101480,2024-06-04,Clothing,1015.33,55.8,Sylhet,Sundorbon,Cash on Delivery,3.5,1,1,Delayed
102544,2023-10-23,Home and Kitchen,168.93,1.0,Sylhet,RedX,Cash on Delivery,5.0,1,1,On-Time
100644,2024-04-10,Beauty,842.02,11.0,Dhaka,pathao,Cash on Delivery,3.7,4,0,On-Time
108580,2024-08-29,Electronics,1929.43,11.5,Dhaka,pathao,Cash on Delivery,4.8,3,0,Cancelled
107675,2023-12-07,ELECTRONICS,2215.67,11.3,Sylhet,Red X,Mobile Banking,4.4,1,0,On-Time
100621,2023-06-24,Clothing,4748.91,30.1,Dhaka,Red X,Mobile Banking,3.8,2,1,On-Time
108828,2023-11-12,electronics,1066.3,4.8,Rajshahi,PATHAO,Cash on Delivery,4.7,3,1,On-Time
106714,2023-05-23,Beauty,366.03,6.0,Khulna,sa paribahan,Card,4.9,1,0,On-Time
103237,2024-08-30,Home & Kitchen,1042.18,21.7,Dhaka,RedX,Cash on Delivery,4.3,2,0,On-Time
107111,2023-01-28,Clothing,1641.91,11.5,Khulna,E-Courier,Mobile Banking,5.0,4,0,On-Time
108951,2024-06-30,electronics,564.17,11.1,Dhaka,Pathao,Cash on Delivery,4.0,1,1,On-Time
105510,2024-03-19,Beauty,150.0,3.5,Dhaka,Pathao,Mobile Banking,3.5,2,1,Delayed
105413,2024-06-06,Grocery,644.46,24.9,Dhaka,Sundarban,Card,5.0,2,0,Delayed
102189,2024-04-01,Electronics,607.3,14.8,Khulna,PATHAO,Mobile Banking,3.4,2,0,On-Time
104610,2024-06-03,electronics,150.0,1.0,Chattogram,Pathao,Cash on Delivery,3.4,1,0,On-Time
107730,2023-12-04,home & kitchen,2191.65,8.7,Sylhet,pathao,Cash on Delivery,4.2,2,0,On-Time
100316,2024-05-01,books,254.15,4.3,Chattogram,E-Courier,Card,4.0,6,1,Cancelled
100897,2023-11-03,ELECTRONICS,1419.72,4.0,Dhaka,Red X,Card,4.8,3,1,On-Time
100116,2024-08-28,Electronics,268.72,19.9,Sylhet,Sundarban,Mobile Banking,4.5,2,0,On-Time
108509,2023-08-24,Beauty,412.67,11.3,Dhaka,pathao,Cash on Delivery,3.9,2,0,Delayed
100912,2024-01-10,groceries,372.98,5.1,Chattogram,PATHAO,Mobile Banking,3.7,6,1,On-Time
106300,2024-06-23,electronics,1514.33,8.4,Rajshahi,pathao,Mobile Banking,4.5,3,1,On-Time
106347,2023-09-19,beauty,2506.97,28.5,Khulna,SA Paribahan,Cash on Delivery,4.0,1,0,On-Time
106591,2023-10-28,Clothing,545.47,16.4,Khulna,RedX,Mobile Banking,3.9,1,0,Delayed
106695,2024-02-19,ELECTRONICS,364.21,10.3,Dhaka,PATHAO,Mobile Banking,3.3,4,0,On-Time
106019,2024-10-30,clothing,2390.23,16.1,Khulna,eCourier,Mobile Banking,3.7,3,1,On-Time
102901,2023-05-23,Clothing,928.91,2.5,Chattogram,RedX,Mobile Banking,,5,1,On-Time
106301,2023-04-08,ELECTRONICS,288.92,15.0,Chattogram,redx,Cash on Delivery,4.3,1,1,Delayed
101710,2023-08-11,home & kitchen,2541.58,9.4,Dhaka,redx,Cash on Delivery,4.0,4,1,On-Time
105789,2024-07-17,ELECTRONICS,8423.21,66.2,Sylhet,sa paribahan,Cash on Delivery,3.3,2,0,Delayed
107248,2023-04-13,Grocery,2037.72,4.9,Khulna,Pathao,Card,4.6,2,1,On-Time
105531,2023-12-05,ELECTRONICS,2359.26,6.4,Dhaka,sundarban,Cash on Delivery,4.4,2,0,On-Time
102313,2024-12-01,groceries,150.0,8.6,Dhaka,Pathao,Card,3.7,4,1,On-Time
103210,2023-01-04,Groceries,314.58,1.0,Rajshahi,Sundorbon,Cash on Delivery,3.4,1,1,Delayed
102833,2023-02-04,Books,911.81,1.0,Rajshahi,RedX,Cash on Delivery,3.3,2,1,On-Time
103499,2024-11-02,clothing,1065.54,12.2,Dhaka,Red X,Mobile Banking,4.7,4,0,Delayed
103419,2023-07-21,groceries,3466.54,5.5,Dhaka,sa paribahan,Cash on Delivery,4.6,3,1,On-Time
103535,2023-02-16,ELECTRONICS,434.41,27.8,Rajshahi,SA Paribahan,Mobile Banking,3.8,5,0,On-Time
104472,2024-04-18,beauty,1335.0,3.4,Chattogram,Sundorbon,Mobile Banking,3.1,5,1,On-Time
105980,2024-05-04,Clothing,150.0,1.9,Dhaka,sa paribahan,Card,3.8,2,1,On-Time
101439,2024-07-16,Electronics,266.18,64.7,Khulna,E-Courier,Mobile Banking,4.2,3,0,Delayed
107497,2023-06-07,Grocery,833.42,17.6,Dhaka,S.A. Paribahan,Card,4.6,6,0,On-Time
103170,2023-10-24,Groceries,2917.77,25.8,Dhaka,eCourier,Card,3.8,2,0,Delayed
103525,2023-01-26,Books,373.79,15.5,Dhaka,ecourier,Mobile Banking,4.7,1,0,On-Time
108035,2023-03-16,electronics,449.52,6.3,Dhaka,redx,Mobile Banking,5.0,4,1,On-Time
105146,2024-10-20,books,4570.38,14.1,Sylhet,Sundarban,Cash on Delivery,5.0,1,1,On-Time
103834,2023-09-21,Electronics,3814.55,1.0,Khulna,pathao,Card,4.2,1,1,On-Time
103305,2024-12-20,Clothing,1259.8,26.3,Khulna,Sundarban,Cash on Delivery,4.5,2,0,On-Time
100829,2023-06-07,Home & Kitchen,2093.05,12.8,Chattogram,,Card,4.4,2,0,On-Time
101076,2024-10-14,electronics,2964.76,1.2,Chattogram,S.A. Paribahan,Cash on Delivery,3.4,3,1,On-Time
104568,2023-12-22,groceries,338.33,1.2,Dhaka,pathao,Mobile Banking,4.0,1,0,On-Time
107438,2024-10-06,Electronics,3012.02,2.6,Chattogram,Pathao,Cash on Delivery,2.9,1,1,On-Time
102863,2024-01-30,Clothing,507.5,71.2,Dhaka,sundarban,Mobile Banking,4.8,1,0,On-Time
102785,2023-10-25,Grocery,1087.01,18.5,Dhaka,pathao,Cash on Delivery,4.6,3,0,Delayed
108057,2023-10-08,clothing,1420.35,56.1,Dhaka,RedX,Mobile Banking,4.1,2,0,On-Time
100342,2023-04-22,Groceries,571.83,21.2,Khulna,SA Paribahan,Card,,3,0,On-Time
103100,2024-03-11,Clothing,1545.47,7.9,Sylhet,PATHAO,Cash on Delivery,4.2,1,1,On-Time
101822,2023-07-27,clothing,10173.07,1.0,Khulna,Pathao,Cash on Delivery,4.0,1,0,On-Time
104562,2023-12-23,Home and Kitchen,334.09,7.5,Dhaka,Pathao,Cash on Delivery,5.0,2,0,On-Time
104198,2023-03-01,Home & Kitchen,2974.47,1.0,Rajshahi,E-Courier,Card,3.6,1,0,On-Time
106736,2024-08-14,ELECTRONICS,1234.72,11.7,Chattogram,PATHAO,Cash on Delivery,4.0,3,0,On-Time
106275,2024-02-01,ELECTRONICS,499.96,7.0,Dhaka,sundarban,Card,4.6,1,1,Delayed
108182,2024-03-01,Books,1500.46,52.1,Sylhet,RedX,Cash on Delivery,3.6,2,0,On-Time
108711,2023-08-27,home & kitchen,,26.6,Khulna,PATHAO,Cash on Delivery,,6,1,Delayed
107725,2024-11-19,clothing,442.06,18.8,Rajshahi,Pathao,Card,4.3,1,0,On-Time
105225,2023-12-03,Clothing,2332.26,40.9,Dhaka,PATHAO,Cash on Delivery,3.8,2,0,Cancelled
102988,2024-06-18,ELECTRONICS,1433.85,7.4,Dhaka,PATHAO,Cash on Delivery,4.3,3,1,On-Time
108199,2024-04-05,Beauty,1632.31,49.8,Rajshahi,Sundarban,Cash on Delivery,4.5,3,1,Cancelled
104700,2024-04-15,Books,409.74,23.0,Rajshahi,E-Courier,Mobile Banking,4.0,2,0,Delayed
107341,2023-03-11,clothing,1890.11,10.9,Dhaka,PATHAO,Cash on Delivery,3.6,4,1,On-Time
105728,2023-05-09,clothing,9648.14,4.2,Dhaka,SA Paribahan,Cash on Delivery,3.9,1,1,On-Time
108513,2023-02-15,Clothing,1063.64,6.1,Rajshahi,Sundorbon,Cash on Delivery,4.3,4,1,On-Time
101722,2024-10-23,Home and Kitchen,1092.64,12.7,Chattogram,,Mobile Banking,4.7,5,0,Delayed
103581,2024-11-03,Beauty,150.0,11.0,Khulna,SA Paribahan,Card,4.7,2,0,On-Time
108591,2023-09-26,Groceries,1434.37,20.7,Dhaka,sa paribahan,Mobile Banking,4.0,2,1,On-Time
108477,2024-04-13,clothing,2891.52,32.1,Dhaka,pathao,Mobile Banking,3.8,4,0,Delayed
106282,2023-02-20,Beauty,743.6,1.9,Chattogram,Sundorbon,Cash on Delivery,3.9,1,0,Delayed
106196,2024-10-24,clothing,2200.64,8.8,Dhaka,pathao,Mobile Banking,3.9,5,1,On-Time
104445,2024-04-06,groceries,632.31,1.3,Chattogram,ecourier,Cash on Delivery,4.1,3,0,On-Time
102201,2023-04-30,groceries,5310.23,6.7,Dhaka,pathao,Cash on Delivery,5.0,1,0,On-Time
101227,2024-07-04,ELECTRONICS,788.29,,Dhaka,sundarban,Cash on Delivery,4.6,5,1,Delayed
100815,2024-08-24,Books,2128.8,6.2,Dhaka,eCourier,Cash on Delivery,,2,1,On-Time
101501,2023-07-06,Grocery,1622.46,1.0,Sylhet,Pathao,Card,,3,0,Delayed
102786,2024-01-03,ELECTRONICS,2626.36,12.2,Chattogram,Pathao,Card,4.6,1,0,Cancelled
100854,2023-03-20,Groceries,150.0,6.9,Chattogram,sa paribahan,Cash on Delivery,5.0,1,0,On-Time
105861,2023-04-02,Clothing,326.94,5.4,Dhaka,redx,Cash on Delivery,4.5,4,1,Delayed
102805,2024-08-29,home & kitchen,1639.04,3.0,Dhaka,RedX,Cash on Delivery,4.1,1,0,On-Time
104329,2024-08-03,Clothing,222.24,14.5,Dhaka,sa paribahan,Card,4.9,1,0,On-Time
104675,2024-04-23,Home & Kitchen,150.0,2.8,Khulna,Sundorbon,Card,3.2,3,1,On-Time
102479,2023-11-01,groceries,646.72,,Khulna,pathao,Cash on Delivery,2.9,1,0,On-Time
102773,2023-05-25,clothing,224.6,14.8,Chattogram,Sundarban,Cash on Delivery,3.6,1,1,Delayed
100497,2024-11-17,Books,1921.71,2.6,Sylhet,Sundarban,Cash on Delivery,2.9,2,1,Delayed
106411,2023-08-20,Clothing,961.41,17.8,Chattogram,pathao,Card,3.2,3,1,On-Time
106765,2023-10-25,groceries,10433.8,3.9,Rajshahi,ecourier,Cash on Delivery,3.9,4,0,On-Time
104540,2023-01-22,Electronics,613.72,4.5,Rajshahi,Sundarban,Cash on Delivery,3.5,1,1,Cancelled
104239,2023-01-22,beauty,,33.7,Rajshahi,Sundarban,Mobile Banking,3.3,5,1,Delayed
108590,2023-07-19,clothing,487.75,4.1,Chattogram,Red X,Cash on Delivery,,3,1,Delayed
107406,2024-05-10,Home & Kitchen,1421.31,28.5,Dhaka,RedX,Cash on Delivery,4.7,1,0,Delayed
103396,2024-01-19,Clothing,150.0,8.0,Dhaka,eCourier,Mobile Banking,4.0,2,0,On-Time
106766,2024-10-03,clothing,2337.71,6.6,Dhaka,Pathao,Card,4.8,1,0,On-Time
104133,2024-11-02,Grocery,2361.88,1.0,Sylhet,Sundorbon,Mobile Banking,4.7,2,1,On-Time
100633,2024-09-15,Electronics,150.0,22.0,Chattogram,Pathao,Cash on Delivery,4.3,1,0,Delayed
105130,2024-08-29,beauty,971.55,41.2,Khulna,redx,Mobile Banking,5.0,1,1,On-Time
101100,2023-08-17,Electronics,1108.67,10.7,Dhaka,Red X,Card,3.9,1,1,On-Time
106306,2024-11-28,Electronics,721.58,73.7,Chattogram,PATHAO,Mobile Banking,4.7,6,0,Delayed
103328,2024-09-30,Home and Kitchen,1236.71,5.1,Chattogram,Sundarban,Cash on Delivery,3.4,3,1,On-Time
108666,2023-08-26,Electronics,2179.64,1.7,Dhaka,Pathao,Cash on Delivery,4.1,2,1,On-Time
105512,2024-06-26,Books,961.61,34.7,Chattogram,pathao,Cash on Delivery,4.4,4,0,Delayed
103250,2023-05-07,Grocery,475.19,1.0,Chattogram,Red X,Mobile Banking,4.2,2,1,On-Time
108785,2024-11-20,Clothing,2556.38,2.8,Dhaka,Sundorbon,Cash on Delivery,4.3,3,1,On-Time
103495,2024-07-08,Grocery,1547.58,4.6,Dhaka,Pathao,Card,3.5,3,0,On-Time
101529,2023-05-06,clothing,5186.5,115.2,Dhaka,SA Paribahan,Cash on Delivery,4.8,7,0,Delayed
102704,2023-11-05,Clothing,5524.24,29.2,Chattogram,E-Courier,Mobile Banking,4.0,2,0,Delayed
102364,2023-03-01,Beauty,2983.28,4.8,Dhaka,RedX,Card,4.7,1,1,On-Time
106218,2024-04-30,Grocery,525.24,49.6,Dhaka,Pathao,Cash on Delivery,4.2,2,0,Delayed
103003,2023-02-23,groceries,522.04,4.3,Chattogram,sundarban,Card,4.7,1,0,On-Time
108510,2023-02-18,ELECTRONICS,1808.69,7.5,Dhaka,Sundorbon,Card,4.6,2,1,On-Time
103473,2023-05-18,Books,7814.18,11.6,Dhaka,sa paribahan,Cash on Delivery,4.6,2,1,On-Time
105193,2024-03-06,Home & Kitchen,1839.99,7.8,Dhaka,PATHAO,Mobile Banking,4.0,1,0,On-Time
108736,2024-01-13,Electronics,2575.62,17.0,Chattogram,S.A. Paribahan,Cash on Delivery,4.1,4,0,On-Time
106145,2024-02-23,Groceries,6806.82,17.9,Dhaka,PATHAO,Cash on Delivery,4.7,4,1,On-Time
104798,2023-03-16,Electronics,1958.52,52.9,Sylhet,redx,Cash on Delivery,4.7,3,1,On-Time
108424,2023-05-26,groceries,770.55,3.9,Dhaka,Red X,Cash on Delivery,4.6,5,0,On-Time
105268,2023-05-25,Home & Kitchen,931.57,17.5,Sylhet,sa paribahan,Cash on Delivery,3.7,2,1,Cancelled
104285,2023-01-16,electronics,1832.61,4.5,Dhaka,sa paribahan,Cash on Delivery,2.7,1,0,On-Time
101922,2024-11-27,electronics,363.56,1.0,Dhaka,Pathao,Card,2.7,2,0,Delayed
101469,2023-01-27,Beauty,805.78,3.4,Khulna,pathao,Cash on Delivery,5.0,4,0,On-Time
104321,2023-01-05,beauty,530.7,11.3,Dhaka,eCourier,Cash on Delivery,3.4,2,1,On-Time
106619,2024-08-11,ELECTRONICS,150.0,1.0,Dhaka,redx,Card,4.9,2,0,On-Time
100261,2024-01-04,groceries,3318.54,16.7,Khulna,RedX,Cash on Delivery,4.6,5,0,On-Time
100331,2024-02-11,ELECTRONICS,897.61,8.7,Dhaka,pathao,Card,4.2,1,0,On-Time
104616,2023-04-11,ELECTRONICS,2252.04,1.0,Dhaka,Sundorbon,Cash on Delivery,3.7,2,0,On-Time
101634,2023-04-05,home & kitchen,1603.4,1.1,Khulna,ecourier,Cash on Delivery,3.8,3,0,Delayed
106419,2024-09-25,Home and Kitchen,1835.97,12.3,Dhaka,Red X,Mobile Banking,3.7,1,0,On-Time
104088,2023-08-22,Home & Kitchen,205.11,39.0,Dhaka,Sundorbon,Card,4.3,3,0,On-Time
105705,2023-03-16,Beauty,2601.19,6.7,Dhaka,pathao,Card,3.5,2,0,On-Time
106017,2024-11-20,ELECTRONICS,1663.94,16.5,Rajshahi,Pathao,Card,,1,0,Cancelled
100363,2023-08-02,Clothing,150.0,15.7,Rajshahi,Sundorbon,Cash on Delivery,3.8,5,0,Delayed
104491,2023-03-22,Clothing,150.0,3.3,Dhaka,S.A. Paribahan,Cash on Delivery,3.5,3,1,On-Time
103579,2024-02-22,Electronics,2010.56,22.8,Chattogram,Red X,Cash on Delivery,4.0,1,1,On-Time
101780,2024-01-15,books,1179.16,3.3,Dhaka,RedX,Card,3.9,4,1,On-Time
100847,2023-05-30,books,496.89,23.5,Khulna,PATHAO,Cash on Delivery,4.2,1,0,Delayed
107280,2024-11-15,home & kitchen,168.66,12.6,Rajshahi,SA Paribahan,Mobile Banking,4.5,1,1,On-Time
106052,2023-04-10,Electronics,278.02,8.0,Dhaka,E-Courier,Cash on Delivery,3.1,5,0,On-Time
107925,2024-08-30,Electronics,387.37,4.2,Dhaka,Pathao,Cash on Delivery,4.7,5,1,On-Time
103545,2024-03-30,ELECTRONICS,457.32,1.0,Khulna,redx,Mobile Banking,5.0,1,0,On-Time
101190,2023-06-11,books,193.89,10.9,Dhaka,sa paribahan,Cash on Delivery,4.4,1,1,On-Time
101684,2023-09-08,home & kitchen,2458.52,28.0,Sylhet,redx,Card,3.5,3,0,On-Time
106985,2024-03-25,Clothing,541.86,3.5,Chattogram,S.A. Paribahan,Mobile Banking,4.1,4,0,On-Time
101266,2023-01-26,Electronics,2633.79,26.6,Sylhet,ecourier,Card,4.2,3,1,On-Time
104792,2024-06-26,Grocery,4520.27,5.0,Dhaka,SA Paribahan,Cash on Delivery,4.4,1,1,On-Time
100444,2023-07-24,Grocery,1862.52,25.8,Khulna,PATHAO,Cash on Delivery,4.2,2,1,Cancelled
107098,2023-10-22,clothing,468.43,9.1,Dhaka,redx,Cash on Delivery,4.2,3,0,On-Time
105867,2023-01-19,groceries,1417.78,9.4,Sylhet,Red X,Cash on Delivery,3.8,3,0,On-Time
107403,2024-12-18,books,524.77,10.7,Chattogram,Sundarban,Cash on Delivery,4.1,1,0,On-Time
103752,2023-01-24,Electronics,1630.45,12.3,Dhaka,Pathao,Card,3.5,3,0,On-Time
107325,2023-02-24,Books,311.81,1.5,Dhaka,redx,Mobile Banking,4.2,1,0,On-Time
100956,2024-03-29,Home & Kitchen,7408.26,20.2,Sylhet,PATHAO,Card,3.9,3,1,On-Time
101491,2024-12-13,ELECTRONICS,713.16,1.0,Khulna,Pathao,Card,4.3,6,0,Delayed
104864,2023-10-01,Clothing,1618.56,10.1,Khulna,Red X,Cash on Delivery,2.5,3,0,On-Time
100351,2024-03-05,Grocery,819.53,16.4,Sylhet,Sundorbon,Card,3.8,2,0,On-Time
104920,2024-09-20,home & kitchen,6487.22,8.0,Sylhet,pathao,Mobile Banking,3.9,1,0,On-Time
101212,2024-10-28,Grocery,150.0,9.6,Rajshahi,ecourier,Cash on Delivery,4.2,1,0,Delayed
104529,2024-09-13,beauty,152.6,10.3,Dhaka,pathao,Card,3.9,1,1,Delayed
108297,2024-05-19,Clothing,5472.26,12.7,Dhaka,Pathao,Cash on Delivery,4.9,7,0,On-Time
101483,2024-12-17,Grocery,150.0,29.5,Dhaka,sa paribahan,Card,5.0,4,1,Delayed
107509,2023-04-07,Clothing,1970.13,8.3,Dhaka,S.A. Paribahan,Mobile Banking,4.8,1,0,On-Time
106568,2024-08-21,Books,5029.34,1.0,Chattogram,redx,Cash on Delivery,4.1,2,1,Delayed
105358,2023-10-19,Groceries,313.24,2.2,Rajshahi,redx,Cash on Delivery,4.4,1,0,On-Time
106393,2024-02-22,home & kitchen,2653.31,21.7,Chattogram,redx,Cash on Delivery,3.9,1,0,Delayed
100077,2023-09-22,Grocery,2808.95,5.1,Dhaka,pathao,Card,5.0,1,0,On-Time
103235,2023-03-01,beauty,1039.92,42.1,Dhaka,PATHAO,Mobile Banking,4.3,2,0,Delayed
107425,2024-04-11,Home & Kitchen,1433.01,31.7,Dhaka,ecourier,Cash on Delivery,4.4,2,0,On-Time
102071,2023-10-10,electronics,2946.72,5.8,Chattogram,PATHAO,Cash on Delivery,4.8,1,1,Cancelled
106023,2023-07-20,Clothing,150.0,2.2,Dhaka,pathao,Cash on Delivery,4.2,2,0,On-Time
107212,2023-09-27,clothing,1701.32,21.2,Dhaka,,Card,4.7,3,0,On-Time
104654,2024-09-16,Home and Kitchen,852.5,30.7,Dhaka,RedX,Card,3.8,1,1,On-Time
108143,2024-04-05,home & kitchen,4671.84,17.3,Khulna,sundarban,Cash on Delivery,4.6,3,1,On-Time
103249,2023-01-21,Groceries,1187.85,4.0,Dhaka,Red X,Cash on Delivery,5.0,4,1,On-Time
105191,2024-05-18,Grocery,,22.9,Dhaka,Sundorbon,Card,4.4,2,0,On-Time
105425,2024-02-28,Books,4042.31,8.3,Chattogram,Red X,Cash on Delivery,3.5,3,1,Delayed
106817,2024-12-01,beauty,553.27,15.3,Dhaka,redx,Cash on Delivery,4.7,1,0,On-Time
106742,2023-02-01,Home and Kitchen,4785.18,3.3,Dhaka,RedX,Card,4.2,3,0,Delayed
107216,2023-12-29,groceries,150.0,13.7,Rajshahi,Red X,Card,4.8,1,0,On-Time
100744,2024-10-15,Groceries,896.66,4.8,Dhaka,PATHAO,Cash on Delivery,4.0,2,0,On-Time
101862,2023-06-15,books,1175.14,9.8,Rajshahi,PATHAO,Cash on Delivery,2.8,5,0,On-Time
100800,2023-06-12,groceries,825.15,28.1,Dhaka,PATHAO,Cash on Delivery,3.4,2,0,On-Time
108617,2024-03-30,beauty,1114.86,10.5,Chattogram,SA Paribahan,Mobile Banking,3.0,1,1,On-Time
102394,2024-06-17,Electronics,2461.28,10.9,Khulna,pathao,Cash on Delivery,3.5,1,1,On-Time
103557,2024-12-10,Clothing,1842.25,58.9,Dhaka,S.A. Paribahan,Cash on Delivery,4.5,3,0,Delayed
104790,2024-11-28,books,710.1,7.2,Dhaka,sa paribahan,Cash on Delivery,3.8,2,0,Delayed
105677,2023-07-26,home & kitchen,3532.02,48.1,Dhaka,redx,Cash on Delivery,3.2,3,0,On-Time
105060,2023-11-16,clothing,2347.37,28.1,Chattogram,Sundorbon,Card,5.0,2,1,Delayed
105523,2024-09-30,Clothing,2411.45,1.4,Dhaka,PATHAO,Cash on Delivery,5.0,5,0,On-Time
107798,2023-04-21,Home & Kitchen,1481.1,2.3,Chattogram,Red X,Cash on Delivery,5.0,2,0,On-Time
104164,2024-12-14,Home and Kitchen,1569.49,13.4,Sylhet,Sundarban,Card,3.5,1,0,Delayed
106375,2024-06-21,Beauty,1343.93,18.7,Khulna,SA Paribahan,Card,3.9,5,0,Delayed
105942,2023-12-28,electronics,2907.85,34.8,Dhaka,Red X,Mobile Banking,5.0,1,0,On-Time
100823,2023-01-02,groceries,880.41,45.3,Chattogram,ecourier,Card,3.0,1,1,Delayed
103203,2023-09-15,Clothing,2642.26,16.7,Dhaka,pathao,Cash on Delivery,2.9,2,0,Delayed
100528,2024-06-15,Clothing,671.52,5.7,Chattogram,sundarban,Cash on Delivery,4.5,2,1,Delayed
106896,2023-02-26,Home & Kitchen,447.16,,Dhaka,Red X,Cash on Delivery,5.0,1,0,On-Time
103280,2023-02-03,Clothing,533.83,17.3,Sylhet,S.A. Paribahan,Mobile Banking,3.8,1,0,Delayed
105769,2023-03-17,Groceries,892.9,12.8,Dhaka,pathao,Card,4.2,5,0,On-Time
103518,2024-01-10,Beauty,2515.73,1.0,Dhaka,PATHAO,Mobile Banking,3.7,1,1,On-Time
102510,2024-01-09,ELECTRONICS,579.8,13.0,Rajshahi,RedX,Mobile Banking,4.0,2,0,Delayed
108398,2023-12-22,Books,2008.69,3.3,Chattogram,Pathao,Mobile Banking,4.1,3,1,On-Time
100666,2023-09-02,Clothing,3085.33,15.8,Dhaka,eCourier,Card,5.0,3,0,On-Time
108323,2024-02-24,Groceries,220.57,10.2,Rajshahi,SA Paribahan,Cash on Delivery,5.0,3,0,On-Time
107994,2023-11-25,ELECTRONICS,994.84,49.6,Dhaka,redx,Mobile Banking,4.6,3,0,Delayed
108386,2023-05-29,Electronics,2381.24,9.3,Dhaka,Red X,Cash on Delivery,3.8,2,0,On-Time
103874,2023-09-30,Groceries,185.96,13.3,Khulna,sa paribahan,Cash on Delivery,4.3,2,1,On-Time
105423,2024-01-24,Home and Kitchen,4073.19,17.0,Dhaka,sa paribahan,Cash on Delivery,4.0,3,0,On-Time
103131,2023-11-25,clothing,4304.28,1.7,Dhaka,RedX,Mobile Banking,4.4,3,1,Delayed
106996,2024-04-03,Beauty,1173.51,2.8,Chattogram,pathao,Card,4.6,6,0,On-Time
107588,2024-06-27,groceries,893.38,10.5,Rajshahi,Sundarban,Cash on Delivery,4.8,1,0,Delayed
102443,2023-01-17,ELECTRONICS,2956.21,2.5,Dhaka,sundarban,Card,3.4,3,0,On-Time
103688,2024-07-13,ELECTRONICS,218.97,10.3,Chattogram,PATHAO,Cash on Delivery,5.0,1,0,Cancelled
106425,2023-09-07,Home & Kitchen,1686.47,1.7,Dhaka,sa paribahan,Mobile Banking,3.6,6,0,On-Time
105938,2023-06-18,books,4168.12,7.2,Sylhet,Red X,Card,3.8,1,1,Delayed
103660,2024-07-22,clothing,1901.13,5.9,Rajshahi,S.A. Paribahan,Cash on Delivery,4.4,1,0,Cancelled
102186,2023-03-03,ELECTRONICS,702.4,2.3,Rajshahi,S.A. Paribahan,Mobile Banking,4.9,4,1,On-Time
104095,2023-04-26,Clothing,,7.3,Rajshahi,Red X,Card,4.5,4,0,On-Time
102987,2023-07-04,ELECTRONICS,240.84,1.1,Sylhet,eCourier,Mobile Banking,4.4,4,0,Delayed
101826,2023-08-09,clothing,2653.13,6.8,Chattogram,PATHAO,Mobile Banking,4.5,4,1,Delayed
102966,2024-03-06,Electronics,150.0,10.3,Dhaka,PATHAO,Cash on Delivery,5.0,1,0,On-Time
108286,2023-01-29,clothing,150.0,2.2,Dhaka,eCourier,Cash on Delivery,3.8,3,0,On-Time
105550,2023-10-17,Electronics,2306.07,5.3,Dhaka,Sundarban,Mobile Banking,3.1,4,0,On-Time
100628,2023-05-31,Groceries,150.0,1.0,Chattogram,S.A. Paribahan,Mobile Banking,3.9,2,0,On-Time
108452,2023-07-19,beauty,2363.02,14.6,Dhaka,Pathao,Mobile Banking,4.1,1,1,On-Time
103089,2023-10-14,beauty,598.71,2.3,Dhaka,Red X,Card,3.2,1,0,On-Time
107995,2024-06-16,Clothing,1354.78,10.3,Dhaka,PATHAO,Cash on Delivery,3.9,3,0,Delayed
105943,2024-07-19,electronics,150.0,2.5,Dhaka,sundarban,Card,4.7,2,0,Delayed
104001,2023-06-05,Electronics,10164.87,4.0,Chattogram,pathao,Cash on Delivery,5.0,3,0,On-Time
103090,2024-10-10,Books,1814.0,22.2,Chattogram,sundarban,Card,4.3,2,0,Delayed
108028,2023-03-25,ELECTRONICS,1249.25,8.1,Dhaka,Red X,Mobile Banking,4.3,1,0,On-Time
102066,2023-05-28,home & kitchen,980.4,23.8,Dhaka,redx,Cash on Delivery,3.9,2,0,Delayed
101531,2024-02-04,clothing,354.62,18.4,Khulna,RedX,Cash on Delivery,4.5,1,0,On-Time
103655,2023-03-04,groceries,2843.67,5.9,Sylhet,eCourier,Card,4.6,1,0,On-Time
100985,2023-03-14,Groceries,1081.11,3.0,Sylhet,sa paribahan,Cash on Delivery,3.8,2,0,On-Time
108919,2024-11-04,Books,2117.29,8.8,Dhaka,RedX,Card,4.1,1,0,Delayed
102163,2023-05-08,Clothing,3494.85,2.5,Sylhet,E-Courier,Mobile Banking,4.2,5,0,On-Time
105142,2023-11-25,home & kitchen,1531.36,9.7,Sylhet,RedX,Mobile Banking,4.3,1,0,On-Time
104278,2024-10-19,Home & Kitchen,1524.3,14.2,Khulna,redx,Card,5.0,1,0,Delayed
106365,2024-09-26,Groceries,4169.05,20.4,Dhaka,S.A. Paribahan,Card,3.8,1,1,On-Time
103661,2024-06-03,Electronics,2657.19,3.8,Dhaka,Red X,Cash on Delivery,3.1,3,1,Delayed
103517,2024-11-30,Groceries,2089.38,3.5,Chattogram,SA Paribahan,Mobile Banking,3.8,3,0,Delayed
102836,2024-12-24,Electronics,150.0,30.1,Khulna,Sundarban,Cash on Delivery,4.2,3,0,Cancelled
102244,2023-10-27,Electronics,2064.09,31.7,Sylhet,Red X,Mobile Banking,4.0,1,0,On-Time
102957,2023-10-29,groceries,174.52,1.0,Dhaka,eCourier,Mobile Banking,4.6,2,1,On-Time
101434,2024-02-26,Beauty,716.42,9.5,Dhaka,ecourier,Cash on Delivery,4.1,2,1,Delayed
105428,2023-12-08,Home & Kitchen,346.13,3.0,Dhaka,redx,Mobile Banking,4.9,4,1,On-Time
105431,2023-04-10,Groceries,942.95,36.2,Sylhet,E-Courier,Card,3.7,6,1,On-Time
101912,2023-08-02,Clothing,8070.73,1.0,Dhaka,sa paribahan,Card,3.6,2,0,On-Time
107332,2024-06-09,ELECTRONICS,1760.69,11.3,Chattogram,Pathao,Mobile Banking,3.3,4,0,Delayed
101907,2023-03-01,Home & Kitchen,870.19,1.2,Sylhet,,Card,3.9,4,0,Delayed
105499,2023-10-02,Groceries,387.63,5.5,Rajshahi,PATHAO,Mobile Banking,4.5,1,1,On-Time
105482,2024-08-26,Home and Kitchen,150.0,19.6,Sylhet,Red X,Cash on Delivery,4.4,3,0,On-Time
104748,2023-10-08,Clothing,1856.96,48.6,Sylhet,Pathao,Card,4.2,1,0,On-Time
103081,2024-02-26,Beauty,552.1,5.1,Rajshahi,Red X,Cash on Delivery,3.7,3,1,On-Time
104185,2024-12-26,Beauty,2306.53,11.4,Chattogram,SA Paribahan,Cash on Delivery,4.2,1,1,On-Time
104167,2023-04-29,Clothing,327.94,33.0,Chattogram,PATHAO,Cash on Delivery,3.6,2,0,Delayed
108065,2023-01-24,Grocery,150.0,30.5,Chattogram,RedX,Cash on Delivery,3.4,1,0,Delayed
106402,2024-09-30,beauty,1183.63,20.3,Sylhet,redx,Cash on Delivery,4.2,1,1,On-Time
107508,2023-01-11,ELECTRONICS,1073.67,7.4,Rajshahi,,Cash on Delivery,3.9,2,1,On-Time
108267,2024-03-03,Clothing,2665.04,12.5,Dhaka,Pathao,Cash on Delivery,4.3,7,0,Delayed
102539,2024-03-11,Home and Kitchen,317.13,12.7,Chattogram,RedX,Cash on Delivery,4.0,2,0,On-Time
103954,2024-01-05,beauty,1119.95,13.6,Dhaka,sa paribahan,Cash on Delivery,4.2,1,0,Delayed
104545,2024-09-27,Clothing,162.38,15.2,Dhaka,ecourier,Cash on Delivery,4.7,1,1,On-Time
108707,2023-11-18,books,247.19,16.7,Khulna,pathao,Cash on Delivery,3.4,1,1,Delayed
105320,2023-10-11,Clothing,2677.0,36.4,Chattogram,redx,Card,3.5,1,0,On-Time
108969,2023-05-28,Groceries,1424.62,11.8,Dhaka,PATHAO,Cash on Delivery,3.3,2,1,On-Time
106923,2024-02-02,clothing,2284.85,22.0,Dhaka,ecourier,Cash on Delivery,5.0,4,0,Delayed
102722,2024-10-18,Clothing,241.65,19.5,Dhaka,redx,Mobile Banking,3.9,4,1,Delayed
105332,2023-12-24,Clothing,150.0,7.6,Dhaka,PATHAO,Mobile Banking,4.3,2,1,On-Time
108451,2024-07-15,Grocery,656.07,1.0,Khulna,redx,Mobile Banking,,2,0,On-Time
103076,2024-05-29,Electronics,1585.45,9.0,Khulna,sundarban,Cash on Delivery,4.2,2,0,On-Time
104407,2023-03-12,Grocery,4240.53,1.0,Sylhet,Pathao,Cash on Delivery,3.9,1,0,On-Time
101337,2024-04-30,clothing,948.6,31.5,Rajshahi,redx,Mobile Banking,3.0,1,1,Delayed
104315,2023-08-15,Grocery,1441.92,21.5,Dhaka,sundarban,Cash on Delivery,3.5,2,1,Delayed
107080,2023-08-25,Electronics,750.45,1.1,Dhaka,Red X,Cash on Delivery,3.1,1,0,On-Time
105159,2024-12-25,Beauty,1291.96,5.0,Chattogram,pathao,Cash on Delivery,4.7,1,0,On-Time
106627,2023-02-12,beauty,329.4,7.4,Chattogram,RedX,Cash on Delivery,3.2,2,0,On-Time
103122,2024-02-10,home & kitchen,4892.34,3.6,Khulna,S.A. Paribahan,Card,3.7,1,0,On-Time
101231,2024-10-27,Home & Kitchen,429.27,7.6,Chattogram,ecourier,Card,4.1,5,0,On-Time
106589,2024-10-07,Groceries,2074.59,1.0,Khulna,pathao,Mobile Banking,3.8,1,1,Delayed
104304,2023-04-20,Clothing,1735.47,3.6,Chattogram,ecourier,Card,4.9,4,1,On-Time
105122,2023-09-10,Clothing,796.53,7.8,Sylhet,S.A. Paribahan,Cash on Delivery,4.1,3,1,Delayed
103590,2024-10-12,Grocery,993.46,1.7,Sylhet,Red X,Cash on Delivery,4.2,2,1,On-Time
102827,2023-10-10,beauty,1403.05,6.7,Chattogram,E-Courier,Cash on Delivery,4.1,3,1,On-Time
108940,2023-05-05,home & kitchen,,12.3,Dhaka,sa paribahan,Mobile Banking,5.0,1,0,Delayed
106112,2024-06-07,groceries,255.49,45.6,Dhaka,E-Courier,Cash on Delivery,3.5,1,0,On-Time
101762,2024-08-17,beauty,,9.1,Dhaka,SA Paribahan,Mobile Banking,3.5,2,0,Delayed
103554,2024-10-06,Electronics,225.51,47.0,Dhaka,PATHAO,Cash on Delivery,3.9,2,1,On-Time
106580,2023-07-09,clothing,596.31,15.8,Khulna,PATHAO,Cash on Delivery,3.8,1,1,On-Time
103144,2023-10-09,home & kitchen,986.75,13.0,Rajshahi,pathao,Cash on Delivery,3.7,3,0,On-Time
101688,2023-05-09,ELECTRONICS,453.14,1.0,Chattogram,Sundarban,Cash on Delivery,4.4,2,1,On-Time
106670,2024-04-19,Beauty,5730.16,18.8,Sylhet,E-Courier,Card,3.0,4,0,On-Time
100131,2024-02-23,Electronics,150.0,38.4,Dhaka,redx,Card,4.8,2,0,Delayed
105287,2024-06-24,groceries,1802.25,1.0,Dhaka,S.A. Paribahan,Cash on Delivery,3.5,6,0,On-Time
104842,2023-03-15,Grocery,1740.06,10.2,Dhaka,sa paribahan,Cash on Delivery,4.2,4,1,Delayed
102541,2024-07-20,Electronics,2297.81,8.9,Chattogram,sundarban,Card,4.7,2,0,On-Time
108728,2024-08-17,clothing,5013.63,16.5,Dhaka,eCourier,Mobile Banking,4.4,1,1,On-Time
108639,2024-12-12,clothing,150.0,9.3,Dhaka,pathao,Mobile Banking,3.9,5,1,Delayed
105168,2024-04-23,electronics,897.43,3.6,Dhaka,RedX,Cash on Delivery,3.9,2,0,On-Time
103573,2024-07-29,Grocery,507.9,17.5,Chattogram,PATHAO,Mobile Banking,3.6,1,1,On-Time
102079,2023-04-04,books,2668.28,12.4,Chattogram,PATHAO,Cash on Delivery,4.4,1,0,On-Time
101942,2024-05-27,beauty,907.68,31.0,Dhaka,PATHAO,Cash on Delivery,4.4,4,1,Delayed
101831,2023-10-03,Home & Kitchen,352.62,9.9,Rajshahi,Red X,Cash on Delivery,4.3,4,0,On-Time
102517,2024-09-04,Home & Kitchen,1300.72,7.1,Dhaka,SA Paribahan,Cash on Delivery,4.1,3,0,On-Time
104357,2024-01-01,Beauty,4747.06,7.2,Dhaka,Pathao,Cash on Delivery,4.2,1,0,Delayed
103971,2024-09-28,ELECTRONICS,569.5,2.2,Dhaka,redx,Cash on Delivery,3.5,3,0,Delayed
108598,2024-06-14,groceries,2459.48,3.5,Dhaka,sa paribahan,Mobile Banking,4.7,2,0,On-Time
108946,2024-01-22,Grocery,2417.43,11.4,Dhaka,PATHAO,Cash on Delivery,5.0,2,0,On-Time
106930,2024-08-14,Clothing,6091.94,20.5,Dhaka,Sundarban,Cash on Delivery,3.8,1,1,On-Time
102461,2024-12-23,Electronics,2425.98,1.6,Dhaka,eCourier,Cash on Delivery,4.4,4,0,On-Time
104721,2024-01-11,Electronics,851.43,1.0,Dhaka,pathao,Cash on Delivery,4.0,1,1,On-Time
101893,2023-01-12,Electronics,1494.07,11.8,Dhaka,Sundarban,Cash on Delivery,3.2,3,0,Delayed
101988,2023-11-15,Beauty,4250.58,7.7,Khulna,pathao,Mobile Banking,4.4,5,0,On-Time
102346,2023-04-05,books,1803.97,1.2,Sylhet,Pathao,Cash on Delivery,4.2,2,1,On-Time
107832,2024-07-22,Home & Kitchen,2524.77,8.4,Dhaka,RedX,Cash on Delivery,4.8,1,0,On-Time
103636,2023-02-21,groceries,150.0,27.4,Dhaka,S.A. Paribahan,Mobile Banking,3.2,1,1,Delayed
105620,2024-06-25,Groceries,660.28,10.3,Dhaka,PATHAO,Card,4.0,3,1,Delayed
100321,2023-04-13,Electronics,939.18,99.9,Dhaka,S.A. Paribahan,Card,3.3,1,0,Delayed
107560,2024-03-04,Clothing,1810.26,24.9,Rajshahi,pathao,Cash on Delivery,4.3,3,0,On-Time
107986,2024-09-17,Beauty,700.34,35.3,Dhaka,ecourier,Mobile Banking,4.6,3,1,On-Time
108342,2023-11-29,electronics,1735.31,20.6,Dhaka,RedX,Cash on Delivery,3.1,3,0,Delayed
102300,2024-02-17,clothing,2877.23,6.1,Sylhet,redx,Cash on Delivery,4.4,1,0,On-Time
101393,2024-05-06,Home & Kitchen,150.0,13.1,Rajshahi,eCourier,Card,3.8,3,0,Cancelled
100176,2024-01-21,Clothing,972.57,18.6,Sylhet,Sundorbon,Mobile Banking,4.3,2,0,Delayed
100751,2024-03-16,Groceries,1145.38,5.3,Sylhet,Pathao,Mobile Banking,3.6,2,0,Delayed
104124,2023-11-16,home & kitchen,253.06,31.7,Khulna,S.A. Paribahan,Mobile Banking,2.9,1,0,Delayed
100387,2023-03-14,Clothing,3631.02,7.8,Dhaka,Red X,Cash on Delivery,4.3,4,1,On-Time
105156,2024-04-25,Groceries,2867.06,1.0,Chattogram,Pathao,Mobile Banking,3.2,5,0,On-Time
106011,2024-09-19,Home & Kitchen,1129.25,16.8,Sylhet,sundarban,Cash on Delivery,4.7,2,0,Delayed
104044,2023-10-22,home & kitchen,150.0,4.7,Khulna,RedX,Cash on Delivery,4.4,3,1,On-Time
107689,2023-08-13,Grocery,1413.6,4.6,Dhaka,Sundorbon,Cash on Delivery,3.9,2,0,On-Time
108403,2023-06-28,electronics,529.94,1.0,Dhaka,pathao,Cash on Delivery,4.6,2,1,On-Time
107837,2023-10-26,electronics,1278.09,1.7,Rajshahi,redx,Mobile Banking,2.9,2,0,On-Time
104738,2023-07-31,Home and Kitchen,4068.12,1.0,Khulna,Pathao,Mobile Banking,5.0,2,1,On-Time
108105,2024-02-04,groceries,314.49,35.0,Chattogram,Red X,Mobile Banking,4.4,1,0,Delayed
101421,2024-01-09,Clothing,4410.73,12.1,Dhaka,E-Courier,Cash on Delivery,4.4,5,1,On-Time
105668,2023-11-09,Home & Kitchen,782.35,34.4,Dhaka,eCourier,Cash on Delivery,3.6,3,1,On-Time
103959,2024-01-14,electronics,5840.16,34.0,Dhaka,Sundarban,Card,4.9,2,0,Delayed
106271,2023-12-19,ELECTRONICS,1020.77,23.1,Rajshahi,E-Courier,Cash on Delivery,4.8,2,0,On-Time
106822,2024-12-17,Home and Kitchen,2214.86,15.0,Khulna,PATHAO,Card,3.8,4,1,Delayed
101735,2023-04-28,Grocery,600.02,8.8,Khulna,RedX,Mobile Banking,3.6,1,0,Delayed
108399,2024-04-04,Grocery,1933.13,1.3,Chattogram,PATHAO,Cash on Delivery,4.0,4,0,On-Time
103548,2024-04-09,clothing,150.0,2.0,Sylhet,pathao,Cash on Delivery,4.4,2,0,On-Time
103494,2023-09-03,beauty,417.82,51.9,Chattogram,Red X,Cash on Delivery,4.4,2,0,Cancelled
103762,2023-04-05,books,250.48,5.8,Chattogram,S.A. Paribahan,Mobile Banking,3.4,3,0,On-Time
104631,2024-11-29,electronics,2432.14,15.0,Khulna,sundarban,Card,3.3,3,1,On-Time
105295,2024-07-20,beauty,1977.19,9.8,Dhaka,S.A. Paribahan,Mobile Banking,3.9,6,0,Delayed
101399,2024-05-22,Electronics,1289.8,40.5,Chattogram,E-Courier,Cash on Delivery,3.4,4,1,On-Time
100009,2024-09-13,ELECTRONICS,1539.56,1.0,Dhaka,RedX,Mobile Banking,4.0,4,1,On-Time
108508,2024-02-03,Books,1088.48,13.3,Khulna,SA Paribahan,Mobile Banking,2.9,1,1,On-Time
104776,2023-11-28,Grocery,1637.72,30.3,Chattogram,sundarban,Cash on Delivery,5.0,3,0,Delayed
108123,2023-06-16,Grocery,504.59,4.7,Dhaka,redx,Mobile Banking,4.6,1,0,On-Time
107910,2023-10-27,Beauty,295.46,1.5,Rajshahi,Sundorbon,Card,3.0,4,0,On-Time
101194,2024-05-10,groceries,1382.85,1.0,Dhaka,SA Paribahan,Cash on Delivery,4.8,3,1,On-Time
108712,2023-04-07,Beauty,253.95,24.2,Dhaka,Red X,Cash on Delivery,4.9,1,1,On-Time
103038,2024-11-27,Grocery,5197.54,18.2,Rajshahi,sundarban,Card,4.6,3,1,On-Time
107152,2024-07-28,books,150.0,20.2,Dhaka,sundarban,Cash on Delivery,4.6,1,0,Delayed
102485,2024-01-03,Groceries,4177.98,5.6,Dhaka,E-Courier,Cash on Delivery,4.7,1,1,On-Time
102146,2024-06-03,groceries,1339.07,9.8,Dhaka,sa paribahan,Cash on Delivery,4.2,4,1,Delayed
108091,2023-12-03,Clothing,4481.65,19.2,Dhaka,sundarban,Cash on Delivery,4.2,1,1,Delayed
101810,2024-04-22,beauty,3730.91,3.6,Chattogram,S.A. Paribahan,Card,3.6,2,0,On-Time
102126,2023-04-06,Clothing,813.61,32.4,Sylhet,Sundorbon,Cash on Delivery,4.3,1,0,Delayed
103600,2024-01-11,Beauty,1122.84,32.5,Chattogram,,Cash on Delivery,3.5,4,0,On-Time
105690,2023-01-21,Groceries,663.65,19.7,Khulna,RedX,Mobile Banking,4.2,6,0,On-Time
107714,2023-08-06,Electronics,2883.99,1.6,Dhaka,pathao,Mobile Banking,4.4,5,1,On-Time
100579,2024-11-15,beauty,991.52,5.3,Dhaka,PATHAO,Card,4.4,3,0,On-Time
104292,2023-04-13,Clothing,426.97,2.0,Dhaka,eCourier,Mobile Banking,3.6,4,0,On-Time
107206,2024-04-14,home & kitchen,3999.03,5.8,Chattogram,SA Paribahan,Card,3.4,3,1,Delayed
104043,2023-06-04,groceries,1422.05,61.0,Sylhet,PATHAO,Cash on Delivery,4.0,4,0,Cancelled
108533,2023-09-29,Home & Kitchen,8841.46,2.2,Khulna,Red X,Cash on Delivery,3.6,2,0,Delayed
100051,2024-11-24,Home & Kitchen,,1.0,Dhaka,pathao,Cash on Delivery,3.3,2,1,On-Time
105803,2024-06-04,Home & Kitchen,2395.59,1.0,Dhaka,Red X,Mobile Banking,3.6,6,1,On-Time
100338,2024-11-15,ELECTRONICS,632.38,28.0,Dhaka,pathao,Mobile Banking,3.8,3,0,On-Time
104891,2023-11-26,Home & Kitchen,3143.79,14.9,Dhaka,PATHAO,Cash on Delivery,3.6,5,1,On-Time
102845,2023-12-28,beauty,1808.58,34.1,Khulna,redx,Cash on Delivery,4.9,2,0,On-Time
108649,2023-10-14,Clothing,294.77,50.6,Chattogram,pathao,Cash on Delivery,3.9,4,0,Delayed
106873,2023-04-09,Clothing,965.81,10.1,Chattogram,pathao,Cash on Delivery,4.1,2,0,Delayed
103899,2024-05-19,Home and Kitchen,3768.77,2.6,Chattogram,RedX,Mobile Banking,3.2,3,0,On-Time
103104,2023-09-19,clothing,505.66,13.3,Dhaka,ecourier,Card,3.9,1,1,On-Time
106651,2024-01-08,electronics,884.77,32.8,Dhaka,Red X,Card,4.3,2,0,Delayed
107016,2024-06-17,electronics,3135.86,3.9,Rajshahi,PATHAO,Card,4.4,1,1,On-Time
105615,2023-09-14,clothing,1183.55,14.7,Dhaka,Sundarban,Cash on Delivery,4.2,3,0,Delayed
101896,2023-11-13,Electronics,494.25,14.3,Rajshahi,redx,Cash on Delivery,3.9,4,1,Delayed
108544,2023-03-22,ELECTRONICS,262.92,10.4,Dhaka,sa paribahan,Cash on Delivery,4.9,3,0,On-Time
105829,2023-12-06,Clothing,981.54,21.5,Dhaka,Red X,Cash on Delivery,3.8,3,0,Delayed
101477,2023-04-30,groceries,4668.99,1.3,Khulna,Pathao,Cash on Delivery,3.4,3,1,Delayed
105118,2024-08-29,home & kitchen,1022.07,13.0,Chattogram,E-Courier,Cash on Delivery,3.8,2,1,On-Time
100277,2024-05-01,Grocery,,8.8,Dhaka,S.A. Paribahan,Cash on Delivery,4.1,1,0,On-Time
104588,2024-10-09,clothing,575.17,9.7,Rajshahi,PATHAO,Mobile Banking,3.2,2,0,Delayed
106857,2024-09-17,electronics,1646.55,10.8,Sylhet,ecourier,Cash on Delivery,3.8,2,0,On-Time
101128,2023-05-15,electronics,150.0,,Khulna,Sundarban,Cash on Delivery,2.7,3,0,Cancelled
100324,2024-12-05,Home & Kitchen,470.31,1.7,Rajshahi,PATHAO,Mobile Banking,4.4,1,1,On-Time
106445,2024-11-06,clothing,5534.96,26.5,Rajshahi,PATHAO,Cash on Delivery,3.3,2,0,On-Time
102147,2023-01-06,Grocery,1042.19,10.9,Chattogram,E-Courier,Cash on Delivery,3.7,2,0,On-Time
102702,2024-04-27,groceries,1656.24,10.0,Khulna,E-Courier,Card,3.7,2,0,On-Time
105073,2024-11-25,Clothing,811.2,6.4,Dhaka,Sundorbon,Cash on Delivery,5.0,2,0,Cancelled
103472,2024-03-01,Home and Kitchen,1878.24,,Sylhet,PATHAO,Mobile Banking,5.0,6,0,On-Time
106273,2024-06-17,Beauty,2488.15,12.0,Dhaka,Sundorbon,Mobile Banking,3.7,1,1,Delayed
105285,2023-03-20,Home and Kitchen,1898.41,1.0,Chattogram,S.A. Paribahan,Mobile Banking,5.0,3,0,On-Time
102286,2023-08-31,Clothing,597.14,8.3,Chattogram,Pathao,Cash on Delivery,4.2,1,0,On-Time
102484,2024-02-18,Home and Kitchen,2919.75,3.5,Dhaka,RedX,Cash on Delivery,5.0,4,1,On-Time
102058,2023-05-22,books,1175.03,7.2,Khulna,sa paribahan,Card,3.1,2,1,Delayed
104766,2024-07-30,clothing,495.41,21.4,Dhaka,Pathao,Card,4.0,1,0,On-Time
108201,2023-05-13,clothing,535.86,1.2,Chattogram,Pathao,Cash on Delivery,4.3,1,1,On-Time
101713,2024-10-28,Beauty,10939.22,21.8,Chattogram,Pathao,Cash on Delivery,4.0,3,0,On-Time
100414,2024-04-03,Clothing,150.0,13.5,Khulna,ecourier,Cash on Delivery,3.2,2,0,On-Time
105304,2023-07-21,Clothing,2581.68,16.9,Sylhet,Pathao,Cash on Delivery,4.1,1,0,On-Time
102378,2024-02-02,Grocery,658.71,16.2,Sylhet,Pathao,Card,4.0,1,0,On-Time
107736,2024-01-27,Beauty,1303.29,6.6,Dhaka,S.A. Paribahan,Cash on Delivery,4.7,1,1,Delayed
108619,2023-01-24,Clothing,1076.64,5.0,Khulna,RedX,Card,3.1,3,0,On-Time
102356,2024-12-16,clothing,504.59,6.5,Rajshahi,S.A. Paribahan,Mobile Banking,4.3,2,0,Delayed
105827,2023-04-06,Beauty,150.0,12.4,Dhaka,pathao,Cash on Delivery,4.7,1,0,On-Time
104600,2023-04-06,clothing,,5.8,Chattogram,ecourier,Cash on Delivery,3.5,1,1,On-Time
102322,2023-11-12,home & kitchen,1592.51,1.6,Chattogram,SA Paribahan,Mobile Banking,4.6,1,1,On-Time
108068,2024-12-29,Beauty,,1.0,Sylhet,redx,Card,4.5,4,0,On-Time
100577,2024-10-13,Beauty,1593.34,29.2,Dhaka,sa paribahan,Cash on Delivery,,1,0,On-Time
108423,2024-10-10,Electronics,627.91,13.4,Chattogram,Pathao,Mobile Banking,4.1,1,0,Delayed
107504,2024-01-31,Home & Kitchen,3226.99,20.8,Rajshahi,sundarban,Mobile Banking,4.0,2,0,On-Time
101581,2024-01-18,Home & Kitchen,1246.82,14.5,Dhaka,Pathao,Mobile Banking,4.9,2,1,On-Time
108797,2023-09-23,Beauty,4502.15,31.3,Dhaka,pathao,Mobile Banking,4.3,3,0,On-Time
101889,2024-08-27,groceries,,1.2,Dhaka,RedX,Cash on Delivery,3.5,1,1,Delayed
102925,2023-07-30,Electronics,4449.64,12.3,Sylhet,Pathao,Cash on Delivery,4.2,1,0,Delayed
106317,2023-06-26,Grocery,524.07,3.8,Khulna,E-Courier,Card,4.0,1,0,On-Time
105687,2023-03-29,clothing,311.72,8.3,Khulna,eCourier,Card,3.8,5,1,On-Time
107961,2023-10-08,electronics,951.13,1.1,Khulna,redx,Cash on Delivery,4.1,3,0,On-Time
106977,2023-04-20,home & kitchen,462.72,6.7,Rajshahi,sa paribahan,Mobile Banking,4.0,2,1,On-Time
100158,2024-05-08,clothing,1339.01,3.8,Rajshahi,sa paribahan,Mobile Banking,4.3,1,1,On-Time
101180,2023-05-15,Groceries,2794.26,14.4,Dhaka,redx,Cash on Delivery,4.7,3,1,On-Time
104504,2024-09-12,beauty,916.04,28.2,Dhaka,sundarban,Cash on Delivery,4.4,3,1,On-Time
101303,2024-06-27,beauty,2343.58,3.4,Dhaka,E-Courier,Cash on Delivery,4.2,2,0,On-Time
107297,2024-09-20,ELECTRONICS,298.42,21.9,Dhaka,Sundorbon,Card,3.7,4,0,On-Time
106918,2024-04-24,Home & Kitchen,1202.71,24.9,Dhaka,PATHAO,Cash on Delivery,4.4,1,1,Delayed
108589,2024-05-11,ELECTRONICS,150.0,28.0,Dhaka,RedX,Cash on Delivery,4.4,1,0,Delayed
102659,2023-01-11,Home and Kitchen,1160.7,7.8,Dhaka,S.A. Paribahan,Mobile Banking,4.3,4,1,On-Time
101252,2024-01-29,Home & Kitchen,5608.99,1.0,Dhaka,SA Paribahan,Cash on Delivery,4.0,4,0,On-Time
103362,2024-01-05,Grocery,654.25,4.8,Rajshahi,Red X,Card,4.2,3,1,Delayed
101280,2024-08-18,ELECTRONICS,2595.5,53.8,Dhaka,pathao,Cash on Delivery,4.6,4,1,Delayed
102693,2024-12-12,home & kitchen,850.98,23.0,Dhaka,Pathao,Cash on Delivery,4.4,2,1,On-Time
107343,2023-07-04,electronics,5667.93,7.6,Rajshahi,Sundorbon,Mobile Banking,4.6,1,1,Delayed
103779,2024-04-15,Electronics,5552.14,3.8,Rajshahi,Sundarban,Cash on Delivery,3.3,2,0,Delayed
105401,2023-02-02,groceries,3513.94,53.4,Khulna,RedX,Mobile Banking,4.8,3,1,Delayed
102102,2023-08-16,clothing,239.43,6.0,Chattogram,PATHAO,Cash on Delivery,5.0,3,0,On-Time
102183,2023-10-13,Clothing,5337.34,2.9,Rajshahi,PATHAO,Cash on Delivery,4.4,3,0,On-Time
102475,2024-10-07,home & kitchen,872.01,7.1,Sylhet,SA Paribahan,Cash on Delivery,3.9,1,1,Delayed
103253,2024-01-16,Books,998.46,10.5,Dhaka,sundarban,Card,3.3,1,1,On-Time
103277,2024-09-27,books,589.82,11.6,Dhaka,Sundorbon,Cash on Delivery,4.5,1,0,Delayed
106322,2023-06-28,Books,1089.72,10.6,Dhaka,PATHAO,Card,4.8,3,0,On-Time
102043,2024-07-22,Books,588.96,21.4,Khulna,Sundarban,Card,,2,0,On-Time
108404,2024-08-02,Clothing,10003.12,37.3,Dhaka,SA Paribahan,Cash on Delivery,4.2,4,0,On-Time
104794,2024-10-28,ELECTRONICS,893.63,19.5,Sylhet,Sundarban,Cash on Delivery,4.5,1,1,On-Time
102563,2023-11-08,beauty,1515.22,26.1,Dhaka,ecourier,Cash on Delivery,4.1,5,1,Delayed
101189,2023-10-24,Electronics,738.35,5.8,Dhaka,SA Paribahan,Mobile Banking,4.8,3,1,Delayed
104263,2023-04-07,Home and Kitchen,4837.36,41.1,Rajshahi,Sundorbon,Cash on Delivery,4.0,2,0,Cancelled
107647,2024-01-18,Books,1085.82,21.8,Dhaka,sundarban,Cash on Delivery,3.7,3,0,On-Time
106511,2023-09-25,groceries,358.93,14.4,Dhaka,Pathao,Cash on Delivery,4.4,2,0,On-Time
108470,2024-11-21,Home and Kitchen,1110.03,2.3,Chattogram,eCourier,Mobile Banking,4.0,1,0,Delayed
100246,2024-01-15,Electronics,150.0,26.5,Rajshahi,Red X,Cash on Delivery,4.4,3,1,On-Time
102749,2023-03-15,Beauty,439.39,21.6,Dhaka,SA Paribahan,Mobile Banking,3.6,1,0,On-Time
103125,2023-05-18,ELECTRONICS,1249.1,5.4,Dhaka,E-Courier,Cash on Delivery,3.5,1,1,On-Time
101562,2024-02-20,clothing,1190.86,45.8,Dhaka,redx,Mobile Banking,3.6,1,1,On-Time
108238,2023-09-09,Electronics,3926.06,33.6,Dhaka,RedX,Mobile Banking,3.4,1,1,On-Time
107192,2024-06-07,ELECTRONICS,4146.55,1.0,Chattogram,S.A. Paribahan,Cash on Delivery,4.7,2,0,On-Time
100961,2024-07-14,Home and Kitchen,1242.75,3.2,Dhaka,Sundarban,Cash on Delivery,4.6,2,1,On-Time
102271,2023-01-07,Home & Kitchen,4780.78,38.7,Dhaka,sundarban,Cash on Delivery,3.3,1,0,On-Time
104860,2023-12-16,Home and Kitchen,1288.56,32.0,Sylhet,RedX,Mobile Banking,4.4,1,0,Delayed
102623,2023-02-07,beauty,3601.87,14.1,Chattogram,RedX,Cash on Delivery,3.6,5,1,On-Time
108236,2023-04-03,home & kitchen,892.53,24.3,Dhaka,SA Paribahan,Mobile Banking,4.5,2,0,On-Time
108894,2023-12-24,beauty,4718.47,3.4,Khulna,pathao,Mobile Banking,3.7,2,1,On-Time
103032,2023-05-28,Clothing,150.0,25.6,Chattogram,E-Courier,Card,3.8,3,0,Delayed
105767,2024-09-11,electronics,,25.6,Rajshahi,Sundorbon,Cash on Delivery,3.7,1,1,Delayed
105569,2023-05-30,Grocery,3262.15,13.1,Dhaka,Pathao,Mobile Banking,,2,1,On-Time
106395,2023-09-05,Home and Kitchen,1177.24,12.6,Dhaka,RedX,Mobile Banking,4.4,4,0,On-Time
100207,2023-09-04,Electronics,4318.2,1.2,Sylhet,pathao,Card,4.8,2,1,On-Time
108761,2024-05-13,clothing,,27.9,Chattogram,SA Paribahan,Cash on Delivery,3.4,2,0,On-Time
103052,2024-07-13,Clothing,2184.42,1.8,Dhaka,S.A. Paribahan,Cash on Delivery,2.6,5,1,On-Time
100162,2023-02-12,Groceries,150.0,5.7,Dhaka,RedX,Cash on Delivery,3.7,2,0,On-Time
108628,2024-11-29,Clothing,642.79,16.5,Dhaka,Pathao,Mobile Banking,4.1,1,0,On-Time
104098,2024-09-04,Beauty,307.12,11.7,Chattogram,pathao,Mobile Banking,5.0,1,0,On-Time
106743,2024-06-06,ELECTRONICS,252.6,10.7,Dhaka,redx,Card,4.4,1,0,On-Time
103353,2024-03-16,Home and Kitchen,691.96,1.2,Dhaka,pathao,Mobile Banking,4.9,3,0,On-Time
100473,2024-06-25,Books,1259.83,11.5,Khulna,ecourier,Mobile Banking,3.9,2,1,Delayed
104397,2023-06-01,groceries,506.47,21.7,Dhaka,ecourier,Mobile Banking,4.9,1,0,On-Time
108229,2024-10-29,home & kitchen,734.83,,Dhaka,ecourier,Card,3.4,1,1,Delayed
107764,2023-10-15,clothing,1369.43,3.6,Chattogram,PATHAO,Cash on Delivery,4.0,1,0,On-Time
103671,2023-05-27,clothing,5291.7,8.6,Dhaka,RedX,Mobile Banking,3.3,2,1,On-Time
107424,2023-03-14,ELECTRONICS,1338.74,25.7,Dhaka,E-Courier,Mobile Banking,4.3,1,0,On-Time
102893,2023-06-26,electronics,585.9,8.2,Khulna,Sundarban,Cash on Delivery,4.4,1,0,On-Time
106476,2024-02-19,groceries,2041.91,1.0,Chattogram,RedX,Cash on Delivery,4.8,2,0,On-Time
103234,2023-11-16,Grocery,150.0,14.2,Chattogram,redx,Cash on Delivery,3.4,1,0,On-Time
103194,2023-12-03,books,352.81,13.7,Chattogram,Red X,Mobile Banking,4.5,1,1,On-Time
102899,2023-06-13,clothing,468.95,7.7,Dhaka,pathao,Cash on Delivery,4.7,2,0,Delayed
101606,2023-03-17,Electronics,2121.33,35.1,Sylhet,Pathao,Card,4.0,3,0,On-Time
107091,2023-12-29,Home and Kitchen,1212.26,7.0,Rajshahi,RedX,Cash on Delivery,3.7,2,0,On-Time
104788,2024-01-14,Home & Kitchen,4161.64,11.9,Dhaka,eCourier,Mobile Banking,4.5,2,1,On-Time
103519,2023-05-18,Grocery,554.76,4.0,Khulna,PATHAO,Cash on Delivery,5.0,1,1,On-Time
103497,2024-12-01,ELECTRONICS,448.92,2.0,Rajshahi,redx,Cash on Delivery,4.9,3,0,On-Time
103026,2023-06-23,electronics,1988.32,9.3,Rajshahi,pathao,Card,4.7,1,0,On-Time
104404,2024-05-08,Home & Kitchen,633.51,17.2,Dhaka,ecourier,Cash on Delivery,2.8,1,0,Delayed
106716,2024-04-19,ELECTRONICS,3267.23,43.8,Khulna,pathao,Cash on Delivery,4.0,3,1,On-Time
108192,2024-11-22,Clothing,1645.01,12.8,Khulna,pathao,Mobile Banking,4.0,2,0,On-Time
108048,2023-01-09,clothing,720.67,9.2,Rajshahi,RedX,Mobile Banking,3.5,1,1,On-Time
102471,2023-12-29,Grocery,4428.19,24.9,Dhaka,SA Paribahan,Card,5.0,2,1,Delayed
103958,2024-08-24,Home & Kitchen,463.14,56.9,Khulna,sa paribahan,Cash on Delivery,3.4,4,0,Delayed
105481,2024-07-22,clothing,722.0,9.9,Chattogram,RedX,Cash on Delivery,3.8,4,0,On-Time
105091,2023-04-17,Electronics,3224.11,11.1,Chattogram,Red X,Cash on Delivery,4.6,1,0,On-Time
105927,2023-08-16,electronics,716.95,13.9,Chattogram,Pathao,Cash on Delivery,4.5,3,0,On-Time
105856,2024-10-14,beauty,1411.95,3.3,Rajshahi,E-Courier,Cash on Delivery,3.4,1,0,Delayed
108612,2023-03-15,Home and Kitchen,159.82,4.4,Dhaka,SA Paribahan,Mobile Banking,4.3,2,1,On-Time
102072,2024-12-22,Electronics,1118.97,16.7,Dhaka,S.A. Paribahan,Mobile Banking,4.0,2,0,Delayed
106941,2024-07-31,Books,1483.35,8.9,Khulna,S.A. Paribahan,Cash on Delivery,4.4,3,1,On-Time
104759,2023-11-06,Clothing,3920.75,6.3,Dhaka,redx,Card,5.0,4,1,On-Time
107597,2024-07-28,Electronics,561.05,14.3,Dhaka,redx,Cash on Delivery,3.8,1,0,Delayed
107561,2024-09-11,Beauty,4110.46,2.0,Rajshahi,PATHAO,Cash on Delivery,4.2,2,0,On-Time
107363,2024-01-19,Beauty,1425.95,1.0,Dhaka,Red X,Cash on Delivery,,8,1,On-Time
100695,2023-08-31,Home & Kitchen,3400.99,18.7,Dhaka,pathao,Mobile Banking,5.0,1,0,On-Time
106197,2023-09-03,home & kitchen,1588.37,56.9,Rajshahi,S.A. Paribahan,Mobile Banking,4.9,2,1,On-Time
101525,2024-10-24,clothing,1724.96,22.5,Sylhet,sundarban,Cash on Delivery,4.2,1,1,On-Time
104490,2024-03-15,groceries,1750.97,14.1,Dhaka,ecourier,Mobile Banking,4.0,5,1,Delayed
107210,2023-11-23,electronics,3632.07,8.2,Sylhet,pathao,Cash on Delivery,4.7,1,0,On-Time
103568,2023-11-15,Electronics,150.0,15.3,Dhaka,pathao,Card,4.5,1,0,On-Time
104849,2023-12-17,groceries,1749.25,3.2,Rajshahi,PATHAO,Mobile Banking,4.0,1,0,On-Time
105064,2024-01-16,Clothing,7193.61,5.0,Khulna,ecourier,Mobile Banking,4.1,4,0,On-Time
100651,2023-05-01,Clothing,2770.34,8.2,Rajshahi,ecourier,Cash on Delivery,4.6,2,0,On-Time
108353,2023-09-15,Groceries,1597.03,33.3,Dhaka,ecourier,Mobile Banking,3.8,3,1,On-Time
101639,2024-07-21,clothing,174.23,7.2,Dhaka,Red X,Cash on Delivery,4.2,1,0,Delayed
101594,2024-11-25,Electronics,292.68,2.7,Sylhet,pathao,Cash on Delivery,4.5,1,1,On-Time
103268,2023-03-13,Clothing,5744.27,52.5,Dhaka,Pathao,Cash on Delivery,4.6,3,1,On-Time
102929,2023-08-14,clothing,2734.32,18.8,Rajshahi,pathao,Card,,3,1,On-Time
103765,2023-11-26,Groceries,1186.34,13.4,Dhaka,Pathao,Mobile Banking,4.2,5,1,Delayed
102213,2024-03-14,ELECTRONICS,1107.94,5.1,Sylhet,Pathao,Mobile Banking,5.0,3,0,On-Time
103759,2023-07-24,clothing,365.54,3.5,Sylhet,ecourier,Card,4.5,2,0,On-Time
105981,2023-01-08,Groceries,3933.2,16.5,Sylhet,sa paribahan,Card,4.6,1,0,Delayed
107202,2023-05-24,Home & Kitchen,3153.62,9.6,Rajshahi,Pathao,Card,3.9,6,0,On-Time
100329,2024-06-08,Electronics,150.0,33.6,Chattogram,Red X,Cash on Delivery,4.2,2,1,Delayed
102725,2023-07-13,Clothing,809.68,4.3,Dhaka,sundarban,Cash on Delivery,3.3,2,0,On-Time
108776,2023-01-27,Electronics,2492.76,39.9,Khulna,Pathao,Mobile Banking,4.8,4,1,On-Time
100366,2023-08-27,home & kitchen,790.42,9.1,Dhaka,E-Courier,Mobile Banking,3.9,2,0,Delayed
104433,2023-10-03,Beauty,5797.2,2.7,Dhaka,ecourier,Cash on Delivery,3.6,2,1,On-Time
103963,2023-09-03,Home and Kitchen,825.29,14.2,Chattogram,Red X,Cash on Delivery,3.6,2,0,Delayed
103710,2023-09-22,clothing,1576.95,12.4,Khulna,sundarban,Mobile Banking,2.8,1,0,On-Time
104102,2023-02-28,Grocery,336.84,2.2,Khulna,ecourier,Mobile Banking,3.8,3,0,On-Time
103610,2023-05-29,Beauty,1987.06,4.6,Dhaka,Pathao,Mobile Banking,5.0,1,1,Delayed
105811,2023-11-07,Beauty,1287.02,13.9,Chattogram,Red X,Cash on Delivery,4.4,3,0,Delayed
108845,2024-09-17,Electronics,2402.68,1.0,Rajshahi,redx,Cash on Delivery,4.3,1,1,Delayed
105895,2023-07-21,Home & Kitchen,414.11,1.0,Dhaka,Red X,Card,4.3,1,1,Delayed
101344,2023-10-25,Electronics,580.54,52.8,Chattogram,PATHAO,Cash on Delivery,4.3,4,0,On-Time
103801,2024-11-18,Clothing,1404.48,7.4,Sylhet,Pathao,Cash on Delivery,4.2,3,0,On-Time
101996,2024-02-28,Electronics,5440.67,36.0,Chattogram,Sundorbon,Card,3.6,2,1,On-Time
105638,2023-09-03,Books,150.0,3.8,Dhaka,Red X,Cash on Delivery,3.8,4,0,Delayed
103024,2023-12-19,Books,4021.9,1.0,Chattogram,Sundorbon,Mobile Banking,3.6,1,1,On-Time
101906,2024-06-06,ELECTRONICS,331.98,30.5,Dhaka,RedX,Card,4.2,1,1,On-Time
105914,2023-12-22,Home & Kitchen,150.0,8.0,Khulna,RedX,Cash on Delivery,4.0,2,1,On-Time
100266,2024-02-06,electronics,150.0,18.0,Khulna,redx,Cash on Delivery,4.2,4,0,Delayed
100088,2024-03-19,Beauty,1167.62,3.6,Dhaka,Sundarban,Cash on Delivery,4.7,3,1,On-Time
108219,2023-03-29,ELECTRONICS,2811.46,23.8,Dhaka,Red X,Cash on Delivery,4.3,1,0,On-Time
106754,2023-11-23,Clothing,1536.42,14.1,Dhaka,Red X,Cash on Delivery,3.0,2,0,Delayed
103626,2024-03-27,Grocery,534.67,46.5,Dhaka,PATHAO,Cash on Delivery,3.5,3,1,On-Time
108269,2024-07-04,Clothing,440.14,8.5,Dhaka,PATHAO,Mobile Banking,3.7,2,1,Delayed
106183,2024-11-07,Electronics,6436.88,15.5,Khulna,E-Courier,Cash on Delivery,3.4,1,1,On-Time
107024,2024-09-25,clothing,1685.26,5.3,Dhaka,RedX,Mobile Banking,3.6,1,0,On-Time
106329,2023-05-09,clothing,,2.2,Dhaka,E-Courier,Cash on Delivery,3.9,1,1,Delayed
100660,2024-04-22,home & kitchen,3780.8,19.4,Dhaka,PATHAO,Cash on Delivery,3.5,1,0,Delayed
103695,2023-05-18,clothing,150.0,1.0,Rajshahi,sa paribahan,Cash on Delivery,4.0,3,1,On-Time
107376,2023-04-15,clothing,3375.5,40.4,Khulna,PATHAO,Card,4.1,1,1,Delayed
104469,2024-05-28,Electronics,1595.74,33.7,Dhaka,redx,Cash on Delivery,3.3,5,0,Cancelled
108838,2024-11-11,home & kitchen,150.0,1.0,Rajshahi,Red X,Cash on Delivery,4.8,4,1,On-Time
101956,2023-09-18,Home and Kitchen,2558.78,4.8,Dhaka,sa paribahan,Card,4.0,2,0,Delayed
107838,2023-05-04,groceries,5342.39,15.8,Dhaka,sundarban,Cash on Delivery,3.6,1,1,Cancelled
101970,2024-02-26,Groceries,3122.48,5.0,Dhaka,Pathao,Mobile Banking,3.2,3,0,On-Time
101116,2024-10-25,Books,150.0,9.3,Chattogram,Sundorbon,Cash on Delivery,5.0,4,1,Delayed
107097,2024-11-23,groceries,17013.27,4.2,Khulna,Red X,Mobile Banking,4.0,3,0,On-Time
100036,2023-03-31,Home and Kitchen,789.61,21.7,Dhaka,S.A. Paribahan,Mobile Banking,4.0,6,1,Delayed
105240,2024-05-16,electronics,1253.7,31.7,Dhaka,pathao,Cash on Delivery,4.8,4,1,On-Time
108288,2024-06-06,electronics,153.36,1.4,Chattogram,redx,Mobile Banking,3.7,2,0,On-Time
103760,2024-12-29,clothing,158.13,18.4,Rajshahi,Red X,Cash on Delivery,3.9,4,0,On-Time
101341,2023-06-04,electronics,3627.2,4.8,Chattogram,sundarban,Mobile Banking,4.3,1,1,Delayed
107589,2023-02-14,Electronics,150.0,3.3,Khulna,ecourier,Mobile Banking,4.8,3,1,On-Time
106598,2024-10-20,electronics,324.18,10.1,Chattogram,pathao,Mobile Banking,4.3,9,1,On-Time
102754,2023-06-07,ELECTRONICS,1048.33,4.7,Sylhet,pathao,Cash on Delivery,4.7,2,0,On-Time
104039,2023-04-05,clothing,1714.04,3.3,Khulna,RedX,Cash on Delivery,4.4,1,1,On-Time
100566,2024-08-11,home & kitchen,2208.0,4.4,Dhaka,RedX,Cash on Delivery,2.8,1,1,On-Time
101816,2024-01-17,clothing,1255.06,1.0,Dhaka,Pathao,Cash on Delivery,4.3,1,0,On-Time
106533,2024-10-01,Beauty,1827.03,7.8,Dhaka,RedX,Mobile Banking,4.8,2,0,On-Time
108469,2024-10-21,Clothing,364.04,1.0,Chattogram,redx,Cash on Delivery,4.8,3,1,On-Time
106461,2023-03-13,Grocery,483.06,1.0,Rajshahi,redx,Cash on Delivery,4.7,2,0,On-Time
103830,2024-04-20,electronics,663.81,4.6,Dhaka,pathao,Cash on Delivery,3.4,3,1,On-Time
104749,2024-09-23,groceries,1400.46,42.7,Dhaka,RedX,Cash on Delivery,3.3,3,0,On-Time
105737,2024-10-25,Grocery,1106.94,1.0,Chattogram,sundarban,Mobile Banking,3.7,4,1,On-Time
103088,2024-09-27,clothing,2346.34,34.0,Dhaka,SA Paribahan,Cash on Delivery,4.3,1,1,On-Time
102615,2023-06-20,ELECTRONICS,948.22,17.5,Chattogram,Sundorbon,Card,4.1,1,0,On-Time
101334,2024-12-17,Grocery,761.09,37.7,Sylhet,pathao,Cash on Delivery,4.7,3,0,Delayed
106878,2024-01-24,Home and Kitchen,498.73,14.5,Rajshahi,redx,Cash on Delivery,4.8,3,0,On-Time
101003,2024-08-14,ELECTRONICS,423.63,67.5,Chattogram,pathao,Cash on Delivery,3.6,2,0,On-Time
102237,2024-09-23,clothing,961.0,17.5,Dhaka,RedX,Card,5.0,4,0,On-Time
106793,2024-09-22,Electronics,382.78,23.9,Dhaka,E-Courier,Cash on Delivery,4.1,4,0,On-Time
102511,2023-11-19,Home & Kitchen,1943.03,7.7,Rajshahi,Pathao,Cash on Delivery,5.0,2,0,On-Time
108055,2024-12-24,home & kitchen,1276.91,12.1,Dhaka,E-Courier,Cash on Delivery,5.0,5,1,On-Time
108074,2023-06-21,Clothing,1214.28,35.9,Dhaka,redx,Card,3.7,6,0,On-Time
103743,2023-06-10,electronics,2786.96,12.4,Khulna,Red X,Cash on Delivery,4.9,7,0,On-Time
103851,2024-06-28,Home and Kitchen,213.82,1.8,Chattogram,Red X,Cash on Delivery,4.7,3,1,On-Time
101165,2024-02-10,clothing,231.07,40.4,Chattogram,PATHAO,Cash on Delivery,3.6,1,1,Delayed
104189,2023-09-13,Clothing,1277.01,15.3,Sylhet,pathao,Cash on Delivery,4.7,1,0,Delayed
103408,2024-12-29,Home & Kitchen,266.99,35.5,Dhaka,S.A. Paribahan,Mobile Banking,4.6,1,0,Cancelled
107321,2023-03-04,electronics,1075.04,11.0,Chattogram,pathao,Mobile Banking,3.9,1,0,On-Time
106658,2023-08-27,ELECTRONICS,150.0,22.2,Sylhet,Pathao,Cash on Delivery,3.6,1,1,Delayed
101282,2023-06-15,Clothing,150.0,24.7,Sylhet,SA Paribahan,Cash on Delivery,4.3,4,0,Delayed
100120,2024-09-15,ELECTRONICS,782.67,1.0,Khulna,ecourier,Cash on Delivery,4.7,1,0,On-Time
100424,2024-05-06,Grocery,5215.38,14.2,Dhaka,pathao,Cash on Delivery,3.7,1,0,Delayed
104668,2024-03-16,Home and Kitchen,305.12,14.1,Chattogram,Pathao,Cash on Delivery,4.0,2,1,On-Time
104884,2024-05-01,home & kitchen,302.2,1.8,Khulna,E-Courier,Cash on Delivery,4.1,1,0,On-Time
101572,2023-04-30,Groceries,150.0,1.3,Khulna,Pathao,Cash on Delivery,3.9,1,0,On-Time
101927,2024-06-08,home & kitchen,3305.51,24.3,Dhaka,sundarban,Cash on Delivery,3.7,4,1,Delayed
107458,2024-06-06,Home and Kitchen,2350.19,10.1,Chattogram,RedX,Cash on Delivery,3.5,3,0,Delayed
102132,2024-11-12,Grocery,1292.39,37.9,Dhaka,Pathao,Cash on Delivery,4.5,1,1,On-Time
105117,2024-09-01,Electronics,,2.2,Dhaka,redx,Card,4.6,4,0,On-Time
108980,2024-04-25,groceries,1869.65,35.6,Dhaka,Sundorbon,Cash on Delivery,4.3,2,0,On-Time
106367,2023-05-31,electronics,3891.93,2.9,Chattogram,pathao,Mobile Banking,3.7,3,0,On-Time
108597,2023-10-09,groceries,1577.99,13.3,Dhaka,sa paribahan,Card,4.0,2,0,Delayed
101250,2024-01-24,Clothing,455.16,6.3,Dhaka,Sundorbon,Cash on Delivery,3.5,5,1,On-Time
103978,2023-03-18,electronics,5646.2,20.2,Sylhet,pathao,Cash on Delivery,4.7,3,1,On-Time
100607,2023-06-28,clothing,435.21,16.4,Dhaka,Sundorbon,Cash on Delivery,4.7,3,1,On-Time
107067,2024-07-07,Home and Kitchen,1377.56,20.5,Chattogram,pathao,Mobile Banking,4.2,2,0,Delayed
105962,2023-09-19,groceries,4110.73,82.6,Rajshahi,RedX,Cash on Delivery,3.9,3,1,Delayed
107042,2024-07-01,Books,4432.73,5.1,Khulna,PATHAO,Mobile Banking,4.6,2,1,On-Time
103175,2024-06-20,Clothing,1024.02,20.1,Chattogram,ecourier,Cash on Delivery,4.6,1,1,On-Time
101786,2023-12-27,Home & Kitchen,365.89,1.0,Rajshahi,sundarban,Cash on Delivery,3.3,3,0,On-Time
108596,2024-05-27,Electronics,1751.93,12.9,Dhaka,eCourier,Cash on Delivery,4.9,5,0,Cancelled
108318,2023-02-25,Groceries,638.16,12.3,Dhaka,pathao,Cash on Delivery,4.4,3,0,Delayed
102305,2023-11-15,Grocery,2171.97,24.6,Khulna,,Cash on Delivery,5.0,1,0,Delayed
105363,2023-07-31,groceries,2449.85,2.2,Rajshahi,pathao,Mobile Banking,3.3,3,1,On-Time
101171,2023-09-02,groceries,883.7,1.4,Dhaka,RedX,Mobile Banking,3.8,4,0,On-Time
101861,2023-06-13,beauty,8712.19,3.4,Dhaka,Red X,Cash on Delivery,4.3,1,0,Delayed
103046,2024-08-31,beauty,618.29,5.6,Rajshahi,pathao,Card,4.3,2,0,Delayed
100247,2023-07-28,clothing,2920.65,28.3,Sylhet,PATHAO,Card,3.4,2,0,On-Time
104722,2024-01-25,Books,197.13,24.8,Dhaka,ecourier,Card,3.6,1,0,On-Time
103039,2023-01-25,Clothing,1927.47,13.3,Khulna,sundarban,Cash on Delivery,3.2,1,1,On-Time
107259,2024-01-15,Groceries,2234.76,3.6,Rajshahi,ecourier,Card,3.3,2,1,On-Time
100986,2024-07-02,groceries,824.9,23.2,Sylhet,sa paribahan,Cash on Delivery,,1,0,On-Time
105574,2024-05-03,Home and Kitchen,150.0,9.8,Dhaka,ecourier,Cash on Delivery,4.0,2,0,On-Time
108558,2024-11-14,Clothing,2177.71,5.4,Dhaka,PATHAO,Cash on Delivery,3.2,2,0,Delayed
101951,2024-03-11,home & kitchen,5052.85,1.0,Chattogram,eCourier,Cash on Delivery,4.7,2,0,Delayed
108397,2024-08-17,Books,926.93,7.5,Khulna,redx,Card,4.5,3,0,On-Time
100233,2023-03-20,Home & Kitchen,456.98,17.9,Dhaka,Red X,Cash on Delivery,4.7,3,0,Delayed
104338,2023-12-27,Books,742.52,3.1,Rajshahi,redx,Card,3.8,3,1,Delayed
103380,2024-10-27,Home and Kitchen,926.94,1.1,Dhaka,redx,Mobile Banking,4.1,3,1,On-Time
100012,2024-02-21,clothing,3396.34,1.0,Sylhet,S.A. Paribahan,Cash on Delivery,4.9,1,0,On-Time
100047,2024-05-11,Home & Kitchen,859.95,8.9,Khulna,eCourier,Cash on Delivery,4.3,5,0,Delayed
106018,2024-02-29,Electronics,947.31,17.0,Khulna,sundarban,Mobile Banking,3.7,3,0,On-Time
107677,2023-09-27,Books,5077.96,1.0,Dhaka,pathao,Mobile Banking,4.5,2,1,On-Time
101203,2023-01-06,Beauty,2125.4,8.1,Dhaka,redx,Cash on Delivery,2.7,3,0,Delayed
108844,2024-11-16,Grocery,6291.79,6.4,Khulna,Pathao,Cash on Delivery,3.3,5,0,On-Time
102453,2024-05-31,groceries,252.69,21.2,Dhaka,ecourier,Cash on Delivery,4.9,3,0,Delayed
100126,2024-07-09,home & kitchen,1861.58,5.4,Dhaka,RedX,Cash on Delivery,3.9,4,1,Delayed
103745,2024-10-27,Beauty,969.67,11.6,Dhaka,ecourier,Cash on Delivery,4.5,2,0,On-Time
101637,2024-01-23,Home & Kitchen,515.33,1.0,Chattogram,eCourier,Cash on Delivery,3.1,5,0,Cancelled
100002,2023-03-22,electronics,491.05,2.5,Khulna,Red X,Cash on Delivery,4.0,2,0,On-Time
108128,2023-02-28,clothing,2452.82,10.5,Dhaka,Red X,Cash on Delivery,4.5,1,1,Delayed
101858,2024-11-20,Electronics,2244.15,8.1,Rajshahi,Red X,Cash on Delivery,5.0,1,0,On-Time
102107,2023-08-29,home & kitchen,3090.41,9.6,Dhaka,SA Paribahan,Mobile Banking,4.2,3,1,On-Time
101535,2024-02-15,clothing,1740.49,5.7,Dhaka,Pathao,Cash on Delivery,4.0,2,0,On-Time
103846,2023-03-14,home & kitchen,237.78,2.8,Chattogram,sundarban,Mobile Banking,2.5,2,1,On-Time
100995,2024-04-14,Groceries,1611.03,3.4,Chattogram,sa paribahan,Mobile Banking,,5,0,Delayed
108033,2024-03-02,Clothing,179.15,1.0,Dhaka,eCourier,Cash on Delivery,3.8,1,0,On-Time
104084,2024-04-19,Beauty,1839.53,12.4,Rajshahi,Red X,Cash on Delivery,3.3,3,0,On-Time
102381,2023-08-01,electronics,417.12,16.7,Dhaka,Red X,Card,5.0,3,1,Delayed
107966,2023-09-29,Groceries,1145.01,74.1,Rajshahi,S.A. Paribahan,Cash on Delivery,3.7,2,1,Cancelled
101401,2024-08-12,Electronics,3310.65,12.8,Chattogram,redx,Cash on Delivery,5.0,5,0,On-Time
102441,2023-06-01,Groceries,3847.23,1.0,Rajshahi,sundarban,Cash on Delivery,4.5,1,0,Delayed
102849,2023-02-12,groceries,4280.08,26.1,Rajshahi,SA Paribahan,Cash on Delivery,4.1,2,1,On-Time
103093,2023-07-23,Clothing,231.3,32.9,Sylhet,Sundarban,Cash on Delivery,4.2,3,1,On-Time
102223,2023-07-26,electronics,978.83,3.6,Sylhet,eCourier,Cash on Delivery,4.4,2,0,Delayed
105355,2024-07-05,Electronics,150.0,1.0,Chattogram,redx,Cash on Delivery,4.2,2,1,Cancelled
104726,2023-11-27,Groceries,548.84,3.9,Khulna,SA Paribahan,Mobile Banking,4.1,1,1,On-Time
102027,2023-12-15,Clothing,1547.86,14.3,Dhaka,sundarban,Cash on Delivery,3.3,1,1,Delayed
103707,2023-04-18,electronics,3434.11,25.4,Dhaka,PATHAO,Cash on Delivery,4.1,5,0,On-Time
103944,2024-02-09,Clothing,2264.38,24.7,Rajshahi,Sundorbon,Card,4.2,1,0,Delayed
107168,2024-07-02,beauty,9076.84,27.8,Khulna,pathao,Mobile Banking,4.4,2,0,Delayed
105822,2023-05-15,Books,696.7,,Rajshahi,sa paribahan,Mobile Banking,3.2,1,0,Delayed
102813,2023-02-03,Books,4290.58,17.6,Khulna,Pathao,Cash on Delivery,4.7,1,0,On-Time
104985,2024-04-14,Electronics,658.95,1.0,Chattogram,sundarban,Cash on Delivery,3.0,4,1,On-Time
106154,2024-06-29,Groceries,834.33,3.3,Dhaka,Red X,Cash on Delivery,4.8,1,1,On-Time
106552,2024-12-30,Clothing,1827.83,19.0,Dhaka,E-Courier,Cash on Delivery,3.5,1,1,On-Time
108461,2023-08-23,Electronics,6143.88,40.1,Dhaka,pathao,Cash on Delivery,4.3,2,0,On-Time
107856,2024-06-08,electronics,1190.93,1.3,Chattogram,RedX,Mobile Banking,4.6,4,0,On-Time
103507,2023-09-25,electronics,783.36,1.0,Sylhet,redx,Cash on Delivery,5.0,5,0,On-Time
104036,2024-07-14,home & kitchen,4135.04,18.6,Dhaka,S.A. Paribahan,Mobile Banking,5.0,3,0,On-Time
107434,2023-10-05,Home & Kitchen,3316.1,3.2,Sylhet,redx,Cash on Delivery,4.9,4,0,On-Time
104856,2024-05-02,Beauty,2745.08,56.2,Dhaka,Sundarban,Mobile Banking,3.7,2,0,Cancelled
103800,2024-10-26,beauty,4124.26,31.5,Sylhet,PATHAO,Cash on Delivery,4.1,4,1,On-Time
102252,2024-08-05,Groceries,2424.6,23.3,Chattogram,Red X,Cash on Delivery,4.5,2,0,Delayed
101010,2024-02-08,Clothing,1940.28,13.6,Dhaka,S.A. Paribahan,Cash on Delivery,4.4,2,0,On-Time
105454,2023-06-06,Home and Kitchen,996.81,33.1,Khulna,Red X,Cash on Delivery,4.1,1,0,Delayed
107323,2023-07-31,Beauty,150.0,4.2,Khulna,sa paribahan,Cash on Delivery,4.6,1,0,On-Time
104021,2024-02-02,Groceries,5247.62,15.6,Khulna,E-Courier,Mobile Banking,4.5,2,0,On-Time
106137,2024-03-30,Clothing,396.9,31.5,Dhaka,Sundarban,Cash on Delivery,4.9,4,0,On-Time
108458,2023-01-02,Grocery,,19.5,Dhaka,eCourier,Cash on Delivery,3.9,3,1,On-Time
107959,2023-05-12,Books,3998.14,8.0,Chattogram,E-Courier,Cash on Delivery,4.3,4,1,On-Time
102089,2023-03-20,groceries,890.09,,Chattogram,pathao,Mobile Banking,4.4,1,1,Delayed
107815,2023-09-24,beauty,514.75,9.3,Dhaka,ecourier,Cash on Delivery,3.8,2,1,On-Time
107765,2023-03-18,groceries,5027.32,8.4,Sylhet,sundarban,Cash on Delivery,4.3,1,1,Delayed
105148,2024-11-28,ELECTRONICS,1176.36,4.1,Dhaka,Pathao,Card,4.1,2,1,Delayed
107858,2023-12-06,Beauty,461.96,23.0,Khulna,Sundorbon,Cash on Delivery,5.0,1,0,Cancelled
102777,2023-03-17,ELECTRONICS,184.97,6.3,Rajshahi,ecourier,Cash on Delivery,4.0,3,0,On-Time
107543,2023-04-08,Books,170.59,1.0,Khulna,eCourier,Cash on Delivery,4.0,4,0,On-Time
103370,2023-12-23,Home and Kitchen,1132.36,15.4,Dhaka,eCourier,Card,4.3,1,0,Delayed
103871,2024-03-27,Clothing,3495.18,1.0,Dhaka,Red X,Cash on Delivery,3.8,5,1,Cancelled
104757,2023-01-29,beauty,4599.09,3.3,Dhaka,pathao,Cash on Delivery,3.8,2,0,On-Time
100470,2023-12-10,Groceries,5584.87,14.0,Dhaka,RedX,Mobile Banking,4.7,3,1,On-Time
100136,2023-06-22,Books,965.94,29.3,Dhaka,eCourier,Cash on Delivery,3.9,1,0,On-Time
103047,2024-09-06,Clothing,7645.18,59.2,Khulna,SA Paribahan,Cash on Delivery,5.0,1,1,Delayed
105319,2023-05-13,Clothing,1829.96,16.1,Dhaka,ecourier,Cash on Delivery,3.7,5,0,Delayed
106071,2024-10-13,Grocery,150.0,5.3,Sylhet,sundarban,Cash on Delivery,4.1,1,0,On-Time
106752,2023-09-22,Home & Kitchen,2949.51,3.4,Dhaka,Sundarban,Card,3.9,1,0,Delayed
103159,2024-11-18,clothing,316.63,28.3,Khulna,eCourier,Cash on Delivery,4.2,4,0,Delayed
108024,2024-08-07,ELECTRONICS,150.0,3.9,Chattogram,RedX,Cash on Delivery,5.0,1,1,On-Time
107713,2023-09-09,clothing,4648.09,7.0,Rajshahi,ecourier,Card,3.0,1,0,Delayed
106862,2023-02-13,Electronics,150.0,17.1,Dhaka,sa paribahan,Cash on Delivery,5.0,4,0,On-Time
104143,2023-05-04,clothing,169.87,6.6,Chattogram,sa paribahan,Mobile Banking,3.7,3,1,Delayed
102190,2024-05-11,Electronics,1689.27,16.3,Dhaka,SA Paribahan,Cash on Delivery,4.7,1,1,Delayed
108244,2023-02-10,Groceries,3012.63,3.7,Rajshahi,E-Courier,Cash on Delivery,4.7,2,1,On-Time
108651,2023-07-15,clothing,332.47,23.7,Dhaka,ecourier,Mobile Banking,3.2,1,1,On-Time
104097,2024-01-11,Home & Kitchen,150.0,47.1,Rajshahi,Sundorbon,Card,4.0,3,0,On-Time
101589,2024-08-05,Clothing,542.17,3.4,Dhaka,PATHAO,Card,4.3,1,0,On-Time
100918,2023-03-13,clothing,150.0,1.4,Rajshahi,pathao,Card,4.8,3,0,On-Time
101754,2023-11-10,Home & Kitchen,2636.09,17.1,Khulna,redx,Cash on Delivery,4.0,7,0,On-Time
107317,2023-11-10,Groceries,150.0,4.5,Dhaka,sa paribahan,Card,4.3,7,0,Delayed
108753,2024-08-04,clothing,172.82,6.0,Dhaka,S.A. Paribahan,Cash on Delivery,4.5,1,1,On-Time
107466,2024-07-11,Home and Kitchen,150.0,3.3,Chattogram,ecourier,Cash on Delivery,3.2,1,1,On-Time
107392,2023-01-18,Beauty,393.44,1.0,Dhaka,S.A. Paribahan,Cash on Delivery,4.3,3,0,On-Time
103628,2024-01-20,Electronics,332.67,17.4,Chattogram,RedX,Mobile Banking,4.7,4,0,On-Time
106064,2024-01-26,Home and Kitchen,1987.85,1.0,Dhaka,Pathao,Mobile Banking,3.4,2,0,On-Time
107171,2023-11-17,groceries,3026.37,13.0,Khulna,sa paribahan,Card,3.8,4,0,On-Time
100405,2024-09-23,clothing,293.62,25.6,Chattogram,Red X,Cash on Delivery,3.6,4,1,On-Time
104576,2023-01-12,ELECTRONICS,852.57,1.2,Chattogram,pathao,Cash on Delivery,4.7,1,1,On-Time
106948,2023-10-13,Home and Kitchen,1476.21,17.8,Rajshahi,PATHAO,Cash on Delivery,5.0,2,1,Delayed
107826,2023-02-28,Electronics,1312.59,1.0,Dhaka,RedX,Card,4.4,1,0,On-Time
103106,2023-12-29,Electronics,5334.24,60.2,Dhaka,sundarban,Mobile Banking,4.1,2,0,Delayed
100108,2024-04-10,ELECTRONICS,1095.87,3.5,Rajshahi,Sundarban,Cash on Delivery,3.6,2,0,On-Time
104796,2023-08-26,ELECTRONICS,150.0,31.5,Chattogram,ecourier,Cash on Delivery,,5,0,Delayed
100237,2023-02-21,Groceries,3651.89,13.0,Khulna,,Cash on Delivery,4.4,1,1,On-Time
108189,2024-07-21,groceries,4727.31,24.3,Dhaka,PATHAO,Mobile Banking,3.8,1,0,On-Time
102268,2024-03-14,Grocery,2632.06,40.3,Chattogram,sa paribahan,Card,4.1,3,1,On-Time
108898,2023-01-05,clothing,,32.3,Sylhet,eCourier,Mobile Banking,4.5,1,0,On-Time
102627,2024-01-20,Home & Kitchen,910.57,7.9,Chattogram,eCourier,Card,4.2,1,1,On-Time
102276,2023-09-23,ELECTRONICS,1317.17,4.7,Dhaka,Sundorbon,Mobile Banking,3.5,1,0,On-Time
104383,2023-01-06,home & kitchen,,2.9,Khulna,Red X,Card,3.6,2,0,On-Time
101027,2024-09-06,Clothing,505.9,8.6,Dhaka,eCourier,Cash on Delivery,4.9,6,1,On-Time
107691,2024-10-27,electronics,3134.63,35.9,Dhaka,pathao,Cash on Delivery,4.9,1,0,On-Time
105230,2023-12-17,Clothing,182.11,1.0,Khulna,Red X,Mobile Banking,4.2,2,0,On-Time
108151,2023-11-12,Books,150.0,23.8,Sylhet,redx,Cash on Delivery,4.6,2,1,On-Time
108564,2024-11-12,Home and Kitchen,1893.66,35.0,Dhaka,Sundorbon,Cash on Delivery,4.4,3,0,Cancelled
105406,2023-06-21,Clothing,810.73,20.7,Dhaka,redx,Mobile Banking,,2,0,On-Time
102411,2023-11-11,Clothing,1613.26,27.3,Chattogram,redx,Mobile Banking,3.5,3,1,On-Time
105513,2024-03-20,Grocery,3004.66,,Khulna,PATHAO,Mobile Banking,4.8,4,0,On-Time
104252,2024-12-25,Beauty,506.9,21.3,Chattogram,sa paribahan,Mobile Banking,4.2,1,1,On-Time
102233,2023-05-27,groceries,7713.95,5.2,Chattogram,PATHAO,Cash on Delivery,4.9,1,0,On-Time
101853,2024-03-03,Clothing,3289.55,2.6,Dhaka,PATHAO,Card,3.9,3,0,On-Time
102731,2024-08-31,Books,870.17,16.5,Dhaka,PATHAO,Cash on Delivery,3.9,1,0,On-Time
107355,2024-01-02,clothing,6988.21,15.4,Chattogram,eCourier,Card,3.5,2,0,On-Time
107880,2023-01-30,ELECTRONICS,6220.73,39.6,Sylhet,ecourier,Cash on Delivery,3.7,5,0,Delayed
102955,2023-09-23,clothing,567.91,24.1,Dhaka,S.A. Paribahan,Mobile Banking,4.2,3,0,Delayed
108837,2024-08-26,clothing,387.3,40.4,Dhaka,Red X,Cash on Delivery,4.8,1,1,Delayed
101485,2024-11-09,Beauty,4577.54,1.3,Dhaka,Sundorbon,Cash on Delivery,4.1,1,1,Delayed
100093,2024-09-22,electronics,1891.19,3.1,Dhaka,sa paribahan,Card,4.0,2,1,On-Time
104213,2024-07-28,Grocery,4156.76,16.9,Chattogram,ecourier,Cash on Delivery,4.2,1,1,Delayed
103890,2024-05-06,electronics,6001.07,2.2,Rajshahi,SA Paribahan,Cash on Delivery,4.0,5,0,On-Time
108325,2024-05-29,groceries,472.1,8.4,Dhaka,RedX,Cash on Delivery,4.1,2,0,On-Time
106418,2024-09-06,home & kitchen,4254.31,13.1,Sylhet,redx,Card,3.7,1,0,On-Time
105062,2023-12-11,ELECTRONICS,150.0,2.0,Dhaka,pathao,Card,3.9,1,1,On-Time
107027,2023-08-05,Beauty,4000.12,2.4,Sylhet,Sundarban,Cash on Delivery,,4,0,On-Time
108560,2023-09-10,electronics,860.7,46.3,Rajshahi,PATHAO,Cash on Delivery,3.5,3,1,Delayed
106956,2024-10-08,books,458.9,4.9,Dhaka,redx,Mobile Banking,3.9,1,1,On-Time
102387,2024-04-30,Electronics,648.44,20.7,Dhaka,S.A. Paribahan,Cash on Delivery,4.6,1,0,Delayed
107903,2023-07-08,beauty,2203.16,31.2,Khulna,ecourier,Cash on Delivery,4.0,3,0,Delayed
106377,2023-01-27,clothing,5227.53,21.2,Chattogram,redx,Mobile Banking,4.3,1,1,On-Time
103649,2023-04-13,Clothing,2009.87,9.9,Sylhet,pathao,Card,3.8,1,0,On-Time
107196,2024-12-03,ELECTRONICS,2809.34,12.9,Dhaka,sundarban,Card,,2,0,On-Time
105734,2023-09-07,Electronics,4720.96,13.0,Khulna,sa paribahan,Cash on Delivery,4.5,1,1,Delayed
100589,2024-10-11,Clothing,1158.67,120.0,Dhaka,Pathao,Mobile Banking,4.3,4,0,Delayed
100326,2024-04-16,Home and Kitchen,1834.5,3.7,Chattogram,PATHAO,Card,3.9,1,0,On-Time
101455,2023-09-20,electronics,1175.66,4.6,Dhaka,Sundorbon,Cash on Delivery,2.9,4,0,On-Time
101848,2024-09-15,Electronics,1417.47,9.3,Khulna,pathao,Cash on Delivery,3.5,2,0,Delayed
102825,2023-08-25,beauty,757.62,12.5,Khulna,sundarban,Cash on Delivery,4.3,3,0,On-Time
105891,2023-10-30,Beauty,2125.08,6.9,Dhaka,pathao,Cash on Delivery,4.2,1,0,On-Time
106946,2024-10-02,groceries,704.75,39.3,Khulna,redx,Cash on Delivery,3.8,2,0,On-Time
104137,2024-12-22,Beauty,1124.73,13.7,Chattogram,pathao,Cash on Delivery,3.8,1,0,Delayed
100960,2024-05-02,home & kitchen,1977.12,59.7,Dhaka,SA Paribahan,Cash on Delivery,3.8,6,0,On-Time
103331,2024-05-30,ELECTRONICS,2635.71,8.3,Sylhet,sa paribahan,Cash on Delivery,4.4,3,1,On-Time
108395,2024-02-24,Clothing,218.06,5.7,Dhaka,ecourier,Card,4.1,2,1,On-Time
106420,2024-04-01,Home and Kitchen,1847.07,9.4,Rajshahi,sa paribahan,Cash on Delivery,4.4,4,0,On-Time
101263,2024-08-03,groceries,5720.26,1.3,Khulna,PATHAO,Card,4.5,5,1,On-Time
105020,2024-12-30,Electronics,1475.41,4.3,Rajshahi,Red X,Cash on Delivery,4.3,1,0,On-Time
101717,2023-03-21,Clothing,2755.58,7.0,Dhaka,RedX,Cash on Delivery,4.3,1,1,On-Time
108223,2023-05-07,Clothing,10641.5,5.9,Sylhet,SA Paribahan,Card,3.2,1,0,Delayed
106968,2023-03-11,ELECTRONICS,1384.19,1.5,Rajshahi,Sundorbon,Cash on Delivery,5.0,5,0,On-Time
104664,2024-01-25,Home & Kitchen,622.93,6.8,Dhaka,Sundorbon,Cash on Delivery,4.3,3,0,On-Time
104619,2024-05-30,Beauty,4762.83,24.5,Khulna,Sundorbon,Cash on Delivery,2.5,3,0,On-Time
104432,2023-01-18,clothing,4655.18,7.9,Dhaka,sa paribahan,Cash on Delivery,5.0,1,1,On-Time
106481,2024-07-23,Grocery,3561.71,10.6,Dhaka,PATHAO,Card,5.0,6,1,On-Time
104264,2023-07-31,Clothing,150.0,19.6,Sylhet,sa paribahan,Card,5.0,1,1,On-Time
103903,2024-04-24,Electronics,150.0,1.0,Dhaka,S.A. Paribahan,Cash on Delivery,2.9,1,1,On-Time
105200,2023-05-19,Groceries,5496.81,2.0,Dhaka,SA Paribahan,Cash on Delivery,4.3,1,0,On-Time
107265,2024-09-01,Clothing,164.61,7.0,Chattogram,Sundorbon,Mobile Banking,4.1,5,1,Delayed
104648,2023-10-04,clothing,150.0,12.6,Dhaka,Pathao,Cash on Delivery,4.4,1,1,On-Time
107480,2024-03-05,Clothing,1650.17,10.0,Chattogram,eCourier,Mobile Banking,3.9,4,1,Delayed
102390,2024-10-29,books,873.2,11.8,Dhaka,RedX,Card,3.4,1,0,Delayed
108025,2024-11-26,Clothing,1644.56,16.9,Dhaka,sundarban,Mobile Banking,3.3,5,1,On-Time
105688,2023-05-15,Clothing,580.24,4.6,Chattogram,pathao,Card,5.0,3,1,On-Time
106672,2023-12-19,home & kitchen,432.56,6.1,Dhaka,sa paribahan,Mobile Banking,3.8,2,0,On-Time
102858,2023-09-30,Home and Kitchen,4739.43,17.6,Chattogram,Pathao,Card,4.7,4,0,On-Time
108923,2024-12-11,groceries,278.08,33.9,Chattogram,sundarban,Cash on Delivery,4.0,3,0,On-Time
100017,2023-02-07,Home and Kitchen,6548.56,20.0,Chattogram,PATHAO,Mobile Banking,4.1,1,0,Delayed
103354,2024-03-25,Groceries,150.0,11.5,Chattogram,Pathao,Cash on Delivery,4.5,5,0,On-Time
104400,2023-12-18,Electronics,1858.78,50.0,Dhaka,RedX,Cash on Delivery,3.4,1,1,On-Time
103467,2024-11-22,beauty,3167.63,22.4,Khulna,ecourier,Cash on Delivery,4.2,2,0,Delayed
101136,2023-05-12,Electronics,4066.44,1.7,Dhaka,PATHAO,Mobile Banking,3.7,4,0,Delayed
107890,2024-04-17,ELECTRONICS,150.0,27.5,Dhaka,RedX,Cash on Delivery,3.8,4,1,Delayed
106566,2024-11-04,electronics,150.0,13.4,Chattogram,redx,Cash on Delivery,3.3,1,1,Delayed
101553,2024-12-05,clothing,150.0,19.0,Dhaka,SA Paribahan,Cash on Delivery,4.8,3,0,Delayed
103734,2023-12-13,clothing,1510.06,29.3,Khulna,eCourier,Cash on Delivery,5.0,2,0,Delayed
104673,2024-07-31,Home and Kitchen,262.78,12.4,Dhaka,sa paribahan,Cash on Delivery,4.8,1,0,Delayed
105125,2023-12-30,clothing,1510.29,32.7,Sylhet,pathao,Cash on Delivery,3.2,2,1,Delayed
104359,2024-07-04,Clothing,933.08,18.0,Rajshahi,pathao,Cash on Delivery,3.5,1,1,Delayed
100260,2024-12-18,home & kitchen,5064.18,25.8,Khulna,Red X,Cash on Delivery,4.0,2,0,On-Time
105627,2023-07-05,clothing,647.92,37.9,Khulna,Pathao,Cash on Delivery,5.0,3,0,Delayed
103407,2023-08-18,Grocery,1148.25,18.7,Rajshahi,Red X,Cash on Delivery,4.2,3,1,On-Time
100903,2023-12-02,Grocery,641.77,45.5,Dhaka,sa paribahan,Cash on Delivery,4.3,4,0,On-Time
106415,2023-06-26,Clothing,1918.8,9.7,Sylhet,RedX,Mobile Banking,4.8,5,1,On-Time
105404,2023-06-12,beauty,2569.27,7.6,Sylhet,RedX,Cash on Delivery,4.7,3,0,On-Time
106907,2023-04-22,books,370.1,1.6,Khulna,Pathao,Cash on Delivery,3.6,1,0,On-Time
108825,2023-11-09,ELECTRONICS,150.0,16.0,Khulna,S.A. Paribahan,Cash on Delivery,3.0,4,0,On-Time
100173,2023-11-09,home & kitchen,150.0,15.0,Dhaka,Red X,Cash on Delivery,3.5,3,0,On-Time
105267,2024-07-14,Grocery,605.01,25.4,Dhaka,eCourier,Card,3.7,3,1,Cancelled
105983,2024-02-07,ELECTRONICS,150.0,1.0,Chattogram,Sundorbon,Cash on Delivery,4.4,1,1,On-Time
102491,2024-06-09,Clothing,4154.58,10.9,Chattogram,RedX,Mobile Banking,4.2,2,1,Delayed
102093,2023-03-20,Books,,18.2,Rajshahi,Red X,Card,4.4,1,0,On-Time
102664,2024-10-25,clothing,150.0,7.2,Sylhet,SA Paribahan,Cash on Delivery,4.7,4,1,On-Time
107295,2024-08-08,Grocery,4304.43,6.2,Dhaka,sa paribahan,Card,3.4,1,0,On-Time
105928,2024-03-20,Groceries,1217.13,29.3,Chattogram,Sundorbon,Mobile Banking,3.9,2,1,Delayed
108124,2023-10-01,Home & Kitchen,1380.06,6.5,Khulna,sa paribahan,Cash on Delivery,4.5,5,1,On-Time
105670,2024-12-25,Clothing,370.12,30.1,Dhaka,Sundarban,Cash on Delivery,3.3,1,0,Delayed
106260,2023-12-06,beauty,1406.02,13.9,Dhaka,PATHAO,Cash on Delivery,4.1,2,1,Delayed
108716,2023-05-06,clothing,685.72,7.0,Dhaka,Pathao,Card,4.0,1,1,Delayed
101103,2023-03-20,clothing,3882.46,3.5,Sylhet,pathao,Cash on Delivery,3.7,3,1,On-Time
100483,2023-12-05,books,517.6,6.5,Chattogram,pathao,Mobile Banking,3.1,3,0,On-Time
105353,2024-11-30,ELECTRONICS,5241.25,13.9,Khulna,RedX,Cash on Delivery,4.1,3,0,Delayed
106323,2023-05-08,Clothing,150.0,5.2,Chattogram,sa paribahan,Card,3.3,4,0,On-Time
105081,2023-02-10,clothing,150.0,11.4,Rajshahi,Pathao,Cash on Delivery,4.4,2,1,On-Time
102636,2024-08-16,Groceries,5884.26,64.0,Chattogram,SA Paribahan,Mobile Banking,3.9,2,0,Delayed
102372,2023-03-05,electronics,1665.22,9.5,Dhaka,RedX,Cash on Delivery,3.5,3,0,Delayed
107290,2023-08-02,Home and Kitchen,1664.15,15.7,Khulna,Sundarban,Card,4.0,1,0,On-Time
108809,2024-04-20,Home & Kitchen,739.89,8.8,Dhaka,redx,Cash on Delivery,4.4,3,0,On-Time
105398,2023-12-03,Groceries,4569.84,11.5,Dhaka,Sundarban,Mobile Banking,3.1,1,0,Delayed
104786,2023-02-07,Clothing,2857.47,10.6,Dhaka,pathao,Mobile Banking,3.7,1,0,Delayed
102423,2024-01-29,ELECTRONICS,,1.7,Dhaka,pathao,Cash on Delivery,4.1,1,1,On-Time
107976,2023-12-13,electronics,328.22,22.6,Chattogram,redx,Cash on Delivery,4.3,1,1,Delayed
104525,2024-05-12,home & kitchen,2381.9,1.0,Chattogram,pathao,Card,4.9,2,0,On-Time
105966,2024-05-08,Electronics,1159.58,12.9,Khulna,Sundarban,Card,3.5,1,0,On-Time
105111,2024-01-23,clothing,358.83,1.2,Chattogram,Sundarban,Card,4.4,1,0,Cancelled
106110,2023-08-17,beauty,172.9,2.5,Dhaka,RedX,Cash on Delivery,3.6,3,0,On-Time
102159,2024-07-06,beauty,810.16,1.4,Dhaka,redx,Mobile Banking,3.7,1,1,On-Time
103645,2024-08-14,Home & Kitchen,150.0,51.2,Sylhet,SA Paribahan,Cash on Delivery,5.0,1,0,On-Time
104454,2023-05-27,beauty,1055.08,9.0,Sylhet,Sundarban,Cash on Delivery,4.1,1,1,Delayed
103318,2023-06-06,Home & Kitchen,249.05,2.2,Dhaka,pathao,Cash on Delivery,3.4,2,0,On-Time
106372,2024-05-18,home & kitchen,667.84,20.2,Dhaka,Sundarban,Mobile Banking,4.2,1,1,On-Time
104847,2023-01-22,Home & Kitchen,150.0,1.3,Chattogram,SA Paribahan,Cash on Delivery,2.9,1,1,On-Time
105522,2023-01-07,Groceries,2754.61,22.9,Dhaka,Pathao,Card,4.4,1,0,On-Time
104526,2023-04-30,Beauty,,2.9,Dhaka,redx,Cash on Delivery,4.5,2,1,On-Time
106890,2024-10-24,electronics,182.0,23.0,Khulna,E-Courier,Cash on Delivery,5.0,3,0,On-Time
104678,2023-09-10,Groceries,2121.02,8.8,Sylhet,E-Courier,Card,4.5,3,0,Delayed
106915,2024-04-19,Clothing,3523.02,28.6,Chattogram,S.A. Paribahan,Card,3.4,4,1,On-Time
107654,2024-02-23,ELECTRONICS,1749.95,3.9,Rajshahi,SA Paribahan,Card,4.5,5,0,On-Time
100264,2024-03-14,Beauty,,4.7,Khulna,E-Courier,Cash on Delivery,4.3,1,1,On-Time
108633,2024-05-22,beauty,239.41,7.9,Dhaka,E-Courier,Card,4.6,3,0,On-Time
100973,2023-10-03,ELECTRONICS,1273.4,17.1,Sylhet,sundarban,Card,3.9,2,1,Delayed
106185,2023-07-19,Clothing,1622.88,1.0,Dhaka,S.A. Paribahan,Cash on Delivery,3.1,3,0,Delayed
106127,2024-08-31,home & kitchen,1848.12,33.7,Rajshahi,pathao,Cash on Delivery,4.0,2,0,Delayed
102247,2023-10-24,home & kitchen,1780.19,11.5,Khulna,ecourier,Mobile Banking,2.8,1,0,On-Time
100567,2023-11-05,books,1605.66,17.8,Dhaka,S.A. Paribahan,Mobile Banking,3.8,2,0,On-Time
106958,2024-07-19,Electronics,1602.78,29.9,Khulna,sundarban,Mobile Banking,3.4,3,1,On-Time
108827,2024-10-15,clothing,5232.97,4.5,Chattogram,pathao,Cash on Delivery,4.3,2,0,On-Time
106608,2023-06-30,clothing,1112.89,6.9,Dhaka,pathao,Cash on Delivery,4.2,1,0,On-Time
108088,2023-12-20,home & kitchen,4062.24,5.3,Chattogram,redx,Mobile Banking,3.9,3,0,On-Time
106523,2023-03-11,groceries,506.57,11.8,Chattogram,S.A. Paribahan,Cash on Delivery,4.3,3,0,On-Time
108408,2024-11-30,Clothing,4286.56,21.3,Sylhet,Pathao,Card,4.2,1,0,Delayed
104621,2024-09-14,Clothing,2866.44,36.3,Sylhet,Pathao,Card,4.5,4,1,Delayed
105586,2023-08-03,clothing,5139.44,16.2,Chattogram,RedX,Cash on Delivery,4.7,6,0,On-Time
105262,2023-05-29,clothing,1778.25,4.5,Sylhet,Red X,Mobile Banking,5.0,1,1,On-Time
107442,2024-05-14,electronics,213.97,2.3,Dhaka,Pathao,Cash on Delivery,4.1,3,1,On-Time
103009,2024-01-20,home & kitchen,1939.1,17.9,Dhaka,eCourier,Cash on Delivery,5.0,5,0,Delayed
106837,2024-02-09,beauty,362.23,12.3,Dhaka,PATHAO,Cash on Delivery,4.7,3,1,Delayed
105492,2024-04-19,Grocery,1147.97,1.0,Dhaka,Red X,Cash on Delivery,4.0,2,0,Delayed
103098,2024-08-13,beauty,1652.46,16.0,Dhaka,PATHAO,Cash on Delivery,3.3,1,1,On-Time
105218,2024-11-25,clothing,632.66,2.4,Rajshahi,Pathao,Mobile Banking,3.8,3,1,On-Time
106352,2024-07-31,clothing,,13.9,Dhaka,Red X,Cash on Delivery,3.1,1,0,On-Time
107346,2024-10-09,electronics,3406.66,8.8,Dhaka,RedX,Cash on Delivery,5.0,1,1,On-Time
103242,2023-01-27,Electronics,3087.51,6.2,Khulna,sa paribahan,Cash on Delivery,4.0,1,0,On-Time
106539,2023-05-29,clothing,11803.21,23.6,Rajshahi,E-Courier,Cash on Delivery,4.9,1,0,On-Time
108348,2023-08-28,Beauty,1106.87,4.4,Chattogram,sa paribahan,Cash on Delivery,5.0,1,1,On-Time
101805,2023-10-29,Home and Kitchen,150.0,12.5,Dhaka,Pathao,Mobile Banking,4.3,1,0,Delayed
108581,2024-09-30,Electronics,1810.96,83.6,Dhaka,Sundorbon,Mobile Banking,3.8,2,0,Delayed
108145,2023-06-02,ELECTRONICS,1763.55,1.9,Dhaka,S.A. Paribahan,Card,3.0,1,1,On-Time
105874,2024-08-21,ELECTRONICS,1366.54,14.0,Rajshahi,pathao,Card,4.9,1,1,On-Time
100441,2023-04-23,groceries,2006.46,19.5,Khulna,Pathao,Mobile Banking,4.0,1,0,On-Time
106243,2024-11-03,home & kitchen,152.56,5.1,Dhaka,SA Paribahan,Cash on Delivery,3.5,3,0,Delayed
107805,2023-05-23,Clothing,243.34,11.0,Sylhet,Pathao,Mobile Banking,3.0,3,1,On-Time
108692,2023-02-11,books,2958.83,1.1,Dhaka,ecourier,Card,5.0,1,0,On-Time
103301,2024-04-19,Electronics,1555.25,29.5,Chattogram,RedX,Cash on Delivery,4.8,1,0,On-Time
101102,2023-07-26,groceries,150.0,45.8,Chattogram,Red X,Cash on Delivery,4.4,3,0,Delayed
104035,2023-01-08,Clothing,1686.65,3.6,Chattogram,Pathao,Cash on Delivery,3.1,3,0,On-Time
103303,2024-02-01,Groceries,150.0,17.2,Chattogram,redx,Card,4.2,2,0,On-Time
106955,2023-11-28,beauty,150.0,7.4,Dhaka,Red X,Mobile Banking,3.0,2,0,On-Time
106270,2024-07-09,Clothing,7517.91,9.4,Chattogram,pathao,Card,3.6,2,1,Delayed
106180,2024-10-05,beauty,5125.63,23.2,Rajshahi,redx,Mobile Banking,4.9,1,0,On-Time
105826,2024-06-13,Clothing,286.17,7.7,Chattogram,RedX,Card,3.4,1,0,On-Time
100347,2023-07-16,Electronics,1513.17,4.5,Dhaka,ecourier,Cash on Delivery,3.7,3,0,Delayed
100133,2023-12-10,Home & Kitchen,3801.36,33.7,Sylhet,PATHAO,Card,3.2,2,1,On-Time
102763,2023-09-05,home & kitchen,166.56,18.6,Dhaka,Pathao,Mobile Banking,3.4,2,0,On-Time
105697,2023-03-11,Home & Kitchen,1571.58,67.8,Khulna,eCourier,Cash on Delivery,3.0,3,0,Delayed
103402,2023-11-15,clothing,2271.48,14.3,Sylhet,RedX,Cash on Delivery,4.3,2,0,On-Time
108535,2024-02-10,Clothing,796.11,56.6,Sylhet,sundarban,Cash on Delivery,3.8,4,1,Cancelled
104066,2024-05-05,Home and Kitchen,1285.35,39.5,Chattogram,pathao,Mobile Banking,3.7,2,0,On-Time
107073,2024-12-01,books,2591.09,23.5,Khulna,Sundarban,Cash on Delivery,5.0,2,1,On-Time
101777,2024-09-03,groceries,1346.2,2.8,Khulna,pathao,Cash on Delivery,3.5,2,1,On-Time
103126,2024-01-21,home & kitchen,1559.88,5.0,Dhaka,Red X,Mobile Banking,3.5,2,0,Delayed
105974,2023-04-15,beauty,722.78,14.6,Khulna,Red X,Cash on Delivery,4.6,1,0,Delayed
105879,2024-01-18,ELECTRONICS,759.47,12.8,Chattogram,ecourier,Mobile Banking,3.4,3,0,On-Time
104342,2024-08-23,Groceries,1335.01,28.1,Dhaka,pathao,Cash on Delivery,3.7,2,0,Delayed
101732,2023-07-07,Home and Kitchen,974.23,8.7,Rajshahi,eCourier,Cash on Delivery,3.8,4,0,On-Time
106553,2024-01-04,Clothing,7738.42,27.8,Dhaka,E-Courier,Cash on Delivery,4.2,2,1,On-Time
103754,2024-06-04,Clothing,2136.01,16.6,Dhaka,eCourier,Card,4.2,4,0,On-Time
100806,2023-02-25,Grocery,353.26,1.0,Sylhet,Red X,Mobile Banking,4.2,1,0,On-Time
105758,2024-09-22,books,1200.14,2.1,Chattogram,redx,Card,3.5,6,0,On-Time
100196,2023-08-15,ELECTRONICS,2701.34,8.7,Sylhet,PATHAO,Cash on Delivery,4.7,1,0,On-Time
101029,2024-10-31,ELECTRONICS,2903.43,1.0,Dhaka,PATHAO,Mobile Banking,2.9,1,0,On-Time
105211,2023-03-08,Home & Kitchen,3666.41,41.8,Dhaka,SA Paribahan,Cash on Delivery,4.3,1,0,On-Time
101864,2024-05-15,home & kitchen,1186.27,6.6,Dhaka,PATHAO,Cash on Delivery,4.4,2,0,On-Time
101919,2024-02-28,beauty,2776.6,5.1,Sylhet,Sundarban,Cash on Delivery,3.0,1,1,On-Time
104209,2024-01-28,ELECTRONICS,2002.47,13.5,Dhaka,RedX,Card,3.6,3,0,On-Time
106176,2023-11-22,Home and Kitchen,3133.78,22.1,Dhaka,Sundorbon,Card,3.4,1,1,On-Time
100402,2024-05-16,clothing,1669.28,6.2,Rajshahi,Red X,Card,3.8,3,1,On-Time
103260,2023-01-17,clothing,216.38,3.9,Chattogram,ecourier,Cash on Delivery,4.9,3,1,On-Time
104175,2024-11-03,Home & Kitchen,1625.33,17.4,Dhaka,SA Paribahan,Cash on Delivery,3.7,2,1,Delayed
106354,2023-10-15,electronics,937.09,16.9,Chattogram,Sundarban,Mobile Banking,4.6,2,0,Delayed
104803,2024-07-14,Home & Kitchen,229.92,2.8,Dhaka,eCourier,Cash on Delivery,4.2,1,0,Delayed
100104,2024-04-10,home & kitchen,170.68,8.7,Khulna,E-Courier,Cash on Delivery,4.0,1,1,Delayed
102717,2024-12-28,Electronics,150.0,1.0,Dhaka,sa paribahan,Cash on Delivery,4.6,3,0,Delayed
105400,2024-06-09,books,424.91,47.0,Dhaka,E-Courier,Card,4.0,1,0,Delayed
101020,2024-12-19,electronics,2814.14,28.8,Sylhet,redx,Cash on Delivery,3.5,3,1,On-Time
102116,2023-09-12,beauty,1711.27,26.6,Rajshahi,Sundorbon,Cash on Delivery,4.3,3,0,On-Time
104872,2024-11-16,Books,1855.17,1.2,Dhaka,E-Courier,Mobile Banking,4.8,3,1,On-Time
107802,2023-05-04,Electronics,5683.26,10.5,Dhaka,Pathao,Mobile Banking,5.0,3,1,On-Time
108958,2023-07-05,Grocery,745.42,5.8,Chattogram,Red X,Mobile Banking,5.0,1,1,Delayed
103825,2023-04-30,Clothing,3761.5,,Dhaka,Sundorbon,Cash on Delivery,4.8,4,0,Delayed
107041,2024-08-25,Home and Kitchen,150.0,18.1,Dhaka,ecourier,Cash on Delivery,4.3,2,0,On-Time
102829,2023-11-12,Clothing,1556.08,9.0,Rajshahi,RedX,Cash on Delivery,3.9,1,0,On-Time
106557,2023-11-23,Clothing,632.79,67.0,Dhaka,redx,Mobile Banking,3.3,3,0,Delayed
108862,2023-03-22,electronics,800.61,19.2,Chattogram,Pathao,Card,3.7,3,1,On-Time
104845,2023-10-12,Books,1142.77,1.0,Sylhet,sa paribahan,Cash on Delivery,4.2,1,1,On-Time
100519,2024-12-19,ELECTRONICS,265.19,3.0,Chattogram,Red X,Card,3.6,2,0,On-Time
107663,2023-06-10,Electronics,408.36,10.2,Dhaka,redx,Cash on Delivery,4.0,3,0,Delayed
106028,2024-02-07,ELECTRONICS,2158.64,24.2,Chattogram,S.A. Paribahan,Mobile Banking,4.5,3,1,Delayed
105967,2024-12-23,clothing,2121.92,15.5,Dhaka,Red X,Card,5.0,3,1,On-Time
105591,2024-11-08,clothing,862.05,8.1,Sylhet,Red X,Mobile Banking,5.0,2,0,On-Time
102852,2024-10-09,ELECTRONICS,482.08,40.7,Rajshahi,pathao,Card,3.9,2,0,Delayed
101930,2023-09-09,Home & Kitchen,2371.0,1.2,Khulna,SA Paribahan,Mobile Banking,4.2,1,1,On-Time
106103,2024-04-15,books,,5.0,Chattogram,E-Courier,Cash on Delivery,4.1,1,0,On-Time
100831,2023-11-20,clothing,551.28,1.8,Khulna,ecourier,Card,3.3,1,0,On-Time
104567,2024-06-30,books,828.44,5.0,Chattogram,SA Paribahan,Cash on Delivery,3.5,2,0,Delayed
103142,2024-08-15,clothing,482.58,3.2,Khulna,E-Courier,Cash on Delivery,4.8,2,0,Delayed
104821,2024-10-31,Clothing,1743.71,2.5,Chattogram,Pathao,Mobile Banking,3.0,2,1,On-Time
108971,2023-10-07,beauty,983.45,5.5,Dhaka,PATHAO,Mobile Banking,3.9,3,1,Delayed
101074,2024-03-14,Clothing,6931.6,1.0,Dhaka,Pathao,Cash on Delivery,3.4,2,0,Delayed
104602,2024-10-21,books,529.41,7.6,Khulna,pathao,Card,3.9,4,0,On-Time
103605,2024-08-18,Beauty,1045.83,17.0,Chattogram,redx,Cash on Delivery,5.0,2,0,On-Time
102889,2024-07-29,Grocery,150.0,12.2,Sylhet,RedX,Cash on Delivery,4.6,6,0,Cancelled
106843,2024-02-07,Clothing,4357.13,25.9,Dhaka,RedX,Card,4.8,2,1,Delayed
106198,2024-11-08,Electronics,,19.2,Dhaka,Red X,Card,,3,0,On-Time
100448,2023-04-11,Electronics,2454.7,38.3,Khulna,ecourier,Cash on Delivery,4.4,2,0,On-Time
101519,2024-09-02,Grocery,8700.34,1.5,Chattogram,PATHAO,Mobile Banking,4.9,2,1,On-Time
105905,2023-05-17,Books,,33.6,Rajshahi,Red X,Card,4.4,4,0,Delayed
100280,2023-03-31,Home and Kitchen,929.19,2.3,Dhaka,Pathao,Cash on Delivery,3.9,4,0,Delayed
102350,2023-03-24,Clothing,150.0,22.1,Dhaka,pathao,Cash on Delivery,4.2,4,0,On-Time
103031,2023-06-23,home & kitchen,329.84,29.3,Dhaka,sa paribahan,Card,3.7,3,1,Delayed
100984,2024-08-13,Home and Kitchen,3325.01,24.6,Dhaka,Pathao,Cash on Delivery,4.9,1,0,On-Time
100124,2023-07-28,Books,4113.28,,Dhaka,Sundorbon,Card,4.6,4,0,Delayed
105208,2024-07-26,home & kitchen,569.31,4.0,Dhaka,Red X,Cash on Delivery,3.5,2,1,Delayed
102892,2023-12-19,Beauty,513.17,14.3,Dhaka,PATHAO,Mobile Banking,4.9,1,1,On-Time
108372,2024-10-17,clothing,3063.9,69.5,Dhaka,RedX,Cash on Delivery,4.2,2,0,On-Time
102719,2024-12-14,Home & Kitchen,5158.1,2.7,Dhaka,sundarban,Card,5.0,1,0,Delayed
107324,2023-02-17,Groceries,1646.8,1.0,Sylhet,E-Courier,Cash on Delivery,3.3,4,1,On-Time
106479,2024-12-26,clothing,964.12,9.1,Dhaka,eCourier,Card,3.6,4,1,Delayed
104896,2024-02-19,Clothing,875.59,4.3,Dhaka,redx,Cash on Delivery,4.2,2,0,On-Time
102334,2023-02-05,Grocery,3672.57,12.4,Rajshahi,SA Paribahan,Cash on Delivery,4.3,2,0,Delayed
107102,2024-01-08,electronics,2162.27,13.2,Rajshahi,Pathao,Cash on Delivery,,1,0,On-Time
100604,2024-11-17,Home & Kitchen,150.0,5.7,Dhaka,,Cash on Delivery,3.6,2,0,Delayed
105738,2024-11-19,Home & Kitchen,1510.99,57.9,Chattogram,Pathao,Cash on Delivery,4.6,3,1,Cancelled
105254,2024-01-31,clothing,1912.76,5.9,Dhaka,ecourier,Cash on Delivery,3.8,2,1,On-Time
104865,2024-10-19,groceries,,11.3,Chattogram,pathao,Cash on Delivery,4.4,3,0,Delayed
103680,2024-07-21,Home & Kitchen,803.05,26.7,Khulna,Sundarban,Cash on Delivery,4.3,3,1,On-Time
106423,2023-09-04,electronics,150.0,8.8,Sylhet,Red X,Mobile Banking,4.7,2,1,Delayed
100824,2024-11-27,Books,4861.51,20.9,Dhaka,S.A. Paribahan,Cash on Delivery,4.4,1,1,Delayed
101123,2024-03-13,Clothing,150.0,1.0,Rajshahi,RedX,Card,3.9,2,1,On-Time
101057,2023-04-13,ELECTRONICS,1391.8,4.9,Dhaka,Sundarban,Cash on Delivery,4.1,5,0,On-Time
103852,2024-05-05,Beauty,398.66,23.5,Sylhet,Pathao,Cash on Delivery,3.9,3,0,Cancelled
106288,2023-11-19,beauty,387.83,3.5,Rajshahi,ecourier,Cash on Delivery,3.9,4,0,On-Time
107144,2024-10-26,Books,1751.37,2.8,Dhaka,pathao,Mobile Banking,5.0,7,1,Delayed
103429,2024-07-01,Electronics,447.82,1.3,Dhaka,Red X,Cash on Delivery,4.0,3,0,On-Time
105516,2023-09-21,groceries,1254.88,2.4,Chattogram,PATHAO,Cash on Delivery,4.1,1,0,On-Time
103164,2023-08-17,Clothing,3203.1,8.1,Dhaka,PATHAO,Cash on Delivery,4.2,1,0,Delayed
100360,2024-09-05,Clothing,682.32,20.0,Dhaka,sa paribahan,Mobile Banking,3.7,2,1,On-Time
100949,2024-05-07,beauty,5722.6,36.0,Dhaka,pathao,Mobile Banking,3.5,3,1,On-Time
108473,2023-12-05,Books,676.98,14.8,Dhaka,pathao,Mobile Banking,5.0,4,0,On-Time
100843,2023-11-10,Grocery,4961.79,4.2,Dhaka,sa paribahan,Card,5.0,1,0,On-Time
100981,2024-10-12,clothing,3244.6,22.8,Khulna,redx,Cash on Delivery,3.8,2,0,Delayed
103287,2023-12-14,electronics,2814.08,1.5,Chattogram,Pathao,Cash on Delivery,3.8,3,1,On-Time
104717,2023-09-02,clothing,150.0,1.7,Dhaka,PATHAO,Cash on Delivery,4.8,1,0,On-Time
106363,2024-02-20,clothing,4466.43,4.1,Sylhet,Pathao,Cash on Delivery,3.1,2,0,On-Time
102590,2024-05-21,Grocery,815.66,13.8,Sylhet,Sundarban,Cash on Delivery,3.7,3,1,On-Time
104813,2024-03-21,beauty,2068.62,2.8,Sylhet,Pathao,Cash on Delivery,4.0,6,0,On-Time
103850,2023-01-20,ELECTRONICS,707.51,21.7,Dhaka,sa paribahan,Mobile Banking,3.7,5,0,Delayed
104745,2023-04-18,Clothing,199.38,3.2,Sylhet,PATHAO,Cash on Delivery,3.8,6,1,On-Time
106886,2024-01-11,Clothing,,2.9,Dhaka,pathao,Mobile Banking,3.7,2,1,On-Time
108686,2024-02-14,groceries,860.47,72.4,Dhaka,sundarban,Card,4.3,4,0,Delayed
102651,2023-12-22,clothing,6105.28,15.9,Rajshahi,S.A. Paribahan,Cash on Delivery,5.0,2,0,On-Time
100436,2024-12-12,electronics,872.18,7.4,Rajshahi,redx,Mobile Banking,3.7,4,1,On-Time
107327,2024-07-18,clothing,794.93,11.2,Chattogram,RedX,Cash on Delivery,3.5,1,0,On-Time
104225,2024-09-08,Grocery,150.0,1.0,Dhaka,RedX,Cash on Delivery,4.3,6,1,On-Time
104642,2023-09-21,Groceries,2537.77,6.3,Sylhet,SA Paribahan,Cash on Delivery,4.1,4,0,On-Time
100574,2024-07-06,beauty,1363.78,50.0,Khulna,pathao,Card,4.8,5,0,On-Time
104550,2023-03-12,Books,457.4,16.4,Dhaka,pathao,Cash on Delivery,3.4,4,0,On-Time
107667,2023-11-18,Home and Kitchen,236.17,18.0,Dhaka,redx,Cash on Delivery,3.6,4,0,On-Time
103881,2023-09-13,ELECTRONICS,3408.11,1.8,Dhaka,eCourier,Card,3.6,1,1,On-Time
106999,2024-10-18,electronics,5357.86,2.3,Dhaka,ecourier,Cash on Delivery,3.6,3,1,On-Time
104852,2024-03-09,Electronics,2432.31,5.6,Dhaka,PATHAO,Mobile Banking,3.6,5,0,Delayed
101939,2023-08-11,home & kitchen,493.46,44.1,Chattogram,Sundorbon,Cash on Delivery,3.5,1,0,Delayed
107272,2024-11-29,Home & Kitchen,840.14,38.7,Khulna,Pathao,Card,3.9,1,1,Delayed
104929,2024-06-17,Books,3560.97,2.0,Khulna,Red X,Mobile Banking,4.9,1,0,On-Time
105145,2024-03-13,Clothing,1083.94,1.8,Khulna,eCourier,Mobile Banking,4.2,4,0,On-Time
100736,2023-08-22,beauty,1633.73,5.2,Rajshahi,sundarban,Cash on Delivery,3.9,2,0,On-Time
107650,2023-10-05,ELECTRONICS,2301.3,7.6,Dhaka,sa paribahan,Cash on Delivery,3.7,2,1,Delayed
102022,2023-12-05,Grocery,1067.69,,Rajshahi,S.A. Paribahan,Card,4.7,1,1,On-Time
104401,2023-02-07,Home and Kitchen,1705.6,2.0,Chattogram,redx,Card,3.8,3,1,On-Time
101471,2024-07-14,clothing,275.45,11.6,Chattogram,SA Paribahan,Card,4.4,1,1,On-Time
102981,2023-07-02,home & kitchen,1979.67,1.2,Dhaka,sa paribahan,Mobile Banking,4.5,1,0,On-Time
108415,2024-12-04,Groceries,683.18,6.3,Dhaka,sa paribahan,Cash on Delivery,4.1,2,0,Delayed
101164,2024-04-16,home & kitchen,1038.22,12.6,Dhaka,Red X,Card,4.1,1,1,On-Time
107107,2024-08-10,groceries,262.66,19.5,Dhaka,ecourier,Cash on Delivery,3.0,5,1,Delayed
104913,2023-10-04,Home & Kitchen,306.75,3.4,Khulna,sundarban,Mobile Banking,4.1,2,1,On-Time
105502,2023-04-27,beauty,2963.06,2.8,Rajshahi,Red X,Mobile Banking,3.5,1,1,On-Time
105326,2024-04-18,beauty,603.5,35.3,Chattogram,S.A. Paribahan,Card,4.6,4,0,Delayed
100006,2023-11-29,home & kitchen,610.81,16.8,Sylhet,ecourier,Mobile Banking,4.1,1,0,On-Time
105272,2023-09-30,Clothing,1118.03,1.3,Khulna,pathao,Mobile Banking,5.0,3,1,On-Time
107204,2023-02-04,Beauty,2098.03,5.4,Dhaka,pathao,Mobile Banking,3.3,2,0,On-Time
105204,2024-11-15,Beauty,691.35,4.1,Dhaka,ecourier,Mobile Banking,3.5,2,0,Delayed
106582,2024-10-20,electronics,150.0,6.5,Dhaka,PATHAO,Cash on Delivery,4.9,5,1,On-Time
108625,2023-02-07,Grocery,584.34,38.3,Khulna,Red X,Cash on Delivery,4.0,3,0,Delayed
101099,2024-03-02,clothing,2855.2,3.4,Dhaka,,Cash on Delivery,3.6,1,1,Delayed
108022,2023-01-29,Electronics,1052.09,7.1,Chattogram,sundarban,Mobile Banking,4.5,2,1,On-Time
101176,2023-11-19,Beauty,317.2,1.0,Khulna,pathao,Cash on Delivery,5.0,3,0,On-Time
107645,2023-04-05,home & kitchen,150.0,22.8,Rajshahi,SA Paribahan,Cash on Delivery,4.1,2,0,On-Time
102019,2024-07-13,books,150.0,26.9,Chattogram,S.A. Paribahan,Cash on Delivery,3.6,4,0,Delayed
107576,2024-04-30,books,1596.71,11.6,Dhaka,redx,Cash on Delivery,3.5,1,0,Delayed
104096,2024-11-25,clothing,2061.57,3.2,Chattogram,Pathao,Mobile Banking,4.7,2,0,On-Time
108975,2024-05-08,clothing,7879.79,24.0,Dhaka,sundarban,Cash on Delivery,5.0,2,1,On-Time
108495,2024-11-27,ELECTRONICS,6130.07,16.1,Rajshahi,RedX,Cash on Delivery,4.9,3,0,On-Time
104650,2023-12-18,groceries,3372.16,34.0,Khulna,RedX,Cash on Delivery,4.0,1,0,Delayed
105068,2024-06-24,groceries,819.98,28.1,Khulna,E-Courier,Cash on Delivery,3.9,3,1,Delayed
103643,2024-01-17,ELECTRONICS,1200.56,7.2,Rajshahi,Sundorbon,Mobile Banking,4.6,6,1,On-Time
108119,2024-12-01,Home and Kitchen,160.26,18.3,Dhaka,E-Courier,Cash on Delivery,2.7,4,1,Delayed
108864,2024-04-21,Electronics,379.36,4.4,Dhaka,Sundarban,Cash on Delivery,3.2,4,1,On-Time
106588,2023-10-21,clothing,,41.9,Sylhet,pathao,Cash on Delivery,4.6,2,0,Delayed
106184,2024-11-28,Groceries,1683.94,6.0,Dhaka,ecourier,Cash on Delivery,3.6,1,0,On-Time
101355,2024-01-17,ELECTRONICS,714.8,25.5,Chattogram,E-Courier,Cash on Delivery,3.7,1,0,Delayed
100128,2024-05-21,groceries,150.0,18.1,Sylhet,ecourier,Cash on Delivery,4.2,1,1,Delayed
105181,2024-12-29,clothing,2721.36,5.0,Sylhet,Red X,Cash on Delivery,4.8,2,1,On-Time
103547,2023-06-15,Grocery,3258.46,32.5,Khulna,RedX,Mobile Banking,4.6,1,0,On-Time
100983,2023-05-28,Clothing,150.0,23.8,Chattogram,PATHAO,Card,3.9,2,0,Delayed
107046,2024-11-16,clothing,4461.96,18.3,Dhaka,SA Paribahan,Mobile Banking,3.6,4,0,On-Time
104676,2024-04-17,clothing,1251.78,2.2,Rajshahi,Red X,Card,3.7,1,0,On-Time
100994,2023-10-10,Home & Kitchen,1853.09,18.7,Rajshahi,PATHAO,Cash on Delivery,3.3,1,1,On-Time
104670,2023-08-14,beauty,2121.9,1.7,Dhaka,Pathao,Cash on Delivery,5.0,4,0,On-Time
101616,2023-10-15,Books,572.13,4.5,Dhaka,pathao,Cash on Delivery,2.8,2,1,Delayed
108054,2024-01-31,electronics,3844.97,1.9,Dhaka,pathao,Card,5.0,3,1,On-Time
103656,2024-09-13,Home & Kitchen,1849.02,48.5,Dhaka,Pathao,Card,4.1,3,1,On-Time
105727,2024-08-29,Electronics,2468.09,36.5,Rajshahi,eCourier,Cash on Delivery,4.3,6,0,On-Time
103285,2024-07-05,Groceries,150.0,1.0,Khulna,pathao,Mobile Banking,4.4,2,0,On-Time
108195,2023-08-10,groceries,150.0,21.8,Dhaka,SA Paribahan,Card,5.0,3,0,Delayed
100739,2024-10-14,Electronics,684.08,9.9,Chattogram,redx,Mobile Banking,4.6,3,1,On-Time
108547,2023-01-18,Electronics,1711.43,,Chattogram,PATHAO,Cash on Delivery,3.8,2,0,Delayed
104990,2023-03-08,Beauty,442.6,18.7,Sylhet,Sundorbon,Card,3.4,1,0,Delayed
101417,2023-07-04,Electronics,1454.79,4.1,Dhaka,redx,Cash on Delivery,3.8,3,1,On-Time
104855,2024-11-04,clothing,2195.73,20.6,Sylhet,S.A. Paribahan,Mobile Banking,4.6,1,0,On-Time
108897,2024-12-24,Grocery,2553.57,1.0,Dhaka,sa paribahan,Card,3.3,1,0,Delayed
101372,2024-01-23,ELECTRONICS,677.27,18.5,Rajshahi,RedX,Cash on Delivery,4.4,4,1,Delayed
108634,2024-07-18,Beauty,1520.94,49.1,Khulna,Pathao,Mobile Banking,4.9,1,1,On-Time
103289,2024-05-07,ELECTRONICS,2347.85,15.2,Sylhet,PATHAO,Mobile Banking,3.9,1,1,Delayed
103029,2024-01-16,groceries,200.52,19.1,Rajshahi,Red X,Mobile Banking,4.4,2,0,On-Time
105607,2024-11-28,Electronics,150.0,40.1,Dhaka,PATHAO,Card,4.2,2,0,On-Time
107599,2023-12-21,groceries,3032.36,29.4,Dhaka,sundarban,Card,3.9,6,0,Delayed
100489,2024-12-07,groceries,3684.38,42.2,Dhaka,ecourier,Card,4.5,1,1,Delayed
105736,2023-01-31,groceries,1303.69,1.4,Dhaka,pathao,Mobile Banking,3.2,1,1,On-Time
106293,2024-02-19,Clothing,1844.86,8.2,Khulna,SA Paribahan,Mobile Banking,3.6,3,0,On-Time
106859,2023-01-10,Books,1631.11,40.5,Dhaka,Pathao,Mobile Banking,4.5,2,1,On-Time
108664,2024-01-18,Beauty,1008.47,3.6,Khulna,pathao,Cash on Delivery,4.7,3,1,On-Time
107629,2023-11-29,groceries,715.45,1.5,Dhaka,Pathao,Cash on Delivery,4.7,1,0,On-Time
103440,2023-04-08,Books,7061.46,3.5,Dhaka,E-Courier,Cash on Delivery,3.7,3,1,On-Time
103118,2023-10-03,Clothing,876.43,13.8,Dhaka,eCourier,Cash on Delivery,3.8,6,0,On-Time
108253,2024-06-13,Home & Kitchen,4961.62,12.8,Dhaka,Pathao,Cash on Delivery,3.4,3,0,On-Time
104008,2024-08-18,books,712.62,13.1,Rajshahi,RedX,Mobile Banking,4.9,1,1,On-Time
102818,2024-04-08,Grocery,,20.8,Dhaka,SA Paribahan,Card,5.0,1,0,Delayed
107525,2023-10-29,Beauty,183.07,8.2,Sylhet,sa paribahan,Mobile Banking,5.0,4,1,On-Time
105653,2024-07-13,Electronics,707.41,17.6,Dhaka,E-Courier,Mobile Banking,4.6,4,1,On-Time
103014,2024-05-08,home & kitchen,1746.24,5.0,Dhaka,sundarban,Cash on Delivery,5.0,1,0,Delayed
107957,2023-11-21,Groceries,2400.56,19.8,Dhaka,PATHAO,Mobile Banking,3.6,5,1,On-Time
106281,2024-07-07,clothing,150.0,4.0,Sylhet,ecourier,Mobile Banking,4.0,3,1,On-Time
106885,2023-07-03,books,3454.55,6.9,Chattogram,Sundorbon,Cash on Delivery,5.0,3,0,On-Time
107991,2024-03-05,clothing,2702.01,13.4,Dhaka,PATHAO,Card,2.9,1,0,Delayed
104961,2023-04-24,Groceries,150.0,6.1,Dhaka,Pathao,Cash on Delivery,,3,0,Delayed
104330,2024-02-28,Electronics,150.0,1.4,Rajshahi,sundarban,Card,4.3,2,0,Delayed
102328,2023-09-02,Home & Kitchen,,1.4,Dhaka,Pathao,Cash on Delivery,5.0,5,0,On-Time
108874,2023-03-15,books,2505.0,2.1,Sylhet,PATHAO,Cash on Delivery,,5,0,On-Time
106234,2024-01-29,ELECTRONICS,150.0,2.5,Dhaka,Sundorbon,Cash on Delivery,,2,1,Cancelled
107159,2024-10-03,clothing,2292.6,30.5,Dhaka,pathao,Card,3.9,2,0,On-Time
103844,2024-02-20,electronics,1459.06,7.0,Chattogram,ecourier,Card,4.3,4,1,On-Time
101815,2023-03-30,Grocery,752.21,55.5,Dhaka,pathao,Card,4.6,5,1,Delayed
105837,2024-12-13,electronics,3085.41,19.5,Chattogram,Pathao,Mobile Banking,3.7,3,0,On-Time
106497,2024-04-08,Clothing,411.06,7.9,Dhaka,Sundorbon,Card,4.4,2,1,On-Time
102675,2023-07-01,Clothing,1076.19,3.0,Dhaka,redx,Card,3.9,1,0,On-Time
100397,2023-02-04,clothing,917.52,8.4,Sylhet,PATHAO,Cash on Delivery,4.7,3,0,On-Time
105250,2024-08-20,Electronics,847.31,19.5,Dhaka,pathao,Cash on Delivery,5.0,5,0,On-Time
104222,2023-05-06,Books,1751.59,4.9,Chattogram,SA Paribahan,Mobile Banking,3.9,3,0,On-Time
107932,2024-08-11,Clothing,1293.15,10.4,Sylhet,S.A. Paribahan,Cash on Delivery,4.1,3,0,On-Time
104879,2024-08-17,electronics,4375.08,10.1,Sylhet,PATHAO,Cash on Delivery,4.3,1,0,Delayed
108697,2024-05-28,Home and Kitchen,1385.58,23.4,Sylhet,Pathao,Cash on Delivery,3.9,2,0,On-Time
100209,2024-05-06,clothing,2893.2,6.7,Dhaka,Red X,Card,3.6,1,0,On-Time
101674,2024-12-23,beauty,2644.58,4.1,Dhaka,S.A. Paribahan,Cash on Delivery,3.7,1,0,On-Time
101330,2023-07-14,home & kitchen,2026.86,8.1,Khulna,pathao,Card,4.5,3,0,On-Time
100172,2023-04-02,beauty,3259.87,81.6,Dhaka,RedX,Card,4.2,1,0,On-Time
103252,2023-09-17,Beauty,494.74,3.2,Chattogram,sa paribahan,Card,3.5,2,1,On-Time
105901,2024-07-16,electronics,1070.45,6.1,Rajshahi,S.A. Paribahan,Mobile Banking,3.4,2,1,On-Time
100268,2024-11-11,beauty,2702.02,4.5,Dhaka,Pathao,Cash on Delivery,,2,0,Delayed
106174,2023-01-20,Electronics,890.01,17.6,Dhaka,Pathao,Cash on Delivery,4.6,2,1,On-Time
102370,2023-01-15,Clothing,1935.38,1.0,Chattogram,pathao,Mobile Banking,3.6,1,1,On-Time
108217,2024-07-01,Beauty,150.0,31.2,Chattogram,sundarban,Cash on Delivery,3.3,1,0,Delayed
104470,2023-09-02,clothing,8069.28,32.5,Chattogram,sa paribahan,Cash on Delivery,3.9,2,1,Delayed
106953,2024-09-01,Clothing,603.57,18.1,Sylhet,eCourier,Cash on Delivery,3.5,1,0,On-Time
106405,2024-02-23,groceries,2090.96,6.3,Dhaka,Red X,Cash on Delivery,4.4,2,0,Cancelled
108867,2024-04-28,Clothing,1546.91,1.8,Sylhet,redx,Card,4.3,2,1,On-Time
103678,2023-05-04,Clothing,1894.36,15.5,Dhaka,Pathao,Mobile Banking,4.2,1,0,On-Time
108834,2024-11-13,groceries,2402.85,1.8,Rajshahi,RedX,Mobile Banking,3.8,4,1,On-Time
107156,2023-07-24,ELECTRONICS,5687.84,1.0,Dhaka,pathao,Card,3.0,2,0,On-Time
100217,2024-10-31,Home and Kitchen,1705.06,1.4,Dhaka,redx,Cash on Delivery,4.4,3,0,On-Time
104492,2023-01-07,beauty,1716.2,2.7,Dhaka,sundarban,Cash on Delivery,3.3,1,0,Cancelled
108684,2024-12-09,clothing,624.45,8.7,Rajshahi,E-Courier,Card,3.8,1,0,Delayed
104412,2023-02-11,Electronics,373.85,1.4,Dhaka,eCourier,Cash on Delivery,3.7,5,0,On-Time
102219,2023-10-16,Groceries,223.69,4.1,Dhaka,RedX,Cash on Delivery,3.4,2,0,On-Time
108944,2023-01-04,Books,150.0,43.6,Dhaka,redx,Cash on Delivery,,2,0,Delayed
106750,2024-03-24,Clothing,705.93,28.5,Dhaka,Red X,Cash on Delivery,3.9,4,1,On-Time
103415,2023-12-28,ELECTRONICS,2901.88,29.1,Dhaka,sa paribahan,Cash on Delivery,4.2,4,1,On-Time
105189,2023-11-12,groceries,5301.93,5.4,Khulna,redx,Cash on Delivery,4.0,1,0,On-Time
100518,2024-07-19,clothing,3122.72,30.8,Khulna,redx,Mobile Banking,4.4,1,1,On-Time
107239,2024-06-03,Clothing,5233.51,13.0,Khulna,S.A. Paribahan,Mobile Banking,3.6,2,1,On-Time
103199,2023-08-22,beauty,8074.16,2.5,Dhaka,sa paribahan,Mobile Banking,4.4,1,1,Delayed
102312,2024-11-28,Electronics,302.27,24.3,Dhaka,pathao,Cash on Delivery,3.2,3,0,Delayed
102552,2024-12-28,electronics,636.13,29.0,Dhaka,Sundorbon,Mobile Banking,4.3,3,0,On-Time
101701,2023-04-10,Grocery,804.39,23.1,Rajshahi,PATHAO,Card,4.7,1,1,On-Time
107964,2023-03-17,groceries,650.68,11.3,Sylhet,PATHAO,Cash on Delivery,3.6,2,0,Delayed
108675,2024-01-23,Home & Kitchen,4985.91,6.8,Dhaka,E-Courier,Mobile Banking,4.0,4,1,On-Time
108194,2024-06-06,Clothing,2376.08,1.0,Chattogram,PATHAO,Cash on Delivery,3.7,5,0,Delayed
101566,2023-08-29,groceries,2406.74,2.0,Dhaka,Red X,Cash on Delivery,3.3,2,1,On-Time
102737,2024-09-28,ELECTRONICS,150.0,3.9,Dhaka,redx,Cash on Delivery,4.6,4,0,On-Time
105278,2024-07-09,Beauty,1525.3,2.8,Dhaka,Sundarban,Cash on Delivery,4.4,2,0,On-Time
106677,2024-01-20,electronics,958.27,13.3,Chattogram,Pathao,Mobile Banking,3.6,2,1,On-Time
101599,2024-04-01,home & kitchen,5081.05,1.8,Dhaka,PATHAO,Cash on Delivery,4.3,2,0,Delayed
101646,2024-02-09,electronics,396.87,8.8,Rajshahi,RedX,Card,4.5,1,1,On-Time
107351,2023-03-16,Home and Kitchen,150.0,16.8,Khulna,,Cash on Delivery,4.3,2,1,Delayed
106849,2023-06-12,Home & Kitchen,832.16,22.3,Dhaka,ecourier,Cash on Delivery,3.9,4,0,On-Time
108339,2024-12-30,Electronics,642.11,19.5,Dhaka,Red X,Cash on Delivery,4.2,4,0,On-Time
103112,2024-01-30,clothing,374.32,2.9,Sylhet,pathao,Cash on Delivery,4.7,3,1,On-Time
107562,2023-11-03,books,476.17,35.8,Dhaka,pathao,Mobile Banking,4.0,1,1,Delayed
106142,2023-03-06,ELECTRONICS,1383.77,8.8,Rajshahi,PATHAO,Card,5.0,2,1,On-Time
104379,2023-01-11,Books,1610.83,11.5,Sylhet,RedX,Mobile Banking,3.5,2,1,On-Time
105291,2024-07-24,Beauty,1007.74,16.8,Dhaka,PATHAO,Card,3.0,2,1,On-Time
100659,2023-01-13,groceries,458.89,10.4,Chattogram,SA Paribahan,Mobile Banking,3.4,2,0,On-Time
108273,2023-05-20,ELECTRONICS,4081.69,8.0,Dhaka,RedX,Cash on Delivery,4.0,3,0,Delayed
102835,2023-11-23,groceries,3031.31,12.5,Rajshahi,RedX,Cash on Delivery,5.0,4,1,On-Time
106087,2024-10-25,Groceries,918.76,6.8,Khulna,sundarban,Cash on Delivery,4.1,1,0,On-Time
100183,2023-12-12,groceries,4505.29,17.2,Dhaka,redx,Cash on Delivery,3.9,3,0,On-Time
105823,2024-01-13,clothing,816.11,2.8,Sylhet,RedX,Cash on Delivery,3.2,1,1,On-Time
102361,2023-07-23,Clothing,698.58,23.8,Dhaka,pathao,Cash on Delivery,3.9,1,0,Cancelled
101085,2023-08-01,Beauty,8500.46,13.6,Sylhet,eCourier,Mobile Banking,4.3,1,1,On-Time
101317,2024-02-16,electronics,550.46,3.3,Chattogram,redx,Cash on Delivery,3.7,2,1,On-Time
108135,2024-08-08,beauty,1448.14,14.7,Chattogram,redx,Mobile Banking,4.1,4,0,On-Time
108049,2023-05-25,clothing,688.34,30.3,Khulna,,Cash on Delivery,3.2,1,0,Delayed
102809,2023-11-10,clothing,1093.32,21.7,Dhaka,Red X,Cash on Delivery,4.0,3,1,On-Time
101490,2024-09-17,Clothing,150.0,4.1,Rajshahi,Red X,Cash on Delivery,4.4,4,0,On-Time
102087,2024-11-08,beauty,305.9,39.0,Rajshahi,pathao,Cash on Delivery,3.4,1,0,Delayed
101035,2023-08-15,clothing,1233.39,18.7,Dhaka,Red X,Card,5.0,1,1,On-Time
107178,2024-10-14,Clothing,987.74,4.7,Dhaka,Red X,Card,3.2,3,0,On-Time
100801,2024-01-23,clothing,1476.52,26.9,Dhaka,pathao,Cash on Delivery,5.0,2,0,Delayed
102907,2023-01-21,electronics,674.65,4.2,Dhaka,PATHAO,Mobile Banking,4.1,3,0,On-Time
105711,2023-07-20,Home & Kitchen,1838.42,21.8,Dhaka,eCourier,Cash on Delivery,4.2,3,0,On-Time
106535,2024-05-25,Electronics,870.58,7.8,Khulna,eCourier,Card,3.1,1,0,On-Time
105873,2023-12-31,clothing,2312.14,2.1,Rajshahi,redx,Mobile Banking,3.5,2,0,On-Time
105288,2023-05-09,Electronics,164.44,59.6,Dhaka,RedX,Cash on Delivery,4.6,4,1,On-Time
105960,2023-04-19,groceries,203.05,80.9,Dhaka,redx,Cash on Delivery,3.5,5,1,Delayed
105998,2023-07-01,Electronics,1244.88,1.3,Chattogram,Sundorbon,Cash on Delivery,4.1,1,0,Delayed
103729,2024-04-13,clothing,7556.5,20.1,Rajshahi,SA Paribahan,Cash on Delivery,3.5,2,0,Delayed
106386,2024-09-22,Clothing,2426.2,1.8,Dhaka,Pathao,Cash on Delivery,4.3,1,0,On-Time
108693,2024-09-10,clothing,1040.45,7.5,Dhaka,PATHAO,Cash on Delivery,,1,1,On-Time
102310,2023-02-24,beauty,1202.35,13.2,Dhaka,redx,Mobile Banking,4.6,3,0,Delayed
100299,2023-05-07,electronics,799.34,8.1,Dhaka,sa paribahan,Cash on Delivery,4.2,3,1,On-Time
100980,2023-04-16,ELECTRONICS,1431.31,2.1,Dhaka,redx,Cash on Delivery,3.3,4,0,Delayed
100099,2024-09-22,clothing,896.23,,Khulna,SA Paribahan,Cash on Delivery,4.1,3,0,Delayed
108271,2023-05-30,beauty,1765.43,2.5,Dhaka,S.A. Paribahan,Card,4.3,2,0,On-Time
107130,2024-08-01,Groceries,1454.68,7.1,Chattogram,sundarban,Mobile Banking,5.0,2,1,On-Time
100415,2023-08-11,groceries,150.0,36.9,Chattogram,PATHAO,Mobile Banking,4.1,2,1,On-Time
107002,2023-11-21,Clothing,1864.45,3.6,Khulna,redx,Card,5.0,5,1,On-Time
107409,2023-04-18,clothing,1230.44,,Dhaka,ecourier,Card,3.7,3,0,Delayed
105585,2023-02-28,ELECTRONICS,423.5,9.2,Dhaka,sundarban,Cash on Delivery,4.4,2,0,On-Time
107413,2024-08-19,electronics,1290.11,8.8,Sylhet,redx,Cash on Delivery,,1,1,On-Time
100887,2024-07-13,beauty,7422.45,15.1,Dhaka,Sundarban,Cash on Delivery,3.8,4,0,Delayed
100771,2023-03-16,home & kitchen,1087.36,19.5,Chattogram,RedX,Cash on Delivery,4.4,2,1,On-Time
104897,2024-06-15,electronics,494.01,4.1,Chattogram,Sundarban,Cash on Delivery,3.1,3,0,Delayed
101500,2023-11-08,beauty,1933.39,60.9,Chattogram,Red X,Card,5.0,4,1,On-Time
103209,2024-03-04,Clothing,196.09,12.3,Chattogram,sa paribahan,Card,4.5,3,0,On-Time
102961,2024-04-16,home & kitchen,751.64,9.4,Sylhet,PATHAO,Cash on Delivery,4.4,3,1,On-Time
105374,2024-09-26,home & kitchen,2326.63,1.0,Dhaka,Sundarban,Cash on Delivery,,4,1,On-Time
100395,2023-01-09,clothing,4749.37,12.2,Dhaka,sundarban,Card,5.0,3,1,On-Time
108861,2024-03-06,Books,3311.42,5.0,Sylhet,S.A. Paribahan,Card,4.8,2,1,On-Time
104424,2023-06-23,electronics,150.0,29.3,Chattogram,E-Courier,Mobile Banking,4.3,2,1,Delayed
104718,2024-03-11,Clothing,5975.67,1.0,Chattogram,redx,Cash on Delivery,3.3,4,0,Delayed
104574,2024-10-06,books,2971.12,14.8,Dhaka,S.A. Paribahan,Mobile Banking,3.7,1,0,On-Time
102408,2023-07-24,Grocery,302.86,16.9,Khulna,eCourier,Cash on Delivery,4.3,1,1,On-Time
108998,2023-12-08,Grocery,1938.83,7.3,Dhaka,E-Courier,Cash on Delivery,,2,0,On-Time
102060,2023-02-12,ELECTRONICS,827.94,14.6,Dhaka,S.A. Paribahan,Mobile Banking,4.9,2,0,Delayed
104270,2024-04-19,Clothing,1308.92,23.2,Rajshahi,S.A. Paribahan,Mobile Banking,4.7,1,0,On-Time
108234,2023-10-08,beauty,1112.94,18.2,Dhaka,ecourier,Mobile Banking,3.4,3,1,On-Time
100899,2023-02-22,Beauty,1668.1,3.2,Khulna,sa paribahan,Mobile Banking,3.1,3,0,On-Time
105126,2023-07-20,beauty,1147.22,2.1,Khulna,SA Paribahan,Cash on Delivery,4.3,2,0,On-Time
104487,2024-03-13,Groceries,1698.91,32.0,Dhaka,Red X,Cash on Delivery,3.7,3,1,On-Time
102732,2023-05-08,ELECTRONICS,558.01,3.8,Chattogram,SA Paribahan,Cash on Delivery,4.3,3,0,Delayed
101681,2023-09-24,Beauty,1592.82,2.8,Chattogram,eCourier,Card,4.0,4,1,On-Time
107900,2024-11-21,Electronics,845.67,5.0,Dhaka,sundarban,Cash on Delivery,4.6,1,1,Delayed
106992,2023-06-06,books,598.19,26.2,Khulna,sundarban,Card,,3,1,On-Time
101418,2023-01-10,Groceries,2244.66,6.4,Rajshahi,eCourier,Cash on Delivery,3.4,1,0,On-Time
105018,2023-08-23,Clothing,1132.85,18.9,Chattogram,Sundorbon,Card,4.0,1,1,On-Time
108453,2024-02-23,electronics,150.0,4.6,Chattogram,Red X,Cash on Delivery,4.2,1,0,On-Time
103464,2023-12-30,ELECTRONICS,1367.7,32.3,Dhaka,Red X,Mobile Banking,4.1,3,0,Cancelled
108831,2024-11-23,Electronics,,21.9,Sylhet,E-Courier,Cash on Delivery,3.6,2,0,On-Time
103853,2024-12-17,Beauty,,4.3,Khulna,redx,Mobile Banking,5.0,6,1,On-Time
105650,2024-03-04,electronics,575.64,22.5,Chattogram,pathao,Cash on Delivery,4.9,3,0,On-Time
101005,2024-09-13,groceries,3514.51,8.8,Dhaka,SA Paribahan,Card,3.5,1,1,On-Time
104431,2024-05-27,beauty,150.0,18.5,Rajshahi,pathao,Cash on Delivery,3.7,3,0,Delayed
101258,2024-07-03,Grocery,907.5,18.7,Dhaka,redx,Cash on Delivery,4.4,4,0,Cancelled
101071,2024-07-16,Home and Kitchen,,15.6,Dhaka,Pathao,Cash on Delivery,4.0,3,0,Delayed
101667,2023-10-20,electronics,539.59,10.4,Rajshahi,redx,Cash on Delivery,4.7,1,1,Delayed
107185,2024-06-04,Clothing,5172.8,18.3,Dhaka,,Cash on Delivery,4.2,1,0,On-Time
102248,2023-06-02,Home and Kitchen,794.98,6.2,Rajshahi,Pathao,Mobile Banking,3.4,1,1,On-Time
105078,2024-02-10,home & kitchen,,3.6,Dhaka,Pathao,Cash on Delivery,5.0,2,1,On-Time
104204,2024-01-06,clothing,3139.99,30.0,Dhaka,Sundorbon,Cash on Delivery,3.8,1,1,Delayed
103002,2023-01-10,Home and Kitchen,1053.36,3.9,Dhaka,sa paribahan,Cash on Delivery,4.6,1,0,On-Time
106723,2024-08-20,Electronics,942.55,5.8,Dhaka,Pathao,Cash on Delivery,3.8,5,1,On-Time
101088,2024-04-20,Home & Kitchen,3636.85,5.7,Sylhet,Pathao,Card,3.3,2,1,On-Time
105177,2023-04-12,Groceries,150.0,3.7,Dhaka,eCourier,Mobile Banking,4.4,4,0,On-Time
100940,2023-11-09,Home & Kitchen,903.47,5.3,Dhaka,Pathao,Cash on Delivery,3.8,1,0,On-Time
103522,2024-12-01,clothing,2167.85,16.1,Dhaka,Sundorbon,Cash on Delivery,3.9,3,0,Delayed
107617,2024-06-30,clothing,2674.59,2.4,Khulna,Pathao,Mobile Banking,4.3,1,1,On-Time
104888,2023-03-03,Clothing,2097.84,1.0,Dhaka,PATHAO,Card,3.9,3,0,On-Time
104051,2023-05-23,Grocery,280.81,8.4,Chattogram,pathao,Mobile Banking,4.8,1,1,On-Time
104801,2024-09-16,Home and Kitchen,1101.56,22.9,Dhaka,E-Courier,Cash on Delivery,2.9,2,0,Delayed
108676,2023-04-22,home & kitchen,6429.38,3.5,Chattogram,RedX,Cash on Delivery,3.8,3,0,On-Time
101993,2024-01-19,Groceries,2230.81,2.1,Dhaka,E-Courier,Cash on Delivery,3.1,1,1,On-Time
102299,2024-09-15,Clothing,5962.16,7.0,Dhaka,Pathao,Mobile Banking,4.6,1,1,Delayed
103028,2023-09-02,Clothing,2244.03,6.7,Chattogram,PATHAO,Mobile Banking,3.8,1,1,On-Time
104343,2024-01-22,home & kitchen,3326.03,1.2,Khulna,RedX,Cash on Delivery,3.3,3,0,Delayed
100339,2024-10-28,ELECTRONICS,4604.6,1.7,Chattogram,redx,Cash on Delivery,4.0,2,0,On-Time
104215,2024-11-20,Groceries,2702.83,27.9,Dhaka,RedX,Card,3.7,3,0,Delayed
101086,2024-05-31,Books,1524.48,10.6,Chattogram,PATHAO,Cash on Delivery,3.6,3,1,Delayed
107555,2023-10-30,books,951.37,14.7,Chattogram,RedX,Card,3.7,2,1,On-Time
104178,2023-01-27,Beauty,1261.77,7.1,Dhaka,RedX,Cash on Delivery,4.3,1,1,On-Time
105718,2024-05-19,beauty,1627.5,16.3,Dhaka,pathao,Cash on Delivery,,3,0,On-Time
100493,2024-09-16,groceries,1077.42,13.2,Dhaka,RedX,Cash on Delivery,3.6,1,0,On-Time
103872,2024-08-06,Clothing,2937.77,10.3,Dhaka,Red X,Cash on Delivery,2.8,2,1,Delayed
107922,2023-10-22,Groceries,150.0,37.2,Dhaka,pathao,Cash on Delivery,5.0,1,0,Delayed
108083,2023-11-11,Clothing,207.35,12.1,Sylhet,ecourier,Cash on Delivery,3.5,3,0,On-Time
101347,2023-05-27,home & kitchen,2756.72,5.4,Dhaka,Sundarban,Cash on Delivery,4.0,1,1,Delayed
108148,2023-10-26,Home & Kitchen,6323.52,43.1,Dhaka,pathao,Mobile Banking,3.8,1,0,Cancelled
102051,2023-07-25,Clothing,1285.25,23.4,Rajshahi,RedX,Mobile Banking,3.8,2,0,Delayed
102607,2023-04-16,Home and Kitchen,1093.55,49.0,Chattogram,pathao,Cash on Delivery,4.9,1,1,Delayed
101364,2023-06-04,Electronics,3542.85,42.7,Chattogram,Red X,Mobile Banking,4.8,1,0,Delayed
106952,2024-01-06,clothing,1321.65,7.4,Chattogram,S.A. Paribahan,Cash on Delivery,3.7,4,1,On-Time
105228,2023-09-02,ELECTRONICS,3142.81,26.2,Dhaka,Pathao,Mobile Banking,3.7,4,1,Delayed
102611,2024-12-16,Grocery,356.29,24.2,Dhaka,eCourier,Cash on Delivery,4.7,1,0,On-Time
102137,2024-02-02,clothing,6058.41,46.4,Sylhet,eCourier,Cash on Delivery,,2,0,On-Time
102338,2023-03-13,beauty,1154.19,17.5,Chattogram,sundarban,Cash on Delivery,4.0,2,0,On-Time
107143,2023-06-10,Clothing,1710.63,12.5,Dhaka,Sundarban,Card,3.3,5,0,On-Time
107546,2023-03-21,beauty,2832.32,25.0,Dhaka,RedX,Mobile Banking,4.3,4,0,Delayed
105352,2024-07-15,Books,1252.94,6.0,Chattogram,Red X,Card,4.3,2,0,On-Time
108347,2024-05-23,Clothing,613.87,4.0,Sylhet,Pathao,Cash on Delivery,3.8,3,0,Delayed
103418,2023-08-25,ELECTRONICS,1338.64,5.3,Khulna,E-Courier,Card,,3,0,On-Time
100562,2024-06-10,Electronics,817.15,14.2,Dhaka,Pathao,Mobile Banking,3.9,4,0,On-Time
100931,2024-05-24,electronics,1210.54,5.3,Sylhet,Pathao,Mobile Banking,5.0,1,1,On-Time
101765,2024-01-31,Home and Kitchen,639.49,39.3,Dhaka,ecourier,Cash on Delivery,3.6,3,0,On-Time
107243,2023-12-27,Books,150.0,17.4,Dhaka,Red X,Cash on Delivery,4.6,1,0,On-Time
102320,2023-01-14,Beauty,3243.7,7.6,Rajshahi,S.A. Paribahan,Mobile Banking,5.0,2,1,Delayed
101868,2023-07-01,groceries,150.0,8.0,Dhaka,sundarban,Cash on Delivery,3.0,2,0,On-Time
105948,2024-09-21,Grocery,5389.2,1.0,Sylhet,eCourier,Cash on Delivery,3.3,3,1,Delayed
108986,2024-04-06,Grocery,3744.33,2.9,Dhaka,RedX,Mobile Banking,5.0,1,1,On-Time
102581,2023-09-23,Beauty,1970.87,26.6,Chattogram,redx,Cash on Delivery,5.0,1,1,On-Time
101741,2023-02-02,home & kitchen,150.0,46.2,Sylhet,ecourier,Cash on Delivery,3.4,1,0,Delayed
108053,2024-11-29,Beauty,886.41,35.6,Chattogram,RedX,Mobile Banking,4.9,2,1,On-Time
105533,2023-11-04,Groceries,1840.11,12.4,Dhaka,pathao,Mobile Banking,4.0,1,0,Delayed
100119,2024-09-29,groceries,1860.16,2.9,Rajshahi,Red X,Mobile Banking,4.8,3,1,On-Time
103206,2023-07-16,Clothing,667.1,1.9,Dhaka,Pathao,Cash on Delivery,4.0,3,0,Delayed
108181,2023-10-27,Clothing,1672.86,50.5,Sylhet,RedX,Cash on Delivery,4.2,1,1,Delayed
105302,2023-11-12,ELECTRONICS,911.12,15.7,Dhaka,redx,Mobile Banking,4.0,1,1,On-Time
105167,2024-12-03,Books,3753.61,26.7,Dhaka,pathao,Mobile Banking,4.2,3,0,On-Time
103764,2023-07-11,clothing,617.87,4.6,Khulna,Red X,Card,3.7,2,0,On-Time
103559,2023-11-24,Clothing,3132.91,8.0,Chattogram,Pathao,Cash on Delivery,5.0,2,0,Delayed
100713,2024-11-12,Electronics,2393.05,16.9,Chattogram,Sundarban,Mobile Banking,3.3,1,0,Delayed
104523,2024-12-15,Clothing,1268.04,9.8,Sylhet,eCourier,Mobile Banking,4.1,3,1,On-Time
104968,2024-01-05,home & kitchen,3962.47,7.1,Rajshahi,PATHAO,Card,4.3,2,1,On-Time
106687,2023-09-15,Electronics,5599.48,8.9,Rajshahi,Red X,Cash on Delivery,4.1,3,0,On-Time
104276,2024-10-19,ELECTRONICS,1465.98,10.0,Dhaka,Pathao,Mobile Banking,4.5,1,1,On-Time
102854,2024-11-03,Beauty,710.99,6.9,Rajshahi,ecourier,Mobile Banking,3.8,2,1,Delayed
101037,2024-12-25,electronics,1241.8,14.7,Dhaka,Red X,Cash on Delivery,4.1,3,0,Delayed
101304,2024-08-02,electronics,540.16,3.6,Dhaka,E-Courier,Card,5.0,6,1,Delayed
106366,2024-11-08,Groceries,2568.26,4.2,Dhaka,redx,Card,4.7,5,0,Delayed
102382,2023-12-06,Home and Kitchen,1623.88,1.0,Sylhet,Red X,Cash on Delivery,4.9,3,1,Delayed
106909,2023-02-03,groceries,1223.32,18.7,Dhaka,E-Courier,Cash on Delivery,4.1,1,1,Delayed
105773,2024-05-22,electronics,1098.36,12.0,Dhaka,Pathao,Card,4.1,5,1,Delayed
100783,2023-01-13,electronics,996.13,1.1,Chattogram,RedX,Cash on Delivery,4.8,4,0,On-Time
107328,2023-05-30,Beauty,1351.22,30.9,Chattogram,eCourier,Cash on Delivery,3.6,2,1,Delayed
104337,2023-12-01,home & kitchen,1451.66,19.6,Sylhet,pathao,Cash on Delivery,3.4,1,1,On-Time
104615,2024-06-01,Home & Kitchen,2808.3,20.1,Dhaka,eCourier,Mobile Banking,4.3,4,1,Delayed
107358,2024-06-06,clothing,2603.33,17.1,Dhaka,E-Courier,Cash on Delivery,4.0,3,0,Delayed
105664,2023-06-08,electronics,,3.1,Sylhet,E-Courier,Cash on Delivery,4.7,2,0,On-Time
104485,2024-03-11,beauty,7895.77,9.7,Rajshahi,E-Courier,Mobile Banking,4.5,1,0,On-Time
104046,2024-05-07,clothing,1331.18,6.8,Dhaka,sa paribahan,Cash on Delivery,3.8,5,0,On-Time
105458,2023-12-26,books,1632.01,1.2,Sylhet,E-Courier,Mobile Banking,2.7,2,1,On-Time
100086,2023-03-26,books,857.88,16.0,Dhaka,Pathao,Card,4.8,3,0,On-Time
105009,2023-02-16,clothing,2580.82,30.5,Sylhet,Red X,Cash on Delivery,4.5,1,1,On-Time
102853,2024-03-06,clothing,150.0,24.0,Dhaka,Red X,Cash on Delivery,3.6,1,0,Delayed
108475,2023-12-06,electronics,698.73,9.5,Sylhet,Red X,Cash on Delivery,5.0,1,0,On-Time
108166,2023-08-26,beauty,150.0,1.0,Dhaka,PATHAO,Mobile Banking,2.7,2,1,On-Time
106900,2023-09-12,beauty,4276.08,8.1,Dhaka,SA Paribahan,Cash on Delivery,4.3,2,1,On-Time
101516,2023-01-22,ELECTRONICS,3263.28,8.1,Khulna,RedX,Card,4.9,3,0,On-Time
102468,2024-07-11,Books,3959.47,75.4,Chattogram,ecourier,Cash on Delivery,4.3,3,0,On-Time
103450,2024-02-07,Beauty,2374.63,6.5,Dhaka,sa paribahan,Mobile Banking,4.0,2,1,Delayed
103339,2023-09-15,ELECTRONICS,150.0,18.5,Dhaka,PATHAO,Card,4.7,1,0,On-Time
107105,2024-07-31,home & kitchen,182.7,39.5,Dhaka,RedX,Card,3.7,4,1,On-Time
102793,2023-04-25,beauty,697.5,29.8,Dhaka,pathao,Cash on Delivery,3.2,3,1,Delayed
104233,2024-03-17,clothing,2295.72,9.7,Chattogram,E-Courier,Mobile Banking,4.7,3,0,On-Time
104020,2024-11-11,home & kitchen,3040.57,7.8,Dhaka,SA Paribahan,Card,3.7,1,0,On-Time
106042,2024-11-15,electronics,416.01,8.8,Chattogram,E-Courier,Card,4.4,3,0,On-Time
104652,2023-06-11,Home and Kitchen,1354.57,47.7,Dhaka,RedX,Cash on Delivery,4.6,1,0,On-Time
108087,2023-09-18,Electronics,3209.16,28.7,Khulna,pathao,Mobile Banking,3.3,3,0,On-Time
106442,2023-08-20,electronics,14152.04,3.5,Chattogram,sa paribahan,Mobile Banking,4.1,3,0,Delayed
100505,2023-02-18,groceries,1062.17,14.1,Sylhet,Sundorbon,Mobile Banking,3.3,1,0,On-Time
100941,2024-03-19,beauty,6143.42,11.2,Sylhet,sundarban,Cash on Delivery,3.8,3,0,On-Time
104846,2023-07-03,Home & Kitchen,664.22,9.9,Rajshahi,RedX,Card,3.5,4,0,Cancelled
108139,2023-11-16,Beauty,1834.23,7.8,Chattogram,SA Paribahan,Cash on Delivery,4.0,2,0,On-Time
105199,2023-10-10,home & kitchen,3871.36,12.6,Rajshahi,RedX,Cash on Delivery,4.6,1,1,Delayed
108489,2024-04-06,clothing,505.13,12.7,Dhaka,eCourier,Mobile Banking,5.0,1,0,On-Time
103298,2024-10-31,Home & Kitchen,1461.48,32.6,Chattogram,SA Paribahan,Cash on Delivery,4.3,2,0,Delayed
104235,2023-09-20,electronics,1171.25,3.8,Dhaka,pathao,Cash on Delivery,4.3,2,0,On-Time
107800,2023-08-27,beauty,1406.8,20.4,Dhaka,SA Paribahan,Card,4.8,3,0,Delayed
102524,2024-02-04,home & kitchen,406.0,6.6,Sylhet,SA Paribahan,Cash on Delivery,3.8,2,0,On-Time
102052,2024-04-18,Clothing,540.9,1.0,Dhaka,sundarban,Cash on Delivery,3.6,1,0,On-Time
106360,2023-08-14,Groceries,309.03,14.1,Dhaka,Sundarban,Cash on Delivery,4.7,1,0,Delayed
101465,2023-06-23,ELECTRONICS,3961.16,3.2,Dhaka,Red X,Mobile Banking,4.6,5,1,On-Time
103156,2024-09-28,books,6906.24,16.0,Dhaka,S.A. Paribahan,Cash on Delivery,4.3,4,0,Delayed
108373,2023-01-02,Books,734.3,1.0,Chattogram,Red X,Cash on Delivery,4.2,2,1,On-Time
108295,2023-04-25,beauty,1214.03,25.0,Dhaka,ecourier,Card,4.0,2,1,On-Time
102783,2024-05-13,beauty,4411.69,1.0,Chattogram,redx,Cash on Delivery,4.3,3,1,On-Time
108520,2024-10-16,ELECTRONICS,369.62,16.4,Chattogram,ecourier,Cash on Delivery,3.8,4,1,On-Time
102910,2024-05-15,clothing,2264.25,10.0,Dhaka,eCourier,Cash on Delivery,3.6,2,1,On-Time
108114,2023-06-15,electronics,1763.43,11.6,Sylhet,redx,Cash on Delivery,4.4,5,0,On-Time
108526,2024-04-19,Beauty,3484.37,4.7,Chattogram,sundarban,Mobile Banking,4.7,7,0,On-Time
103363,2024-11-03,Grocery,346.9,4.6,Chattogram,SA Paribahan,Cash on Delivery,3.8,1,0,Delayed
105596,2023-01-18,Home and Kitchen,8361.42,3.2,Khulna,PATHAO,Cash on Delivery,4.6,3,0,On-Time
104645,2024-06-17,Groceries,181.22,8.0,Rajshahi,Sundorbon,Cash on Delivery,4.1,1,0,On-Time
101686,2024-04-26,Electronics,1242.34,4.0,Rajshahi,Pathao,Mobile Banking,3.3,1,0,Delayed
104284,2023-01-31,ELECTRONICS,,1.9,Chattogram,pathao,Cash on Delivery,3.5,1,0,On-Time
101593,2023-10-10,Grocery,5759.75,1.9,Dhaka,redx,Card,3.9,3,0,On-Time
108252,2023-07-23,ELECTRONICS,2365.66,15.5,Dhaka,RedX,Mobile Banking,4.1,2,0,On-Time
106558,2023-04-23,beauty,1468.1,46.9,Chattogram,SA Paribahan,Cash on Delivery,4.1,1,1,Delayed
102782,2024-07-13,home & kitchen,502.03,3.9,Dhaka,pathao,Cash on Delivery,3.2,3,1,Delayed
102667,2023-08-21,Home and Kitchen,687.65,4.2,Dhaka,Sundorbon,Mobile Banking,3.3,3,1,Delayed
104599,2024-01-11,Books,352.88,7.5,Sylhet,Pathao,Mobile Banking,3.7,1,1,On-Time
100689,2023-04-08,Clothing,1941.33,3.3,Sylhet,Sundarban,Mobile Banking,3.2,1,0,On-Time
102767,2023-01-19,clothing,3759.29,10.6,Chattogram,Sundarban,Mobile Banking,2.8,4,0,On-Time
102950,2023-12-16,clothing,1915.89,6.7,Sylhet,Pathao,Mobile Banking,4.0,3,1,On-Time
105920,2023-04-20,ELECTRONICS,1716.14,14.8,Dhaka,redx,Mobile Banking,3.4,1,0,On-Time
104978,2023-06-09,Clothing,854.15,7.3,Sylhet,redx,Card,4.3,4,1,On-Time
102397,2024-07-17,Clothing,591.54,30.1,Rajshahi,Red X,Cash on Delivery,3.4,4,0,Delayed
101869,2024-08-24,Grocery,719.33,2.5,Chattogram,PATHAO,Cash on Delivery,4.5,2,0,On-Time
107447,2023-08-15,Beauty,1766.17,10.6,Dhaka,redx,Mobile Banking,4.4,1,1,On-Time
101574,2024-08-14,Grocery,2046.32,10.9,Dhaka,S.A. Paribahan,Card,3.7,2,0,Delayed
100300,2023-06-07,clothing,3170.65,8.0,Dhaka,RedX,Cash on Delivery,4.5,1,0,On-Time
105024,2023-12-05,Clothing,4419.22,11.9,Dhaka,pathao,Mobile Banking,3.8,3,0,On-Time
106893,2024-07-24,Groceries,1204.82,1.0,Dhaka,Pathao,Cash on Delivery,4.6,1,0,On-Time
101760,2024-12-09,clothing,2313.98,34.5,Dhaka,eCourier,Cash on Delivery,3.9,3,0,Delayed
103096,2024-05-04,home & kitchen,315.32,4.7,Rajshahi,E-Courier,Cash on Delivery,4.8,2,0,Delayed
100835,2024-05-22,groceries,150.0,1.0,Dhaka,E-Courier,Card,3.1,6,1,On-Time
101626,2023-05-24,electronics,640.12,20.2,Sylhet,Sundorbon,Mobile Banking,4.3,5,0,Delayed
102598,2024-12-18,ELECTRONICS,3404.74,33.5,Dhaka,RedX,Cash on Delivery,4.1,3,0,Delayed
107709,2024-05-27,electronics,1504.21,8.1,Dhaka,sa paribahan,Mobile Banking,3.9,3,1,On-Time
106747,2024-01-17,clothing,1392.13,6.7,Chattogram,Pathao,Mobile Banking,3.5,2,1,On-Time
108179,2024-11-06,home & kitchen,4570.05,16.0,Dhaka,sundarban,Card,4.7,1,1,On-Time
104116,2023-07-18,beauty,150.0,36.5,Dhaka,SA Paribahan,Cash on Delivery,4.4,6,0,Delayed
100705,2023-05-18,Beauty,1804.99,28.1,Chattogram,redx,Cash on Delivery,4.8,2,0,Delayed
105770,2023-08-26,Books,1800.83,2.5,Dhaka,eCourier,Cash on Delivery,4.3,2,0,On-Time
107806,2024-08-21,clothing,,20.7,Sylhet,sundarban,Cash on Delivery,3.1,1,1,On-Time
107789,2023-01-27,Beauty,295.06,5.5,Sylhet,Red X,Cash on Delivery,4.0,1,0,Delayed
103996,2024-06-19,books,167.02,10.2,Chattogram,Red X,Cash on Delivery,4.2,2,0,Delayed
101389,2024-06-12,Home & Kitchen,744.1,10.2,Chattogram,Sundarban,Cash on Delivery,3.9,4,1,Delayed
108973,2024-01-06,Grocery,2225.32,17.9,Dhaka,Sundorbon,Mobile Banking,4.6,3,1,On-Time
108741,2024-03-11,ELECTRONICS,2389.57,5.3,Sylhet,PATHAO,Card,3.6,1,0,On-Time
103167,2024-03-25,home & kitchen,4576.47,2.8,Sylhet,RedX,Card,3.8,2,0,On-Time
104083,2023-02-18,groceries,2062.85,12.7,Khulna,Red X,Card,3.2,1,0,On-Time
106493,2024-02-28,Grocery,1576.54,9.3,Chattogram,redx,Cash on Delivery,3.1,4,1,On-Time
104022,2024-01-09,Beauty,3912.15,32.2,Dhaka,sa paribahan,Cash on Delivery,4.0,3,0,Cancelled
108882,2024-10-09,Beauty,2696.12,17.0,Khulna,eCourier,Card,4.8,4,1,On-Time
106808,2024-07-02,Beauty,150.0,26.4,Khulna,Pathao,Card,4.3,2,1,Delayed
107874,2023-05-27,clothing,5410.13,5.3,Khulna,sa paribahan,Cash on Delivery,4.6,5,0,On-Time
101015,2023-11-19,ELECTRONICS,5123.55,2.0,Chattogram,eCourier,Cash on Delivery,3.5,1,0,On-Time
101752,2024-04-25,electronics,2912.57,11.2,Rajshahi,ecourier,Mobile Banking,4.9,6,1,On-Time
105133,2023-04-29,Grocery,3017.22,5.4,Dhaka,pathao,Card,4.4,1,0,Delayed
107846,2024-12-01,Home and Kitchen,666.95,3.6,Dhaka,sundarban,Card,3.6,2,0,On-Time
100596,2024-10-29,groceries,150.0,25.5,Dhaka,redx,Mobile Banking,4.3,5,1,On-Time
104003,2023-03-01,Home and Kitchen,5907.69,4.3,Chattogram,pathao,Card,3.6,3,0,On-Time
104949,2024-07-28,ELECTRONICS,317.52,18.2,Dhaka,Sundarban,Cash on Delivery,,5,0,Delayed
103439,2023-06-03,ELECTRONICS,1223.51,43.2,Khulna,eCourier,Cash on Delivery,3.4,1,1,On-Time
103161,2024-10-12,Grocery,2095.53,1.0,Dhaka,Sundorbon,Cash on Delivery,3.9,1,1,On-Time
102668,2023-02-14,books,2808.04,19.7,Sylhet,pathao,Cash on Delivery,3.5,1,0,On-Time
107578,2024-05-29,Clothing,562.24,4.7,Dhaka,Sundorbon,Cash on Delivery,4.8,1,0,Delayed
106286,2023-11-10,ELECTRONICS,3363.98,17.5,Dhaka,RedX,Cash on Delivery,3.3,1,1,On-Time
100105,2024-03-22,electronics,728.34,1.0,Dhaka,sundarban,Mobile Banking,3.7,5,0,Delayed
102009,2023-10-08,Grocery,722.37,23.2,Dhaka,Pathao,Cash on Delivery,3.7,1,1,Delayed
107905,2023-09-08,clothing,405.7,11.4,Dhaka,sundarban,Cash on Delivery,4.5,1,0,Delayed
108713,2023-02-04,groceries,613.8,14.0,Chattogram,Pathao,Mobile Banking,4.3,4,0,On-Time
106010,2024-08-02,ELECTRONICS,4811.51,11.1,Dhaka,eCourier,Mobile Banking,4.0,2,0,On-Time
104680,2024-10-31,Home and Kitchen,1251.09,11.3,Sylhet,SA Paribahan,Cash on Delivery,5.0,1,1,On-Time
107418,2024-09-27,Clothing,1918.94,9.5,Chattogram,RedX,Cash on Delivery,4.1,3,0,On-Time
100026,2024-08-02,clothing,651.39,31.4,Dhaka,redx,Cash on Delivery,4.3,8,1,On-Time
107258,2023-02-17,beauty,419.87,1.0,Khulna,ecourier,Mobile Banking,4.1,1,1,On-Time
108422,2023-04-28,groceries,389.99,3.7,Dhaka,eCourier,Mobile Banking,3.9,1,1,On-Time
105599,2024-06-28,electronics,8346.29,7.0,Chattogram,Sundarban,Cash on Delivery,4.5,6,1,On-Time
108157,2024-10-15,clothing,5355.86,14.2,Khulna,eCourier,Mobile Banking,4.9,2,0,On-Time
105061,2023-06-07,Grocery,7104.56,3.7,Chattogram,Sundarban,Cash on Delivery,,2,1,On-Time
101550,2023-07-25,Grocery,1051.54,17.5,Chattogram,PATHAO,Cash on Delivery,4.2,4,0,On-Time
104010,2024-01-02,ELECTRONICS,3554.14,13.9,Sylhet,PATHAO,Cash on Delivery,3.5,1,1,On-Time
101528,2024-04-13,Grocery,1470.56,3.9,Dhaka,E-Courier,Mobile Banking,4.2,1,0,On-Time
105232,2024-11-04,clothing,2115.65,,Dhaka,SA Paribahan,Mobile Banking,3.8,3,1,Delayed
105965,2023-01-18,clothing,673.3,22.6,Dhaka,Red X,Cash on Delivery,5.0,1,1,On-Time
106031,2023-11-20,Grocery,422.27,9.9,Dhaka,Red X,Card,4.5,5,0,Delayed
102222,2023-07-25,clothing,2620.84,6.2,Rajshahi,E-Courier,Mobile Banking,4.1,5,0,On-Time
100877,2024-11-17,Grocery,1154.55,1.0,Chattogram,E-Courier,Cash on Delivery,4.1,1,0,Delayed
104136,2024-02-09,Home and Kitchen,2046.01,2.0,Dhaka,Red X,Mobile Banking,4.0,1,1,Delayed
105876,2023-08-21,Grocery,1178.69,27.6,Dhaka,pathao,Mobile Banking,4.7,4,1,On-Time
106782,2024-09-29,clothing,1241.69,11.9,Chattogram,E-Courier,Mobile Banking,4.9,3,1,On-Time
101243,2023-04-03,Groceries,821.07,7.6,Dhaka,Sundorbon,Cash on Delivery,4.4,2,0,On-Time
102231,2024-06-22,clothing,714.74,16.4,Rajshahi,redx,Cash on Delivery,4.8,1,0,On-Time
105636,2024-01-20,Home & Kitchen,1580.37,23.8,Dhaka,Sundarban,Mobile Banking,4.1,3,0,Delayed
103578,2024-01-16,Books,1466.12,27.0,Chattogram,pathao,Cash on Delivery,3.7,5,0,On-Time
101600,2024-11-15,Clothing,4505.95,12.8,Dhaka,S.A. Paribahan,Cash on Delivery,4.4,2,1,On-Time
101045,2023-08-24,electronics,1314.38,53.1,Chattogram,sundarban,Cash on Delivery,4.7,3,0,On-Time
102200,2023-12-23,Home & Kitchen,3543.42,13.0,Dhaka,redx,Cash on Delivery,4.8,3,0,On-Time
101055,2023-03-17,clothing,2017.37,61.3,Dhaka,,Cash on Delivery,3.9,3,0,Delayed
102557,2023-06-05,Groceries,647.77,23.4,Chattogram,sundarban,Card,3.4,1,0,Delayed
101360,2024-09-22,Home and Kitchen,1130.71,2.1,Sylhet,eCourier,Cash on Delivery,3.8,4,1,On-Time
100685,2024-10-02,Home and Kitchen,1120.55,11.0,Dhaka,PATHAO,Cash on Delivery,4.4,2,1,On-Time
100486,2023-12-14,beauty,1876.7,1.0,Chattogram,S.A. Paribahan,Mobile Banking,,1,0,On-Time
107207,2023-05-02,groceries,535.31,25.0,Sylhet,pathao,Cash on Delivery,4.5,1,0,On-Time
101781,2024-01-18,home & kitchen,2225.94,13.5,Dhaka,redx,Cash on Delivery,4.2,2,0,On-Time
104503,2023-09-12,Electronics,2542.72,18.3,Khulna,PATHAO,Mobile Banking,4.2,3,1,On-Time
100541,2023-11-18,electronics,3938.25,29.6,Chattogram,RedX,Card,3.9,6,0,On-Time
103650,2024-12-29,home & kitchen,4706.15,23.0,Rajshahi,eCourier,Card,,5,1,On-Time
108018,2023-04-12,groceries,1029.95,3.2,Dhaka,redx,Card,3.5,4,1,Delayed
103108,2023-01-01,electronics,912.84,37.9,Sylhet,Sundarban,Mobile Banking,4.5,3,1,Delayed
100192,2023-04-19,Books,2059.86,1.6,Sylhet,Sundorbon,Cash on Delivery,4.3,2,0,On-Time
102352,2023-11-06,Clothing,2886.47,1.0,Rajshahi,PATHAO,Card,3.6,2,0,On-Time
101512,2023-08-14,ELECTRONICS,2595.53,1.3,Khulna,SA Paribahan,Cash on Delivery,4.0,2,1,Delayed
100148,2023-02-02,clothing,193.29,10.8,Dhaka,eCourier,Card,3.7,4,1,On-Time
104592,2024-12-04,Clothing,150.0,3.9,Dhaka,E-Courier,Cash on Delivery,3.7,2,0,Cancelled
106012,2023-09-11,Grocery,838.78,7.3,Khulna,Red X,Mobile Banking,3.5,2,1,On-Time
100648,2024-08-23,ELECTRONICS,3609.6,5.0,Chattogram,redx,Mobile Banking,4.3,2,0,On-Time
105883,2023-07-31,Clothing,2031.53,16.1,Chattogram,sa paribahan,Cash on Delivery,4.6,1,0,Delayed
107385,2024-06-21,home & kitchen,,8.7,Chattogram,redx,Cash on Delivery,3.6,3,0,On-Time
106733,2024-12-15,Grocery,2895.0,4.2,Dhaka,eCourier,Cash on Delivery,3.4,2,0,On-Time
106182,2024-09-17,Books,5321.54,5.5,Dhaka,redx,Mobile Banking,5.0,1,1,On-Time
100911,2023-08-22,Home & Kitchen,679.82,12.6,Dhaka,SA Paribahan,Cash on Delivery,4.1,2,1,On-Time
103672,2024-06-26,Groceries,2748.22,19.3,Dhaka,Red X,Mobile Banking,4.0,4,0,On-Time
107482,2023-10-27,Grocery,150.0,14.8,Dhaka,redx,Card,4.2,2,0,Delayed
104032,2023-01-01,home & kitchen,494.48,3.0,Chattogram,SA Paribahan,Mobile Banking,4.1,2,0,On-Time
104441,2023-07-08,Clothing,150.0,3.3,Rajshahi,sa paribahan,Cash on Delivery,4.0,1,1,Delayed
102070,2023-06-29,Beauty,2270.93,5.0,Chattogram,SA Paribahan,Cash on Delivery,4.3,2,1,Delayed
107427,2024-07-06,beauty,1071.08,6.1,Dhaka,PATHAO,Cash on Delivery,3.9,2,1,On-Time
106298,2023-01-13,Clothing,150.0,8.7,Chattogram,Red X,Card,4.6,4,0,On-Time
104945,2023-10-01,Clothing,492.54,11.1,Khulna,RedX,Card,3.2,3,0,Delayed
101974,2024-12-20,electronics,5303.55,34.1,Dhaka,RedX,Card,3.6,1,1,On-Time
101155,2024-05-03,Home and Kitchen,609.29,18.8,Dhaka,Pathao,Mobile Banking,3.9,1,1,On-Time
104089,2024-09-03,Clothing,150.0,24.9,Chattogram,E-Courier,Mobile Banking,4.7,2,0,On-Time
102259,2024-10-03,groceries,761.58,17.7,Dhaka,pathao,Mobile Banking,4.5,2,0,On-Time
100416,2023-04-27,Electronics,2484.34,6.3,Sylhet,redx,Card,4.5,3,1,On-Time
105788,2023-04-30,Clothing,2773.45,20.1,Rajshahi,redx,Card,4.1,5,1,On-Time
100032,2023-05-06,Groceries,928.69,24.6,Chattogram,eCourier,Cash on Delivery,3.9,4,1,Delayed
106226,2024-03-04,Clothing,1100.82,16.7,Khulna,eCourier,Card,3.9,4,0,On-Time
108574,2023-07-21,ELECTRONICS,2741.85,23.2,Dhaka,Pathao,Cash on Delivery,3.6,1,0,Cancelled
106799,2023-10-07,Electronics,645.68,3.8,Chattogram,PATHAO,Cash on Delivery,4.6,1,1,Delayed
103182,2023-06-06,Home and Kitchen,150.0,52.9,Chattogram,eCourier,Cash on Delivery,3.5,2,0,Delayed
105485,2023-10-20,groceries,2212.98,1.8,Dhaka,ecourier,Cash on Delivery,5.0,1,1,On-Time
103438,2024-10-12,ELECTRONICS,1769.17,5.4,Sylhet,S.A. Paribahan,Cash on Delivery,3.6,1,1,On-Time
102148,2024-04-23,Electronics,150.0,1.2,Sylhet,PATHAO,Card,4.4,1,0,On-Time
101569,2024-11-30,Clothing,1645.41,3.0,Sylhet,Pathao,Cash on Delivery,3.6,4,0,On-Time
108622,2024-04-03,ELECTRONICS,1926.28,6.1,Khulna,S.A. Paribahan,Cash on Delivery,3.2,1,0,Delayed
106062,2024-12-12,books,2485.37,7.9,Dhaka,redx,Mobile Banking,4.9,4,1,Delayed
102101,2024-11-24,Clothing,5826.19,4.5,Rajshahi,Sundorbon,Cash on Delivery,4.2,2,1,Cancelled
100310,2024-08-17,books,928.79,30.9,Rajshahi,pathao,Cash on Delivery,3.7,4,0,Delayed
100586,2024-10-05,Clothing,2912.76,31.5,Chattogram,Pathao,Cash on Delivery,4.7,3,0,Delayed
107835,2023-04-23,clothing,4058.21,19.9,Sylhet,Red X,Mobile Banking,3.9,3,0,On-Time
103390,2023-11-28,beauty,,1.0,Dhaka,E-Courier,Card,4.3,1,1,On-Time
104149,2024-10-18,Grocery,2181.98,14.0,Khulna,SA Paribahan,Cash on Delivery,3.9,1,1,On-Time
106544,2023-03-31,Clothing,1498.56,1.0,Dhaka,pathao,Mobile Banking,4.6,3,1,On-Time
104293,2023-12-22,clothing,1108.77,4.8,Dhaka,redx,Cash on Delivery,3.7,1,1,On-Time
100170,2024-05-19,clothing,670.84,1.0,Chattogram,sundarban,Cash on Delivery,3.1,2,0,Cancelled
107443,2023-04-03,beauty,4704.9,2.8,Dhaka,RedX,Mobile Banking,4.1,2,0,On-Time
103934,2023-05-28,Electronics,2520.94,9.4,Chattogram,Pathao,Card,4.3,2,1,On-Time
105362,2023-08-22,beauty,2102.72,10.1,Dhaka,RedX,Mobile Banking,4.5,4,1,On-Time
106041,2024-06-25,clothing,150.0,20.2,Dhaka,RedX,Mobile Banking,3.8,2,1,On-Time
104553,2024-09-11,Groceries,2050.31,,Dhaka,redx,Cash on Delivery,5.0,1,1,On-Time
100423,2024-12-19,electronics,1654.41,75.6,Chattogram,PATHAO,Card,3.0,2,1,Delayed
106988,2024-10-21,Home & Kitchen,5406.81,20.7,Dhaka,Pathao,Cash on Delivery,4.1,3,0,On-Time
104869,2023-02-26,Home & Kitchen,896.02,1.0,Sylhet,E-Courier,Cash on Delivery,4.7,1,0,On-Time
104212,2023-12-14,beauty,2356.54,51.4,Khulna,eCourier,Cash on Delivery,3.9,6,1,Delayed
104586,2023-10-24,beauty,257.7,4.3,Dhaka,PATHAO,Card,5.0,4,1,Delayed
106396,2023-02-03,Electronics,2566.16,26.3,Rajshahi,Pathao,Cash on Delivery,3.8,3,1,On-Time
101087,2023-03-23,clothing,6734.78,8.0,Dhaka,eCourier,Cash on Delivery,3.4,4,1,On-Time
107011,2023-11-27,Electronics,1990.76,18.3,Khulna,Pathao,Card,5.0,3,1,On-Time
105831,2024-07-30,ELECTRONICS,4801.08,14.3,Khulna,ecourier,Cash on Delivery,4.8,2,0,On-Time
107648,2023-10-05,home & kitchen,3237.34,1.0,Rajshahi,Sundorbon,Mobile Banking,4.3,4,0,On-Time
105186,2023-05-30,Groceries,1281.25,31.1,Sylhet,sundarban,Cash on Delivery,4.2,3,1,On-Time
105506,2023-04-18,Grocery,3278.54,6.3,Rajshahi,pathao,Cash on Delivery,5.0,4,1,Delayed
108992,2024-10-14,Clothing,425.27,7.8,Dhaka,S.A. Paribahan,Cash on Delivery,4.3,4,0,On-Time
100291,2024-06-04,Clothing,1777.27,4.0,Sylhet,ecourier,Cash on Delivery,4.4,2,1,On-Time
107579,2023-09-18,Beauty,911.15,25.9,Khulna,Sundorbon,Cash on Delivery,3.8,2,0,Delayed
107474,2023-08-25,clothing,1785.22,30.2,Chattogram,S.A. Paribahan,Mobile Banking,4.0,1,0,On-Time
108437,2024-06-29,groceries,4350.15,7.8,Dhaka,redx,Cash on Delivery,4.5,1,1,Delayed
101260,2023-07-04,clothing,3433.93,11.5,Chattogram,eCourier,Cash on Delivery,4.8,2,1,On-Time
103798,2024-09-14,Clothing,150.0,2.7,Dhaka,redx,Card,4.3,2,1,On-Time
106162,2023-05-06,Clothing,388.48,2.8,Dhaka,pathao,Cash on Delivery,3.7,1,1,Delayed
100323,2024-12-02,Clothing,1101.94,32.2,Dhaka,pathao,Cash on Delivery,4.0,1,0,On-Time
103691,2024-02-29,Home & Kitchen,178.12,1.7,Dhaka,Pathao,Mobile Banking,,2,0,Delayed
107690,2024-10-28,Groceries,816.39,1.0,Dhaka,E-Courier,Cash on Delivery,5.0,2,1,On-Time
105032,2024-08-14,Home and Kitchen,,31.1,Rajshahi,PATHAO,Mobile Banking,4.4,6,0,Delayed
101419,2024-05-31,Clothing,174.66,25.9,Chattogram,Pathao,Card,4.3,2,1,Delayed
100151,2024-12-28,groceries,2123.48,6.4,Khulna,,Cash on Delivery,4.8,3,1,On-Time
104729,2023-01-20,Clothing,1984.33,16.2,Chattogram,E-Courier,Cash on Delivery,3.1,1,0,On-Time
103593,2024-07-04,home & kitchen,6375.39,14.4,Khulna,Sundorbon,Cash on Delivery,4.9,3,0,On-Time
104655,2023-11-11,Clothing,921.75,36.2,Sylhet,S.A. Paribahan,Mobile Banking,3.5,3,1,On-Time
105944,2023-01-31,Home & Kitchen,877.22,4.2,Dhaka,eCourier,Mobile Banking,3.3,3,0,On-Time
100900,2024-02-26,groceries,925.79,,Chattogram,redx,Cash on Delivery,3.5,3,1,On-Time
102527,2023-12-31,Home and Kitchen,2830.07,8.5,Khulna,RedX,Cash on Delivery,3.9,6,0,Delayed
104288,2023-10-03,electronics,10234.24,38.0,Rajshahi,Red X,Card,4.6,2,0,Delayed
106903,2024-05-05,Grocery,3444.61,44.5,Dhaka,pathao,Cash on Delivery,4.2,3,0,On-Time
104795,2024-08-10,clothing,921.74,21.7,Khulna,redx,Mobile Banking,4.3,1,0,On-Time
100345,2024-12-29,groceries,745.12,13.3,Dhaka,RedX,Cash on Delivery,4.3,2,1,Delayed
101883,2024-10-01,electronics,1013.28,17.6,Sylhet,eCourier,Cash on Delivery,3.3,6,0,Delayed
108653,2023-06-21,Groceries,643.67,11.0,Dhaka,redx,Cash on Delivery,4.0,1,0,On-Time
100150,2024-07-09,Home and Kitchen,2153.16,2.9,Khulna,RedX,Cash on Delivery,4.2,6,0,On-Time
106169,2024-11-25,groceries,2693.73,1.6,Dhaka,S.A. Paribahan,Card,5.0,1,0,Delayed
104625,2023-09-16,groceries,1900.71,26.3,Dhaka,redx,Cash on Delivery,4.8,5,1,On-Time
106216,2023-09-02,Electronics,,1.2,Dhaka,pathao,Cash on Delivery,4.3,1,0,On-Time
103062,2023-12-30,Clothing,3466.86,12.8,Khulna,ecourier,Cash on Delivery,4.3,2,0,On-Time
107488,2023-09-15,Electronics,1672.26,1.0,Rajshahi,pathao,Cash on Delivery,3.5,4,0,On-Time
101687,2023-05-02,Electronics,150.0,20.6,Sylhet,Pathao,Mobile Banking,4.2,2,1,On-Time
102499,2023-04-25,clothing,4101.19,,Rajshahi,Pathao,Card,3.8,2,0,On-Time
108737,2023-12-06,clothing,2624.35,4.5,Dhaka,RedX,Cash on Delivery,4.8,2,1,On-Time
105880,2023-01-22,electronics,3713.54,61.3,Dhaka,redx,Card,4.0,2,1,Delayed
100165,2024-04-05,Clothing,2056.62,2.7,Dhaka,Sundorbon,Mobile Banking,3.2,3,1,Delayed
103348,2024-05-09,clothing,4204.31,13.6,Dhaka,redx,Card,3.8,4,0,Delayed
107565,2024-11-24,groceries,662.89,6.6,Sylhet,pathao,Cash on Delivery,3.5,2,1,On-Time
108047,2023-07-14,electronics,1231.92,17.4,Dhaka,S.A. Paribahan,Mobile Banking,3.3,1,1,On-Time
108073,2024-01-16,clothing,557.52,11.0,Rajshahi,RedX,Cash on Delivery,4.1,2,0,On-Time
108140,2024-01-07,groceries,2236.0,7.8,Khulna,sa paribahan,Cash on Delivery,5.0,4,0,On-Time
104601,2024-07-16,Home & Kitchen,477.8,18.1,Chattogram,Sundorbon,Mobile Banking,4.1,3,0,On-Time
107470,2023-12-04,Clothing,2305.83,2.6,Chattogram,PATHAO,Cash on Delivery,4.4,3,0,On-Time
100403,2023-04-19,Electronics,581.24,26.8,Sylhet,sundarban,Cash on Delivery,4.6,1,1,Delayed
105699,2024-04-16,Beauty,1639.34,15.9,Sylhet,E-Courier,Mobile Banking,3.3,3,1,Delayed
108726,2024-09-22,Books,150.0,1.0,Chattogram,ecourier,Cash on Delivery,3.4,4,0,Delayed
103258,2024-12-06,Clothing,2960.89,17.9,Khulna,pathao,Card,5.0,3,0,On-Time
105033,2023-06-27,ELECTRONICS,173.47,27.6,Dhaka,Pathao,Mobile Banking,4.1,2,1,On-Time
107882,2023-12-11,Groceries,5257.6,6.6,Sylhet,PATHAO,Cash on Delivery,4.1,2,0,On-Time
104115,2024-03-12,ELECTRONICS,305.59,5.8,Rajshahi,Red X,Cash on Delivery,4.5,1,0,On-Time
105614,2024-01-20,Clothing,522.8,11.7,Chattogram,sundarban,Cash on Delivery,5.0,2,0,Delayed
102184,2023-12-03,electronics,1472.36,1.1,Dhaka,pathao,Card,4.4,6,0,Delayed
106823,2023-01-16,ELECTRONICS,2833.41,9.3,Rajshahi,pathao,Cash on Delivery,3.2,1,1,On-Time
101255,2023-07-18,electronics,2086.15,8.6,Khulna,eCourier,Cash on Delivery,3.4,3,1,Delayed
100107,2024-10-23,clothing,901.29,1.6,Dhaka,sa paribahan,Cash on Delivery,4.3,2,0,On-Time
107215,2024-02-13,Grocery,4754.95,38.6,Rajshahi,sundarban,Cash on Delivery,4.6,1,1,Cancelled
101617,2023-11-07,Groceries,4058.62,2.0,Dhaka,RedX,Cash on Delivery,4.7,3,0,Delayed
100768,2024-06-04,books,863.31,66.5,Dhaka,redx,Card,3.4,2,1,Delayed
104452,2024-11-26,Electronics,455.07,14.9,Rajshahi,SA Paribahan,Card,4.7,1,0,On-Time
106877,2023-03-10,Electronics,3641.98,2.4,Dhaka,pathao,Card,4.3,2,1,On-Time
106436,2023-11-21,Books,1092.83,22.1,Chattogram,SA Paribahan,Cash on Delivery,4.2,1,1,On-Time
103045,2023-01-11,groceries,505.38,6.8,Chattogram,S.A. Paribahan,Cash on Delivery,4.4,2,0,Delayed
100955,2024-03-16,Clothing,6277.54,3.4,Rajshahi,RedX,Mobile Banking,5.0,4,0,On-Time
101388,2023-09-01,groceries,3538.17,4.7,Dhaka,pathao,Cash on Delivery,3.9,1,1,On-Time
103420,2023-10-14,ELECTRONICS,297.63,26.1,Chattogram,Sundorbon,Cash on Delivery,4.0,1,1,On-Time
106171,2024-11-20,clothing,150.0,15.8,Dhaka,pathao,Cash on Delivery,5.0,3,0,On-Time
103775,2024-09-02,home & kitchen,183.37,19.6,Dhaka,eCourier,Mobile Banking,4.0,4,1,Delayed
101036,2023-08-23,Beauty,4485.32,1.0,Sylhet,sa paribahan,Cash on Delivery,4.8,2,1,Delayed
101992,2023-06-11,groceries,495.02,42.1,Khulna,Pathao,Cash on Delivery,4.1,1,0,Delayed
103483,2024-06-08,Home & Kitchen,1466.15,3.3,Khulna,Red X,Card,4.9,1,1,On-Time
107389,2024-05-26,Electronics,769.95,1.5,Chattogram,redx,Cash on Delivery,5.0,3,0,On-Time
100952,2024-01-03,home & kitchen,693.75,34.9,Khulna,sa paribahan,Mobile Banking,4.3,3,0,On-Time
100993,2024-10-14,Grocery,1825.03,2.9,Dhaka,eCourier,Card,5.0,4,1,Delayed
102337,2024-02-04,Clothing,150.0,1.0,Chattogram,E-Courier,Mobile Banking,3.5,1,1,On-Time
106951,2023-01-03,groceries,150.0,21.5,Dhaka,redx,Mobile Banking,4.2,1,1,On-Time
105573,2024-08-11,Groceries,5389.89,9.6,Sylhet,Sundarban,Mobile Banking,4.6,3,0,On-Time
103651,2023-04-18,electronics,1772.31,6.2,Dhaka,sa paribahan,Card,2.8,4,0,On-Time
103773,2023-05-31,electronics,2714.19,1.8,Dhaka,Pathao,Cash on Delivery,4.3,4,0,On-Time
103352,2023-06-11,Clothing,826.56,1.0,Sylhet,Red X,Cash on Delivery,3.5,1,1,Delayed
104756,2024-01-14,Books,222.44,1.0,Dhaka,SA Paribahan,Cash on Delivery,3.9,2,1,On-Time
100199,2024-12-06,Home and Kitchen,651.76,34.0,Chattogram,redx,Cash on Delivery,3.2,1,0,Delayed
101541,2023-11-05,Home and Kitchen,2224.44,6.7,Sylhet,E-Courier,Cash on Delivery,2.9,1,0,Delayed
107953,2024-05-10,beauty,150.0,8.8,Khulna,Pathao,Cash on Delivery,3.2,2,0,Delayed
103550,2024-03-09,Home and Kitchen,678.19,27.3,Khulna,S.A. Paribahan,Cash on Delivery,3.4,4,1,On-Time
101633,2024-05-08,home & kitchen,1697.97,10.1,Khulna,ecourier,Mobile Banking,5.0,3,1,On-Time
102971,2024-08-08,Beauty,150.0,45.1,Sylhet,redx,Cash on Delivery,3.9,1,0,On-Time
100049,2023-09-06,Electronics,321.23,39.6,Dhaka,PATHAO,Card,4.0,1,1,On-Time
107405,2024-03-18,electronics,,1.1,Rajshahi,Sundorbon,Cash on Delivery,4.4,1,1,Delayed
103241,2023-06-11,Clothing,1323.43,59.4,Dhaka,redx,Cash on Delivery,4.1,2,1,Delayed
101587,2024-11-19,home & kitchen,150.0,12.8,Chattogram,Sundorbon,Card,4.8,2,0,Delayed
102514,2024-09-19,Electronics,251.95,15.9,Chattogram,pathao,Cash on Delivery,4.6,5,0,On-Time
103623,2023-01-23,Home & Kitchen,577.05,17.4,Rajshahi,eCourier,Card,,1,0,On-Time
102236,2024-10-15,ELECTRONICS,892.69,74.1,Dhaka,Sundarban,Mobile Banking,4.6,1,1,Delayed
105286,2024-12-30,Grocery,2668.51,9.4,Dhaka,S.A. Paribahan,Mobile Banking,5.0,3,0,Delayed
106661,2023-04-20,electronics,1394.55,,Sylhet,ecourier,Cash on Delivery,3.7,2,1,On-Time
104079,2024-01-07,electronics,4752.19,21.2,Dhaka,SA Paribahan,Mobile Banking,4.4,1,0,On-Time
102133,2024-04-23,ELECTRONICS,712.11,1.8,Chattogram,PATHAO,Mobile Banking,3.7,3,1,On-Time
102753,2024-06-29,books,8660.42,8.5,Dhaka,eCourier,Mobile Banking,4.3,4,1,On-Time
107931,2023-09-02,Home and Kitchen,3966.27,25.8,Sylhet,PATHAO,Card,3.7,3,0,On-Time
106428,2024-05-26,ELECTRONICS,221.78,32.6,Sylhet,Sundorbon,Mobile Banking,4.6,1,0,Delayed
103153,2024-03-16,Clothing,1283.18,16.4,Dhaka,eCourier,Cash on Delivery,4.1,1,0,On-Time
108152,2024-05-31,beauty,462.92,7.4,Dhaka,ecourier,Mobile Banking,3.5,1,0,On-Time
105456,2023-01-24,home & kitchen,378.11,9.3,Rajshahi,PATHAO,Mobile Banking,4.9,1,0,On-Time
107844,2024-06-22,clothing,315.23,32.4,Dhaka,pathao,Cash on Delivery,4.4,3,1,Delayed
104064,2024-05-12,Electronics,193.86,,Dhaka,redx,Cash on Delivery,4.0,1,0,On-Time
105243,2023-07-27,ELECTRONICS,967.51,19.4,Chattogram,pathao,Cash on Delivery,,1,0,On-Time
103087,2024-10-08,Home & Kitchen,897.22,17.3,Dhaka,E-Courier,Mobile Banking,4.9,4,1,Delayed
102347,2023-04-26,Books,184.38,22.7,Dhaka,pathao,Cash on Delivery,4.7,2,0,Delayed
104698,2024-06-21,Electronics,150.0,14.5,Sylhet,redx,Mobile Banking,3.9,1,0,On-Time
107942,2024-02-08,Clothing,239.78,67.0,Khulna,E-Courier,Cash on Delivery,4.9,3,0,Delayed
103932,2024-07-22,books,1326.79,11.4,Chattogram,S.A. Paribahan,Cash on Delivery,4.6,3,1,On-Time
107528,2024-04-14,electronics,5487.91,14.7,Khulna,pathao,Cash on Delivery,5.0,7,1,On-Time
103480,2023-11-04,Home and Kitchen,797.19,9.3,Khulna,pathao,Card,3.7,3,0,On-Time
105525,2024-05-09,groceries,693.21,16.5,Dhaka,E-Courier,Card,3.0,1,1,Delayed
107754,2023-10-29,Clothing,2759.51,23.1,Dhaka,S.A. Paribahan,Cash on Delivery,4.5,2,0,Delayed
105095,2024-09-20,groceries,707.49,16.2,Dhaka,Sundorbon,Mobile Banking,4.2,2,0,Delayed
103169,2024-09-22,Beauty,1944.67,1.3,Chattogram,redx,Cash on Delivery,3.7,2,0,On-Time
108555,2024-10-31,Groceries,787.36,4.2,Dhaka,redx,Cash on Delivery,2.6,2,1,On-Time
108840,2023-11-12,clothing,3922.29,3.1,Chattogram,Sundorbon,Cash on Delivery,4.1,1,0,On-Time
101370,2023-02-24,books,1731.99,2.0,Dhaka,Pathao,Card,3.9,1,0,On-Time
104533,2023-12-22,Home and Kitchen,1582.72,9.2,Sylhet,sundarban,Card,4.3,2,0,On-Time
102679,2024-10-04,ELECTRONICS,,5.7,Chattogram,Pathao,Cash on Delivery,4.2,3,0,Delayed
108160,2023-12-16,clothing,1352.36,29.0,Khulna,Red X,Mobile Banking,5.0,1,1,On-Time
108656,2024-05-23,electronics,710.79,8.4,Chattogram,PATHAO,Cash on Delivery,3.8,6,0,On-Time
100671,2024-07-01,groceries,564.83,18.8,Sylhet,PATHAO,Card,3.5,4,1,Delayed
107348,2024-03-28,home & kitchen,170.02,1.0,Dhaka,sa paribahan,Mobile Banking,3.6,3,0,On-Time
103404,2024-07-12,beauty,,1.0,Chattogram,Red X,Cash on Delivery,4.4,3,1,On-Time
104465,2024-02-12,Clothing,2576.26,11.6,Rajshahi,sundarban,Mobile Banking,4.0,1,0,Delayed
108575,2024-06-13,beauty,906.39,25.0,Chattogram,PATHAO,Mobile Banking,4.8,2,1,On-Time
100795,2023-12-06,ELECTRONICS,150.0,29.2,Dhaka,PATHAO,Cash on Delivery,3.4,3,0,On-Time
101098,2023-01-14,Electronics,174.89,8.7,Khulna,Pathao,Cash on Delivery,4.4,2,0,On-Time
107071,2024-03-07,Clothing,6420.93,7.3,Dhaka,Red X,Cash on Delivery,4.4,3,0,On-Time
100850,2024-08-10,beauty,1106.16,6.0,Chattogram,RedX,Card,3.7,3,1,On-Time
106507,2023-08-20,home & kitchen,4300.98,4.6,Dhaka,redx,Cash on Delivery,4.4,2,0,On-Time
106751,2024-02-19,ELECTRONICS,2648.82,40.9,Rajshahi,Red X,Mobile Banking,3.2,2,1,Delayed
107308,2023-04-30,clothing,697.68,30.9,Rajshahi,Pathao,Cash on Delivery,3.5,1,1,On-Time
105087,2024-10-06,Home and Kitchen,1027.9,1.0,Dhaka,pathao,Cash on Delivery,4.1,4,0,On-Time
103435,2024-09-07,clothing,1748.71,52.8,Chattogram,redx,Mobile Banking,4.3,2,0,Delayed
107051,2023-05-18,Home and Kitchen,280.36,4.6,Chattogram,Sundarban,Cash on Delivery,5.0,3,1,On-Time
101156,2024-12-24,ELECTRONICS,5708.58,10.4,Khulna,Pathao,Mobile Banking,3.8,4,1,Delayed
106950,2024-04-08,electronics,150.0,19.6,Sylhet,RedX,Cash on Delivery,4.8,2,0,On-Time
106489,2024-05-20,groceries,1088.85,8.7,Rajshahi,pathao,Cash on Delivery,3.6,4,0,Delayed
107545,2023-09-23,Home & Kitchen,1164.62,13.6,Khulna,Red X,Card,4.2,3,0,Delayed
108917,2024-03-28,Home and Kitchen,3346.18,1.1,Dhaka,Sundorbon,Cash on Delivery,5.0,1,1,On-Time
100377,2023-04-17,home & kitchen,1366.91,4.5,Rajshahi,redx,Cash on Delivery,4.9,2,0,On-Time
102386,2023-12-22,books,2267.93,2.1,Dhaka,Pathao,Card,4.1,2,1,Delayed
104926,2024-06-15,ELECTRONICS,150.0,9.2,Dhaka,PATHAO,Cash on Delivery,4.8,5,1,On-Time
107972,2024-05-15,ELECTRONICS,1745.61,29.0,Rajshahi,RedX,Cash on Delivery,4.0,3,0,Delayed
105368,2024-03-18,Beauty,,8.2,Chattogram,Sundarban,Mobile Banking,4.6,3,0,On-Time
104778,2024-05-04,books,228.72,8.6,Sylhet,Pathao,Cash on Delivery,5.0,3,1,Delayed
100308,2024-01-22,electronics,1849.64,1.6,Dhaka,Red X,Cash on Delivery,4.3,2,0,Delayed
104962,2023-11-10,Home and Kitchen,2075.71,26.8,Dhaka,S.A. Paribahan,Card,4.5,3,0,On-Time
101885,2023-11-24,groceries,3073.52,3.8,Dhaka,RedX,Card,3.2,1,0,On-Time
102538,2024-03-27,clothing,3561.66,15.2,Dhaka,SA Paribahan,Mobile Banking,4.1,1,0,On-Time
104693,2024-10-07,electronics,4453.87,1.1,Dhaka,PATHAO,Card,4.5,2,0,On-Time
101060,2023-11-09,electronics,1922.52,26.0,Chattogram,pathao,Card,3.3,1,0,On-Time
106840,2023-05-30,ELECTRONICS,2889.29,5.0,Chattogram,redx,Cash on Delivery,4.5,3,1,On-Time
104536,2023-09-10,Beauty,5586.45,32.7,Khulna,sundarban,Card,3.5,1,1,Delayed
102469,2024-06-22,electronics,2328.47,2.6,Sylhet,pathao,Card,4.0,1,0,On-Time
105457,2023-11-26,beauty,2703.63,26.8,Sylhet,PATHAO,Card,4.5,2,0,On-Time
106739,2023-05-16,clothing,273.34,32.0,Dhaka,eCourier,Card,4.2,2,0,Delayed
105995,2023-03-20,Electronics,6866.85,48.9,Rajshahi,Pathao,Card,4.4,2,1,On-Time
101253,2024-09-22,beauty,1142.35,1.0,Dhaka,Sundorbon,Mobile Banking,4.2,3,1,On-Time
106181,2023-03-01,electronics,3675.45,18.3,Dhaka,Pathao,Cash on Delivery,3.8,3,0,On-Time
107963,2023-09-15,beauty,348.98,,Chattogram,sa paribahan,Mobile Banking,4.2,4,0,On-Time
104666,2024-10-03,home & kitchen,150.0,8.1,Dhaka,pathao,Mobile Banking,4.1,1,0,On-Time
108308,2023-07-26,Home & Kitchen,150.0,6.7,Khulna,RedX,Mobile Banking,4.4,2,0,On-Time
103149,2024-04-07,Electronics,436.1,1.1,Rajshahi,SA Paribahan,Mobile Banking,2.9,1,0,On-Time
101202,2024-06-04,groceries,653.07,54.8,Dhaka,PATHAO,Cash on Delivery,4.3,1,1,Delayed
105568,2023-06-25,Home and Kitchen,4343.49,1.6,Rajshahi,redx,Cash on Delivery,5.0,6,1,On-Time
100778,2023-02-07,groceries,7579.71,32.4,Sylhet,eCourier,Cash on Delivery,4.4,2,0,On-Time
108251,2024-12-21,Home and Kitchen,201.52,1.0,Chattogram,sundarban,Cash on Delivery,4.6,2,0,On-Time
104629,2023-09-25,ELECTRONICS,820.61,1.0,Chattogram,Pathao,Cash on Delivery,4.6,3,0,Delayed
103254,2023-07-18,ELECTRONICS,182.12,15.6,Chattogram,Pathao,Cash on Delivery,4.5,6,1,Delayed
102057,2024-08-19,Clothing,3437.35,10.3,Chattogram,redx,Cash on Delivery,3.4,2,0,Delayed
107238,2023-05-18,Groceries,3089.64,5.8,Dhaka,RedX,Cash on Delivery,3.8,1,0,On-Time
105376,2024-08-08,Groceries,866.69,17.5,Dhaka,Sundorbon,Mobile Banking,3.8,1,0,On-Time
105056,2023-08-02,Groceries,1080.62,11.4,Dhaka,eCourier,Cash on Delivery,4.2,3,0,Delayed
103792,2024-08-13,groceries,4320.02,15.2,Dhaka,S.A. Paribahan,Cash on Delivery,3.4,4,0,Delayed
100776,2023-02-28,Home and Kitchen,940.82,17.4,Dhaka,PATHAO,Mobile Banking,4.7,3,0,Delayed
104296,2023-01-19,electronics,2553.42,22.5,Dhaka,Pathao,Cash on Delivery,4.2,2,1,On-Time
107583,2023-09-23,Grocery,3291.23,30.6,Dhaka,eCourier,Cash on Delivery,4.3,4,1,Delayed
100716,2023-12-01,Electronics,1390.56,21.4,Chattogram,sa paribahan,Cash on Delivery,4.5,3,0,Delayed
104727,2023-11-06,home & kitchen,418.1,22.3,Dhaka,PATHAO,Cash on Delivery,3.8,4,0,On-Time
101877,2024-10-24,ELECTRONICS,1851.13,1.1,Chattogram,Pathao,Mobile Banking,4.9,2,0,On-Time
100643,2023-05-23,Beauty,2055.66,1.2,Dhaka,pathao,Cash on Delivery,4.6,3,1,Delayed
107164,2023-02-12,Home and Kitchen,557.37,21.6,Khulna,Sundarban,Card,4.5,4,1,Cancelled
108009,2023-07-05,clothing,711.6,12.6,Dhaka,S.A. Paribahan,Cash on Delivery,3.4,2,1,On-Time
105462,2024-04-01,Groceries,150.0,1.0,Chattogram,Red X,Mobile Banking,4.4,1,0,Delayed
105802,2024-01-27,home & kitchen,695.64,11.0,Rajshahi,Red X,Cash on Delivery,4.1,2,1,On-Time
105394,2023-09-26,Electronics,1108.63,3.8,Dhaka,S.A. Paribahan,Cash on Delivery,4.9,2,0,Delayed
101682,2024-03-15,Clothing,4963.58,36.0,Sylhet,Red X,Card,4.5,1,0,Delayed
104571,2023-04-12,Grocery,227.43,3.3,Khulna,pathao,Cash on Delivery,5.0,1,0,On-Time
101987,2023-09-18,Groceries,150.0,9.4,Dhaka,SA Paribahan,Card,4.2,2,1,On-Time
103427,2023-12-31,electronics,2115.69,7.9,Chattogram,pathao,Card,3.0,4,0,On-Time
107431,2024-07-05,groceries,3399.03,6.5,Sylhet,Pathao,Card,4.0,2,0,On-Time
105931,2024-02-15,Home and Kitchen,1212.01,1.8,Dhaka,PATHAO,Cash on Delivery,3.6,9,1,On-Time
102195,2023-02-03,clothing,150.0,24.8,Sylhet,eCourier,Cash on Delivery,4.0,1,1,Delayed
102781,2024-09-27,ELECTRONICS,1637.99,8.5,Dhaka,E-Courier,Cash on Delivery,4.2,2,0,On-Time
106866,2023-07-02,Clothing,3113.29,33.2,Sylhet,SA Paribahan,Cash on Delivery,3.8,6,1,On-Time
103812,2024-09-19,electronics,3628.57,8.9,Khulna,Pathao,Cash on Delivery,4.4,3,1,On-Time
107864,2024-03-06,clothing,670.41,29.2,Sylhet,Pathao,Cash on Delivery,4.3,3,1,Delayed
102220,2023-05-09,ELECTRONICS,2759.0,22.9,Dhaka,pathao,Cash on Delivery,4.6,2,1,On-Time
100865,2023-10-10,groceries,814.99,1.0,Dhaka,S.A. Paribahan,Cash on Delivery,5.0,3,1,On-Time
108000,2023-11-18,Beauty,1728.64,37.5,Dhaka,pathao,Mobile Banking,3.4,1,0,On-Time
105350,2023-07-10,groceries,2643.86,5.4,Dhaka,eCourier,Cash on Delivery,4.3,2,1,Delayed
108848,2024-05-15,clothing,1810.75,1.0,Dhaka,pathao,Mobile Banking,4.1,4,0,On-Time
101497,2024-05-07,beauty,1748.37,56.1,Chattogram,Sundarban,Cash on Delivery,4.7,1,1,Delayed
104995,2023-01-03,Beauty,5178.31,2.7,Chattogram,RedX,Mobile Banking,3.3,3,0,On-Time
105058,2024-01-20,ELECTRONICS,1776.49,19.2,Khulna,,Cash on Delivery,4.3,2,1,Delayed
101173,2024-02-19,groceries,1899.96,5.3,Dhaka,PATHAO,Mobile Banking,4.2,3,0,On-Time
101975,2024-08-04,Home and Kitchen,707.46,21.2,Dhaka,RedX,Card,3.9,1,0,Delayed
105339,2023-01-27,Beauty,869.59,10.5,Dhaka,sa paribahan,Cash on Delivery,3.9,3,0,On-Time
100777,2023-12-12,Clothing,150.0,39.7,Dhaka,PATHAO,Cash on Delivery,4.2,1,1,On-Time
100922,2024-05-30,clothing,2055.93,5.2,Khulna,sundarban,Mobile Banking,4.6,1,1,Delayed
107600,2023-09-02,Books,150.0,18.5,Chattogram,Pathao,Cash on Delivery,3.8,1,0,On-Time
107275,2024-03-07,clothing,2340.56,2.2,Dhaka,Sundarban,Cash on Delivery,4.1,3,0,On-Time
106646,2024-04-14,beauty,198.65,24.8,Dhaka,Red X,Card,3.2,1,1,Delayed
108921,2023-01-25,clothing,228.71,9.0,Dhaka,Red X,Cash on Delivery,4.2,1,1,On-Time
103461,2023-11-29,books,1397.41,64.6,Dhaka,pathao,Cash on Delivery,3.3,4,0,Delayed
106463,2024-11-12,ELECTRONICS,581.99,3.6,Rajshahi,sundarban,Cash on Delivery,,1,1,Delayed
101481,2023-11-21,Clothing,2292.52,1.0,Chattogram,Sundorbon,Mobile Banking,3.7,2,1,Delayed
103591,2024-04-25,home & kitchen,4337.47,9.1,Dhaka,RedX,Mobile Banking,5.0,3,0,On-Time
107031,2023-10-24,Clothing,1244.52,4.5,Dhaka,redx,Cash on Delivery,4.5,2,1,On-Time
104747,2024-03-20,Electronics,1769.65,1.0,Chattogram,redx,Cash on Delivery,,1,0,On-Time
102296,2024-02-07,clothing,366.9,2.9,Dhaka,pathao,Card,4.3,4,0,On-Time
104458,2023-01-14,Electronics,150.0,7.0,Sylhet,Pathao,Cash on Delivery,3.7,1,0,On-Time
108871,2024-10-30,Books,2175.49,2.4,Sylhet,RedX,Card,4.8,1,1,On-Time
105490,2024-03-06,Books,5860.83,18.0,Dhaka,sa paribahan,Cash on Delivery,3.9,3,0,On-Time
103372,2023-08-09,Books,150.0,19.5,Dhaka,Sundorbon,Mobile Banking,4.4,3,0,On-Time
104758,2023-06-28,Groceries,150.0,22.7,Chattogram,PATHAO,Cash on Delivery,4.5,1,1,On-Time
101348,2023-04-24,Home and Kitchen,7905.67,13.9,Rajshahi,Pathao,Cash on Delivery,3.5,5,0,Delayed
103374,2024-02-27,books,5153.16,2.0,Dhaka,RedX,Card,4.0,3,0,On-Time
107118,2023-11-15,beauty,743.1,6.3,Dhaka,pathao,Cash on Delivery,3.6,1,1,On-Time
105170,2023-12-13,Electronics,1576.08,8.8,Chattogram,E-Courier,Card,4.1,1,0,On-Time
106092,2024-12-21,Beauty,2565.97,43.7,Sylhet,SA Paribahan,Card,3.8,2,1,On-Time
101195,2023-02-07,Groceries,2546.28,4.5,Dhaka,Sundarban,Cash on Delivery,4.4,2,0,Delayed
102209,2023-02-18,beauty,1911.04,3.8,Dhaka,RedX,Cash on Delivery,4.9,1,1,On-Time
103061,2023-04-05,Clothing,507.46,3.6,Chattogram,Sundorbon,Cash on Delivery,3.4,2,0,On-Time
104444,2024-07-03,electronics,1808.38,30.3,Dhaka,ecourier,Cash on Delivery,4.0,2,0,Cancelled
104922,2024-06-17,books,2016.41,5.9,Chattogram,Red X,Card,4.9,2,0,On-Time
105669,2023-07-27,electronics,6715.83,15.1,Dhaka,PATHAO,Card,3.5,4,1,On-Time
107437,2023-12-08,groceries,2310.49,74.1,Dhaka,S.A. Paribahan,Mobile Banking,4.0,2,1,On-Time
108554,2024-06-11,beauty,492.43,15.8,Dhaka,pathao,Cash on Delivery,3.1,3,1,Delayed
108604,2024-09-12,clothing,1483.32,22.3,Sylhet,ecourier,Mobile Banking,3.4,3,1,On-Time
103060,2024-06-26,Groceries,3814.55,36.1,Khulna,redx,Cash on Delivery,4.9,3,0,Delayed
102109,2023-05-15,Clothing,907.88,94.5,Chattogram,PATHAO,Cash on Delivery,3.8,2,1,Cancelled
102559,2024-06-05,Home & Kitchen,2243.1,7.5,Sylhet,E-Courier,Mobile Banking,4.6,4,0,On-Time
104737,2023-11-13,Grocery,3907.75,35.8,Chattogram,PATHAO,Card,3.5,1,1,On-Time
108749,2023-07-05,Books,2359.26,18.1,Rajshahi,ecourier,Cash on Delivery,4.6,1,1,On-Time
108380,2023-02-24,Clothing,1052.21,21.3,Dhaka,eCourier,Cash on Delivery,3.5,1,0,On-Time
106232,2024-08-17,groceries,4062.55,22.0,Chattogram,pathao,Cash on Delivery,4.4,3,1,On-Time
100999,2024-09-26,Beauty,7101.19,21.5,Sylhet,S.A. Paribahan,Mobile Banking,4.8,3,0,On-Time
102120,2024-10-30,Clothing,860.38,6.2,Dhaka,sa paribahan,Cash on Delivery,3.9,1,1,Delayed
100791,2023-02-04,groceries,308.85,50.7,Chattogram,S.A. Paribahan,Mobile Banking,4.5,1,0,Delayed
105065,2023-04-18,electronics,2140.21,9.5,Dhaka,eCourier,Cash on Delivery,4.2,4,0,On-Time
100752,2024-10-02,electronics,1012.99,16.3,Sylhet,RedX,Cash on Delivery,4.0,2,1,Delayed
105814,2023-11-10,electronics,197.61,1.0,Rajshahi,E-Courier,Cash on Delivery,4.5,1,0,On-Time
106265,2023-06-30,home & kitchen,2579.13,19.2,Khulna,Pathao,Cash on Delivery,4.2,2,1,On-Time
104637,2023-01-09,Grocery,957.62,19.0,Dhaka,Pathao,Mobile Banking,5.0,5,0,On-Time
107286,2023-08-13,Home & Kitchen,165.11,1.0,Dhaka,Pathao,Cash on Delivery,4.0,4,0,Delayed
101356,2023-05-05,clothing,1371.3,2.6,Chattogram,Sundarban,Card,3.1,2,0,On-Time
108800,2024-03-03,Beauty,3744.97,1.5,Chattogram,redx,Cash on Delivery,4.1,1,0,Delayed
108556,2023-11-09,electronics,195.13,4.4,Rajshahi,Sundarban,Mobile Banking,4.5,3,0,Delayed
101514,2023-06-13,Home and Kitchen,1841.16,71.0,Sylhet,RedX,Cash on Delivery,,2,0,On-Time
103256,2024-03-22,Clothing,150.0,7.1,Dhaka,Red X,Cash on Delivery,4.3,2,0,On-Time
107473,2023-09-13,beauty,8737.32,27.0,Rajshahi,PATHAO,Cash on Delivery,3.9,3,1,Delayed
104772,2024-07-04,Groceries,150.0,6.9,Rajshahi,sundarban,Cash on Delivery,4.3,3,0,Cancelled
104005,2024-10-26,Home and Kitchen,1792.33,16.1,Dhaka,pathao,Card,,3,0,Delayed
104800,2023-06-09,clothing,855.37,5.2,Rajshahi,E-Courier,Cash on Delivery,3.8,1,1,On-Time
103855,2023-11-14,Clothing,150.0,2.4,Khulna,S.A. Paribahan,Cash on Delivery,4.5,1,0,Delayed
102444,2023-01-09,electronics,2759.69,4.4,Dhaka,pathao,Cash on Delivery,3.8,3,0,On-Time
104353,2024-01-16,Grocery,2751.69,16.3,Dhaka,PATHAO,Cash on Delivery,4.3,4,0,On-Time
101981,2024-11-03,clothing,3742.05,19.7,Dhaka,Red X,Cash on Delivery,5.0,3,0,Delayed
106210,2024-03-03,Grocery,231.09,4.5,Dhaka,SA Paribahan,Cash on Delivery,4.1,4,0,Delayed
101902,2024-05-14,electronics,2675.25,3.7,Sylhet,RedX,Card,4.4,1,1,On-Time
101080,2024-11-14,Clothing,3810.95,1.0,Dhaka,eCourier,Cash on Delivery,4.3,4,1,Delayed
100477,2023-05-13,electronics,3425.94,30.5,Chattogram,SA Paribahan,Card,5.0,1,0,On-Time
107330,2023-04-03,groceries,258.33,21.7,Sylhet,Red X,Mobile Banking,4.2,4,0,On-Time
102307,2024-06-06,Clothing,12292.44,8.0,Rajshahi,Red X,Cash on Delivery,4.5,2,0,On-Time
107530,2023-09-15,electronics,1348.99,5.0,Rajshahi,redx,Cash on Delivery,4.1,2,1,Delayed
107715,2024-06-29,Beauty,150.0,12.9,Dhaka,RedX,Card,4.4,3,1,On-Time
107570,2023-08-03,clothing,925.37,7.9,Dhaka,Sundarban,Mobile Banking,3.9,1,0,On-Time
107618,2024-01-04,home & kitchen,3008.4,6.5,Dhaka,SA Paribahan,Cash on Delivery,5.0,3,0,On-Time
102281,2024-09-18,Groceries,645.7,1.2,Dhaka,eCourier,Cash on Delivery,3.4,1,0,On-Time
100428,2023-10-04,Books,3329.31,15.7,Dhaka,redx,Cash on Delivery,4.1,2,0,On-Time
101177,2023-10-23,Electronics,150.0,1.4,Dhaka,redx,Cash on Delivery,4.1,1,0,On-Time
107378,2023-01-05,Home and Kitchen,1762.98,42.3,Sylhet,PATHAO,Cash on Delivery,4.6,2,1,On-Time
107485,2024-08-18,groceries,937.34,9.8,Dhaka,RedX,Cash on Delivery,4.5,2,0,On-Time
102011,2023-02-26,groceries,482.16,7.5,Dhaka,Pathao,Mobile Banking,4.0,3,0,On-Time
105296,2024-03-10,beauty,150.0,1.0,Khulna,ecourier,Cash on Delivery,4.1,4,0,On-Time
106856,2023-08-26,Books,1991.88,14.8,Khulna,ecourier,Cash on Delivery,4.6,3,1,On-Time
108941,2024-09-28,clothing,458.31,15.6,Dhaka,Pathao,Cash on Delivery,4.8,2,0,On-Time
104877,2024-07-07,ELECTRONICS,1010.99,5.6,Rajshahi,Red X,Cash on Delivery,4.1,1,0,On-Time
108793,2024-09-15,Home & Kitchen,3711.55,26.5,Dhaka,Pathao,Cash on Delivery,4.3,4,1,On-Time
101517,2023-07-16,clothing,4849.23,58.9,Dhaka,Red X,Mobile Banking,4.8,3,0,On-Time
102250,2023-12-01,clothing,1868.9,11.5,Chattogram,SA Paribahan,Mobile Banking,4.7,5,0,On-Time
103741,2023-09-22,Clothing,1917.83,17.8,Dhaka,Red X,Cash on Delivery,4.2,2,1,On-Time
101134,2023-05-28,Beauty,1259.16,5.2,Dhaka,Red X,Mobile Banking,3.7,4,1,Delayed
104287,2023-02-05,home & kitchen,3714.19,13.7,Dhaka,eCourier,Cash on Delivery,3.8,2,1,On-Time
108504,2023-06-08,home & kitchen,2582.68,8.9,Sylhet,pathao,Cash on Delivery,4.6,1,1,On-Time
108820,2024-02-04,electronics,570.24,,Dhaka,ecourier,Card,3.2,3,0,On-Time
106974,2024-06-27,electronics,2045.19,10.6,Dhaka,PATHAO,Cash on Delivery,3.9,4,0,On-Time
107400,2024-03-21,Clothing,388.4,9.6,Dhaka,Pathao,Cash on Delivery,4.9,3,0,Delayed
104728,2023-03-16,Home and Kitchen,1573.3,4.6,Rajshahi,RedX,Cash on Delivery,3.9,7,1,On-Time
101385,2024-02-15,electronics,766.51,16.5,Sylhet,E-Courier,Cash on Delivery,3.4,5,0,On-Time
104112,2024-08-05,Clothing,580.01,7.8,Chattogram,RedX,Mobile Banking,4.5,1,0,On-Time
102080,2024-11-10,home & kitchen,1194.16,47.5,Dhaka,Sundorbon,Card,3.7,2,1,On-Time
101302,2024-12-02,books,1632.63,5.7,Chattogram,pathao,Cash on Delivery,3.6,7,0,Delayed
108530,2024-03-29,home & kitchen,1154.18,,Chattogram,Sundorbon,Card,5.0,2,0,On-Time
100391,2024-03-16,electronics,150.0,2.6,Sylhet,E-Courier,Cash on Delivery,5.0,1,1,On-Time
104326,2023-12-26,clothing,1676.86,15.0,Sylhet,redx,Cash on Delivery,3.6,4,0,On-Time
105864,2023-02-28,Electronics,1066.59,4.3,Dhaka,pathao,Card,4.2,1,1,On-Time
106788,2023-04-04,clothing,686.44,11.8,Dhaka,pathao,Card,4.7,1,0,On-Time
104301,2024-09-07,books,961.14,40.4,Khulna,Red X,Mobile Banking,3.3,1,0,On-Time
101914,2023-06-29,Home and Kitchen,1202.89,,Chattogram,SA Paribahan,Cash on Delivery,3.5,1,0,Delayed
102620,2023-09-30,home & kitchen,919.39,2.3,Rajshahi,eCourier,Mobile Banking,3.6,2,0,On-Time
106356,2024-02-09,beauty,4139.94,2.1,Dhaka,ecourier,Mobile Banking,4.2,3,0,On-Time
101104,2023-03-21,electronics,1007.86,2.9,Dhaka,E-Courier,Cash on Delivery,5.0,1,0,On-Time
103529,2023-09-05,beauty,588.85,,Khulna,Red X,Cash on Delivery,3.4,1,0,On-Time
103791,2024-12-08,Electronics,1586.51,7.0,Sylhet,Pathao,Cash on Delivery,3.9,2,1,On-Time
105410,2024-10-28,home & kitchen,1873.3,4.5,Dhaka,Sundarban,Card,5.0,2,1,On-Time
108383,2024-10-15,home & kitchen,2284.35,4.1,Dhaka,redx,Card,3.8,2,1,On-Time
108008,2024-12-05,electronics,150.0,1.0,Dhaka,pathao,Card,4.1,1,0,Delayed
104325,2023-08-21,beauty,164.53,44.1,Dhaka,PATHAO,Card,4.1,1,1,On-Time
107951,2023-10-30,clothing,,15.4,Dhaka,pathao,Cash on Delivery,4.1,2,1,Delayed
101234,2024-06-07,electronics,2165.76,10.8,Dhaka,ecourier,Cash on Delivery,4.7,7,1,Delayed
108480,2023-06-22,Electronics,1311.63,29.6,Dhaka,Pathao,Mobile Banking,4.0,1,1,On-Time
107310,2024-07-17,home & kitchen,332.59,6.9,Dhaka,sa paribahan,Cash on Delivery,4.0,2,0,On-Time
104894,2024-08-12,Beauty,685.9,12.3,Khulna,PATHAO,Mobile Banking,4.1,2,0,On-Time
100588,2024-07-24,home & kitchen,1361.24,21.5,Sylhet,redx,Cash on Delivery,4.2,2,0,On-Time
108168,2023-07-01,clothing,5302.05,6.6,Chattogram,sa paribahan,Cash on Delivery,4.0,2,1,On-Time
105805,2023-03-17,Clothing,150.0,3.8,Khulna,eCourier,Mobile Banking,3.2,3,1,On-Time
106126,2024-06-26,Groceries,2841.52,48.4,Dhaka,RedX,Cash on Delivery,5.0,1,1,On-Time
100885,2023-08-08,Home & Kitchen,2446.18,5.1,Chattogram,ecourier,Cash on Delivery,3.9,6,0,Delayed
101881,2023-02-18,Home & Kitchen,511.54,8.2,Khulna,eCourier,Cash on Delivery,4.8,3,0,On-Time
101921,2024-10-08,groceries,746.95,31.3,Dhaka,sa paribahan,Card,4.0,4,1,On-Time
107318,2024-01-24,ELECTRONICS,2618.8,14.2,Dhaka,Pathao,Cash on Delivery,4.6,4,1,Delayed
108733,2023-11-26,Grocery,688.8,5.3,Sylhet,eCourier,Mobile Banking,4.6,2,0,Delayed
104346,2023-03-28,beauty,1325.82,1.3,Chattogram,pathao,Cash on Delivery,4.7,2,0,On-Time
101570,2024-11-12,groceries,252.86,8.4,Dhaka,Sundorbon,Card,3.1,1,0,On-Time
108468,2023-04-30,books,1066.78,10.8,Chattogram,pathao,Cash on Delivery,4.6,3,1,On-Time
101077,2024-01-29,Clothing,1894.59,6.2,Sylhet,RedX,Card,4.5,1,0,Delayed
100052,2024-11-21,Grocery,940.03,21.2,Dhaka,S.A. Paribahan,Cash on Delivery,4.0,1,1,On-Time
105021,2023-12-21,clothing,1873.9,1.0,Rajshahi,Pathao,Card,4.2,1,1,On-Time
108069,2024-11-27,books,2817.73,3.7,Rajshahi,eCourier,Cash on Delivery,3.6,1,0,On-Time
103927,2023-01-20,Beauty,6431.47,5.4,Dhaka,Sundorbon,Cash on Delivery,5.0,4,1,Delayed
102963,2023-01-30,Groceries,1390.78,39.8,Dhaka,RedX,Cash on Delivery,5.0,1,1,On-Time
102003,2024-03-06,clothing,723.0,3.1,Khulna,RedX,Cash on Delivery,4.2,3,1,On-Time
104903,2023-06-16,groceries,625.33,35.2,Dhaka,PATHAO,Mobile Banking,,1,0,Delayed
101847,2023-02-04,Beauty,471.38,12.8,Dhaka,Red X,Card,3.1,5,0,On-Time
106827,2023-01-22,Electronics,2319.81,7.4,Dhaka,PATHAO,Cash on Delivery,4.2,2,0,On-Time
101576,2023-12-06,clothing,2451.92,12.9,Dhaka,ecourier,Card,3.8,5,0,On-Time
101108,2023-03-01,Beauty,5876.43,9.1,Rajshahi,sundarban,Cash on Delivery,4.6,4,0,On-Time
102125,2023-08-17,Groceries,7826.43,8.4,Dhaka,Pathao,Mobile Banking,4.3,3,0,On-Time
105239,2024-10-01,clothing,496.35,1.7,Khulna,Sundarban,Card,5.0,5,0,On-Time
101745,2023-06-29,groceries,3602.91,24.7,Khulna,Sundarban,Mobile Banking,4.5,3,1,Delayed
103257,2023-08-14,Beauty,1115.49,13.0,Rajshahi,sa paribahan,Mobile Banking,3.9,3,0,On-Time
103406,2023-07-10,Clothing,3552.73,3.5,Dhaka,Pathao,Card,3.8,2,1,On-Time
107633,2024-01-10,Beauty,2929.79,13.0,Dhaka,E-Courier,Mobile Banking,4.5,1,1,On-Time
103849,2024-08-31,Beauty,3345.92,15.5,Khulna,ecourier,Card,3.0,2,1,On-Time
100166,2024-09-22,Clothing,2290.09,16.7,Khulna,PATHAO,Cash on Delivery,3.3,4,0,On-Time
103085,2024-03-21,Grocery,652.2,2.5,Dhaka,sundarban,Mobile Banking,4.6,5,0,On-Time
104449,2023-10-20,beauty,4089.57,2.3,Rajshahi,S.A. Paribahan,Cash on Delivery,5.0,2,0,Delayed
103606,2024-06-18,ELECTRONICS,1248.56,31.5,Dhaka,sa paribahan,Mobile Banking,4.7,3,1,Delayed
108813,2023-05-31,Electronics,3129.02,1.0,Chattogram,redx,Cash on Delivery,3.6,2,0,On-Time
108876,2023-12-17,books,4031.84,6.2,Chattogram,E-Courier,Mobile Banking,3.9,4,0,Delayed
107201,2024-10-24,beauty,8737.83,1.0,Dhaka,PATHAO,Cash on Delivery,3.6,1,1,On-Time
105140,2024-07-15,Electronics,179.84,7.0,Dhaka,Red X,Mobile Banking,3.7,4,1,On-Time
105311,2023-10-18,Books,306.14,2.4,Dhaka,eCourier,Mobile Banking,4.0,1,0,On-Time
106802,2024-04-14,Clothing,1809.9,2.5,Dhaka,SA Paribahan,Card,3.4,4,0,On-Time
101910,2024-04-11,Beauty,3956.09,1.0,Chattogram,SA Paribahan,Cash on Delivery,4.0,3,1,On-Time
108411,2023-12-15,Books,4131.49,25.6,Dhaka,Pathao,Cash on Delivery,3.6,1,0,On-Time
103748,2023-10-24,Grocery,545.51,4.2,Dhaka,redx,Cash on Delivery,4.2,2,1,On-Time
103564,2024-07-08,books,2653.55,22.1,Dhaka,pathao,Mobile Banking,,1,1,On-Time
101738,2024-10-16,books,1477.92,20.6,Khulna,ecourier,Cash on Delivery,3.7,1,1,On-Time
105683,2023-05-12,beauty,6554.29,7.5,Chattogram,pathao,Mobile Banking,4.3,2,0,Delayed
104656,2023-01-05,electronics,461.9,10.5,Chattogram,RedX,Mobile Banking,3.6,2,0,On-Time
101264,2023-04-21,Home & Kitchen,1451.18,1.4,Dhaka,S.A. Paribahan,Mobile Banking,3.7,1,0,Delayed
105007,2023-07-17,home & kitchen,1144.6,8.8,Dhaka,S.A. Paribahan,Mobile Banking,4.2,3,1,On-Time
103094,2024-03-11,electronics,2384.11,1.0,Dhaka,SA Paribahan,Cash on Delivery,4.9,1,0,On-Time
106241,2023-06-25,home & kitchen,2227.32,5.2,Sylhet,pathao,Cash on Delivery,3.2,1,0,Delayed
104168,2024-07-23,electronics,152.86,1.6,Chattogram,redx,Cash on Delivery,3.6,3,0,Cancelled
107936,2024-07-09,groceries,3803.94,6.9,Khulna,Red X,Cash on Delivery,5.0,2,0,Delayed
100078,2024-03-28,Home & Kitchen,349.29,16.8,Dhaka,sa paribahan,Cash on Delivery,5.0,2,0,On-Time
108852,2023-10-15,Home & Kitchen,396.49,8.0,Rajshahi,Sundorbon,Cash on Delivery,4.6,5,1,Delayed
108351,2024-10-07,Electronics,2400.43,11.4,Rajshahi,S.A. Paribahan,Card,4.5,1,1,Delayed
105279,2023-05-30,Clothing,1129.98,39.8,Sylhet,E-Courier,Card,3.9,1,0,Delayed
107897,2024-02-20,electronics,6085.89,3.3,Khulna,RedX,Cash on Delivery,3.8,1,1,On-Time
100758,2024-07-18,ELECTRONICS,2662.06,63.1,Dhaka,Pathao,Cash on Delivery,,1,0,Delayed
105735,2023-02-16,books,3017.66,61.9,Rajshahi,pathao,Cash on Delivery,3.7,3,0,On-Time
102570,2023-07-25,clothing,1431.69,25.4,Dhaka,S.A. Paribahan,Cash on Delivery,3.6,2,1,On-Time
105047,2023-10-04,Home and Kitchen,4334.94,10.3,Dhaka,Pathao,Cash on Delivery,4.3,3,0,On-Time
103609,2024-05-26,Groceries,822.23,5.2,Sylhet,redx,Mobile Banking,4.4,1,0,Delayed
106569,2024-02-28,home & kitchen,649.46,4.4,Sylhet,Pathao,Cash on Delivery,4.0,1,0,Delayed
105808,2024-10-27,Books,6710.6,33.5,Chattogram,eCourier,Mobile Banking,3.4,1,0,Delayed
103818,2024-02-25,Clothing,712.6,18.5,Sylhet,E-Courier,Cash on Delivery,4.2,3,0,Delayed
107365,2023-12-06,clothing,3297.4,1.0,Chattogram,sundarban,Cash on Delivery,4.0,2,1,Delayed
104268,2023-01-07,Clothing,813.34,4.1,Rajshahi,pathao,Mobile Banking,3.8,5,0,On-Time
104589,2024-05-16,electronics,625.08,14.7,Rajshahi,RedX,Card,3.8,2,0,Delayed
101931,2024-05-13,electronics,1335.92,20.7,Sylhet,ecourier,Cash on Delivery,3.0,3,0,Delayed
107594,2023-12-26,clothing,1402.61,3.9,Chattogram,E-Courier,Cash on Delivery,3.8,7,1,On-Time
105217,2023-10-11,electronics,4984.4,5.5,Khulna,Sundarban,Cash on Delivery,5.0,1,1,On-Time
108911,2023-03-18,Groceries,3006.01,4.3,Chattogram,redx,Cash on Delivery,,2,1,On-Time
108637,2023-06-11,Grocery,1012.74,15.1,Chattogram,Pathao,Cash on Delivery,4.5,3,0,On-Time
104875,2023-11-10,Electronics,3789.84,1.8,Chattogram,RedX,Card,3.7,2,0,On-Time
107364,2023-02-25,Electronics,4714.8,4.5,Chattogram,Red X,Card,5.0,3,0,On-Time
100595,2024-10-01,books,445.82,7.5,Sylhet,redx,Cash on Delivery,3.9,3,0,On-Time
106943,2024-03-24,Home & Kitchen,1380.17,,Sylhet,Pathao,Cash on Delivery,4.0,1,0,On-Time
103356,2023-06-22,ELECTRONICS,1829.69,7.2,Dhaka,Sundorbon,Cash on Delivery,4.5,3,1,On-Time
108730,2023-12-09,clothing,3655.49,16.8,Dhaka,Sundarban,Cash on Delivery,4.6,2,0,On-Time
101778,2023-07-02,Electronics,1954.2,6.0,Chattogram,redx,Cash on Delivery,4.2,1,0,On-Time
108578,2024-04-01,Beauty,1719.53,8.5,Rajshahi,Sundorbon,Cash on Delivery,4.5,4,1,Delayed
106606,2023-11-25,Clothing,3365.36,7.8,Dhaka,sa paribahan,Card,4.0,3,0,Delayed
100396,2023-09-02,Beauty,1171.44,49.1,Dhaka,E-Courier,Mobile Banking,3.9,2,0,Delayed
102121,2023-10-24,Clothing,302.02,5.9,Khulna,redx,Cash on Delivery,5.0,4,1,On-Time
107914,2023-09-05,Beauty,150.0,36.7,Dhaka,S.A. Paribahan,Cash on Delivery,4.8,1,1,On-Time
101817,2023-06-15,Home & Kitchen,3863.8,7.0,Dhaka,sundarban,Cash on Delivery,3.6,3,0,Delayed
107536,2023-01-27,Beauty,150.0,1.0,Dhaka,Pathao,Cash on Delivery,3.6,3,1,On-Time
101217,2024-12-12,electronics,174.06,21.2,Dhaka,E-Courier,Cash on Delivery,4.1,2,0,On-Time
106649,2023-10-25,clothing,150.0,61.9,Chattogram,Sundarban,Card,4.5,2,1,Delayed
101697,2023-10-18,Beauty,344.24,3.7,Dhaka,pathao,Cash on Delivery,3.8,4,1,On-Time
108680,2024-08-06,Grocery,7512.45,5.9,Rajshahi,sundarban,Cash on Delivery,3.4,2,1,On-Time
105598,2023-02-05,Grocery,1587.94,1.4,Chattogram,S.A. Paribahan,Card,4.5,2,0,On-Time
103117,2024-09-01,ELECTRONICS,1367.62,16.2,Chattogram,Pathao,Cash on Delivery,4.4,2,1,On-Time
102877,2024-06-09,Clothing,1975.04,3.8,Khulna,eCourier,Card,4.2,4,1,On-Time
107471,2024-11-21,Clothing,826.31,15.7,Chattogram,pathao,Mobile Banking,4.1,5,0,On-Time
101064,2024-05-19,Home & Kitchen,441.2,13.8,Dhaka,redx,Cash on Delivery,3.7,2,0,On-Time
106577,2024-07-30,Electronics,238.32,1.0,Rajshahi,redx,Mobile Banking,3.2,1,1,On-Time
104306,2024-08-22,electronics,714.6,12.3,Khulna,Red X,Cash on Delivery,3.8,4,0,On-Time
101254,2024-09-09,Clothing,1462.19,27.6,Khulna,pathao,Cash on Delivery,4.0,2,1,On-Time
105175,2024-06-11,home & kitchen,534.82,22.9,Dhaka,E-Courier,Card,4.4,2,1,On-Time
107756,2023-12-11,clothing,3261.68,5.0,Dhaka,RedX,Card,3.9,1,1,Delayed
102421,2023-02-28,Grocery,10247.61,12.5,Chattogram,ecourier,Card,3.9,2,1,On-Time
101995,2024-08-12,clothing,2400.34,7.4,Dhaka,ecourier,Mobile Banking,3.9,3,0,On-Time
104719,2024-10-24,Home and Kitchen,2303.29,63.4,Dhaka,PATHAO,Cash on Delivery,2.9,1,1,Cancelled
107240,2024-01-01,Home and Kitchen,465.77,1.6,Chattogram,Sundorbon,Cash on Delivery,5.0,1,0,On-Time
108770,2024-04-18,groceries,1583.92,18.8,Chattogram,S.A. Paribahan,Cash on Delivery,4.0,4,0,Delayed
108853,2024-08-23,beauty,811.27,5.6,Chattogram,ecourier,Card,5.0,3,0,On-Time
105071,2024-11-21,ELECTRONICS,8590.1,13.0,Sylhet,redx,Cash on Delivery,4.6,4,1,Delayed
106805,2024-03-13,ELECTRONICS,2113.91,11.8,Dhaka,Pathao,Cash on Delivery,4.7,2,0,On-Time
106482,2023-07-22,ELECTRONICS,150.0,41.1,Dhaka,sa paribahan,Cash on Delivery,3.9,5,1,On-Time
100200,2023-06-26,clothing,6276.05,25.9,Chattogram,Red X,Cash on Delivery,4.0,3,1,Delayed
100004,2023-12-04,Groceries,2894.7,11.0,Dhaka,Sundorbon,Mobile Banking,4.1,1,1,Delayed
105971,2024-06-03,Clothing,150.0,6.7,Chattogram,Sundorbon,Card,4.9,2,1,On-Time
104202,2023-09-24,clothing,703.91,8.3,Sylhet,S.A. Paribahan,Cash on Delivery,5.0,2,0,On-Time
102933,2024-10-12,beauty,1275.51,8.0,Chattogram,Pathao,Cash on Delivery,4.6,4,0,On-Time
107982,2023-03-04,Groceries,150.0,52.4,Sylhet,E-Courier,Cash on Delivery,3.5,1,0,Delayed
106370,2023-01-09,Electronics,150.0,4.7,Dhaka,Pathao,Cash on Delivery,4.4,5,0,On-Time
105419,2024-05-22,ELECTRONICS,639.56,1.0,Rajshahi,Sundorbon,Cash on Delivery,3.6,3,0,Delayed
103901,2024-08-12,electronics,155.32,22.2,Rajshahi,sa paribahan,Cash on Delivery,3.4,3,0,Delayed
108479,2024-12-09,ELECTRONICS,2656.12,15.1,Khulna,S.A. Paribahan,Cash on Delivery,4.4,3,0,Delayed
106874,2024-02-15,groceries,746.12,3.7,Chattogram,pathao,Cash on Delivery,3.0,3,0,On-Time
101797,2023-11-05,Home and Kitchen,1310.03,3.2,Dhaka,PATHAO,Card,4.3,4,0,On-Time
100287,2023-07-02,clothing,4962.18,3.0,Rajshahi,Pathao,Card,4.1,2,0,On-Time
102762,2023-10-23,ELECTRONICS,1483.85,,Dhaka,PATHAO,Cash on Delivery,4.5,3,1,Delayed
107228,2023-07-20,clothing,1058.36,11.8,Rajshahi,redx,Mobile Banking,4.2,1,0,On-Time
102522,2024-11-24,books,2679.8,2.4,Chattogram,sundarban,Cash on Delivery,3.5,3,1,Delayed
102604,2024-12-11,ELECTRONICS,2494.36,8.5,Dhaka,Sundarban,Cash on Delivery,5.0,3,1,Cancelled
104841,2024-12-17,home & kitchen,192.91,19.0,Chattogram,E-Courier,Mobile Banking,3.1,2,1,Delayed
100080,2024-01-16,Electronics,606.86,33.2,Chattogram,E-Courier,Cash on Delivery,4.6,2,1,On-Time
105345,2023-10-28,Electronics,150.0,17.8,Dhaka,sa paribahan,Card,4.7,3,0,On-Time
103776,2024-12-21,Clothing,313.46,6.4,Sylhet,S.A. Paribahan,Cash on Delivery,4.5,2,1,On-Time
106075,2023-02-03,electronics,1618.17,14.1,Khulna,Sundarban,Card,3.9,3,1,Delayed
101363,2024-09-24,groceries,574.7,7.1,Sylhet,RedX,Cash on Delivery,4.5,1,0,Delayed
102729,2024-11-20,ELECTRONICS,1251.15,4.7,Khulna,E-Courier,Cash on Delivery,3.4,3,0,On-Time
101578,2023-11-06,clothing,1161.81,42.3,Dhaka,eCourier,Cash on Delivery,3.7,2,0,On-Time
103034,2023-04-22,Home and Kitchen,2663.48,9.0,Dhaka,sundarban,Cash on Delivery,3.4,1,1,On-Time
102050,2024-06-03,Electronics,150.0,7.3,Dhaka,sundarban,Mobile Banking,4.1,3,1,On-Time
101585,2024-10-12,Beauty,581.33,9.9,Rajshahi,Red X,Mobile Banking,3.1,2,0,On-Time
106291,2024-08-03,clothing,914.3,30.6,Chattogram,Red X,Card,4.6,2,0,Delayed
101533,2024-07-13,books,1460.63,14.0,Khulna,sa paribahan,Cash on Delivery,3.7,2,0,Cancelled
107935,2024-06-04,Home and Kitchen,316.3,20.1,Dhaka,pathao,Card,4.5,2,1,On-Time
100393,2023-08-20,Electronics,2228.47,9.7,Chattogram,Red X,Mobile Banking,3.8,4,0,On-Time
103727,2024-09-21,Clothing,855.26,5.9,Chattogram,Pathao,Cash on Delivery,3.8,1,0,On-Time
107733,2024-07-14,electronics,1424.19,1.5,Rajshahi,PATHAO,Mobile Banking,4.1,1,1,On-Time
103709,2023-11-17,beauty,4015.24,13.1,Dhaka,PATHAO,Mobile Banking,5.0,1,1,Cancelled
104605,2024-05-11,Beauty,1207.82,56.2,Dhaka,pathao,Cash on Delivery,5.0,2,1,On-Time
101543,2024-04-25,Clothing,493.21,1.0,Chattogram,SA Paribahan,Cash on Delivery,4.5,2,1,On-Time
100066,2023-10-01,groceries,2790.18,31.9,Khulna,sundarban,Cash on Delivery,4.9,2,1,Delayed
107918,2024-03-29,Clothing,336.74,14.9,Khulna,redx,Mobile Banking,3.6,5,1,Delayed
103670,2023-06-05,Electronics,2358.33,16.4,Khulna,PATHAO,Cash on Delivery,3.0,4,0,On-Time
104059,2023-09-14,books,150.0,1.0,Sylhet,redx,Cash on Delivery,4.4,2,1,Delayed
103302,2023-07-29,clothing,,14.9,Dhaka,RedX,Cash on Delivery,4.0,1,1,On-Time
107917,2023-01-07,Home & Kitchen,2814.75,13.6,Chattogram,eCourier,Cash on Delivery,5.0,4,0,Delayed
107303,2024-10-31,clothing,3284.42,1.0,Dhaka,RedX,Cash on Delivery,4.7,2,0,On-Time
108239,2023-03-09,Clothing,1236.11,1.0,Dhaka,eCourier,Cash on Delivery,4.5,1,1,On-Time
106045,2023-08-05,ELECTRONICS,1957.38,18.9,Dhaka,Sundarban,Cash on Delivery,5.0,2,0,On-Time
107398,2024-03-04,Groceries,369.29,12.4,Sylhet,Pathao,Cash on Delivery,3.3,2,0,On-Time
102318,2023-06-25,Electronics,2809.99,1.3,Dhaka,Red X,Card,5.0,1,0,On-Time
100228,2023-08-22,Groceries,9611.25,6.7,Rajshahi,ecourier,Mobile Banking,3.9,1,1,On-Time
102229,2024-07-07,groceries,927.63,7.6,Khulna,RedX,Cash on Delivery,4.5,1,1,On-Time
108818,2024-06-27,electronics,2201.85,1.1,Khulna,Sundarban,Cash on Delivery,3.6,1,0,On-Time
108303,2023-04-14,Clothing,1052.95,39.5,Chattogram,PATHAO,Card,4.6,5,0,Delayed
100083,2023-03-14,Groceries,203.59,23.7,Khulna,PATHAO,Cash on Delivery,3.8,2,0,On-Time
103291,2023-10-12,Books,4089.1,26.8,Dhaka,sundarban,Cash on Delivery,2.9,4,0,Delayed
104053,2023-05-18,Electronics,2244.89,12.4,Dhaka,redx,Cash on Delivery,4.6,3,0,On-Time
107382,2024-03-11,Beauty,2147.75,10.0,Chattogram,sa paribahan,Cash on Delivery,4.1,2,0,On-Time
101336,2023-12-13,clothing,1112.85,1.7,Dhaka,,Cash on Delivery,4.4,3,0,On-Time
105548,2024-08-09,electronics,1548.07,9.7,Dhaka,RedX,Cash on Delivery,4.0,1,1,Delayed
104804,2024-07-08,Clothing,2431.56,1.3,Dhaka,Red X,Cash on Delivery,4.3,1,1,Delayed
105466,2023-11-28,groceries,452.33,21.7,Dhaka,Red X,Cash on Delivery,3.0,1,0,On-Time
102649,2024-07-15,clothing,5327.57,10.4,Dhaka,S.A. Paribahan,Cash on Delivery,4.7,1,1,Delayed
101206,2024-10-20,Clothing,1254.53,8.4,Rajshahi,sa paribahan,Mobile Banking,4.2,2,0,Delayed
104750,2023-03-23,Electronics,150.0,33.6,Dhaka,ecourier,Cash on Delivery,4.7,2,1,Delayed
105793,2023-08-01,ELECTRONICS,616.35,19.3,Rajshahi,PATHAO,Cash on Delivery,3.9,2,0,On-Time
100003,2023-04-02,groceries,1403.81,6.6,Dhaka,sundarban,Mobile Banking,4.1,1,0,On-Time
101438,2023-12-05,Clothing,177.52,5.3,Dhaka,,Cash on Delivery,5.0,1,0,On-Time
107368,2023-11-23,home & kitchen,2354.87,9.7,Chattogram,PATHAO,Mobile Banking,4.0,1,0,Delayed
107047,2023-10-13,Clothing,150.0,32.5,Dhaka,Sundarban,Cash on Delivery,2.7,4,0,On-Time
104123,2023-02-14,Clothing,150.0,60.6,Dhaka,Sundarban,Card,3.7,5,0,On-Time
100779,2024-09-28,Home and Kitchen,1273.28,16.1,Dhaka,Red X,Mobile Banking,3.9,2,0,On-Time
108051,2024-01-02,Clothing,2879.63,27.1,Sylhet,RedX,Card,4.8,2,0,On-Time
101555,2023-08-25,ELECTRONICS,4053.55,4.7,Sylhet,RedX,Cash on Delivery,4.4,1,0,On-Time
104706,2023-03-14,Clothing,466.21,8.5,Dhaka,sa paribahan,Card,3.9,1,0,On-Time
106072,2024-12-10,Clothing,213.02,,Dhaka,ecourier,Cash on Delivery,4.4,4,0,Delayed
105818,2023-01-19,ELECTRONICS,771.89,3.4,Dhaka,Sundorbon,Mobile Banking,4.4,1,0,On-Time
108496,2024-02-29,Groceries,2566.54,19.7,Rajshahi,PATHAO,Cash on Delivery,4.1,3,0,On-Time
100506,2023-05-27,electronics,,6.6,Khulna,pathao,Cash on Delivery,3.6,1,0,Delayed
102956,2023-11-02,clothing,1082.02,34.3,Chattogram,eCourier,Mobile Banking,3.2,1,0,On-Time
100963,2023-11-25,Grocery,2508.82,65.5,Dhaka,sa paribahan,Cash on Delivery,3.1,1,0,Cancelled
100476,2024-05-09,home & kitchen,206.07,8.5,Dhaka,S.A. Paribahan,Cash on Delivery,4.1,3,1,On-Time
105660,2023-12-11,groceries,794.85,4.6,Chattogram,eCourier,Card,4.4,2,1,On-Time
102939,2024-01-24,Electronics,2300.39,19.1,Dhaka,eCourier,Mobile Banking,3.9,4,0,Delayed
102274,2024-05-10,beauty,2083.15,13.1,Sylhet,Pathao,Cash on Delivery,4.7,2,0,On-Time
101534,2024-03-11,ELECTRONICS,176.0,8.7,Rajshahi,RedX,Cash on Delivery,4.1,5,0,On-Time
106749,2024-02-18,clothing,5223.38,9.8,Sylhet,Pathao,Mobile Banking,4.4,2,0,On-Time
102099,2023-11-03,Groceries,3841.78,1.2,Rajshahi,Red X,Card,4.1,1,1,Delayed
108615,2023-01-26,Home and Kitchen,2172.99,27.0,Dhaka,pathao,Cash on Delivery,3.8,2,1,Delayed
108190,2024-03-12,Groceries,914.61,8.2,Sylhet,pathao,Cash on Delivery,3.5,3,0,On-Time
107886,2024-10-07,home & kitchen,1776.59,9.4,Khulna,pathao,Cash on Delivery,4.3,2,0,On-Time
102567,2024-01-20,Clothing,203.64,,Chattogram,Red X,Cash on Delivery,3.4,1,0,On-Time
105724,2023-12-06,Electronics,1029.66,15.6,Dhaka,,Card,4.7,4,1,Delayed
101338,2024-01-07,Clothing,2096.8,29.4,Dhaka,ecourier,Mobile Banking,5.0,2,1,On-Time
104062,2024-09-12,Books,2692.7,50.5,Khulna,RedX,Cash on Delivery,4.3,1,1,Delayed
106818,2024-03-19,Beauty,723.03,1.0,Rajshahi,redx,Cash on Delivery,3.7,3,0,On-Time
106167,2024-02-07,clothing,5867.37,9.0,Rajshahi,RedX,Cash on Delivery,4.9,4,0,Delayed
105002,2024-08-25,Electronics,1660.55,19.1,Dhaka,E-Courier,Cash on Delivery,3.5,3,1,Delayed
108280,2023-07-20,groceries,452.68,15.6,Chattogram,Pathao,Cash on Delivery,3.1,1,1,On-Time
101709,2023-02-02,books,1369.05,8.6,Chattogram,SA Paribahan,Cash on Delivery,3.2,4,0,Delayed
108623,2023-05-07,electronics,2060.55,1.7,Dhaka,Pathao,Mobile Banking,4.4,4,0,Delayed
100305,2023-06-09,ELECTRONICS,888.95,5.1,Sylhet,PATHAO,Cash on Delivery,5.0,5,1,On-Time
108567,2024-04-18,Electronics,5768.41,1.0,Dhaka,Sundorbon,Cash on Delivery,3.8,5,0,Delayed
100169,2023-08-30,Clothing,789.36,67.7,Chattogram,eCourier,Cash on Delivery,5.0,3,0,Delayed
104142,2023-09-08,beauty,215.24,1.3,Khulna,PATHAO,Card,3.9,2,0,On-Time
103349,2024-01-05,clothing,2733.53,2.7,Khulna,Red X,Card,4.1,1,1,On-Time
104045,2023-08-22,beauty,,2.2,Rajshahi,redx,Cash on Delivery,3.5,2,0,On-Time
100438,2024-10-06,Home and Kitchen,931.67,9.0,Rajshahi,Red X,Cash on Delivery,3.4,1,1,On-Time
107658,2024-12-18,Beauty,1669.46,1.9,Chattogram,Pathao,Card,3.9,2,1,On-Time
106537,2024-09-03,Grocery,150.0,1.0,Chattogram,Red X,Cash on Delivery,4.0,2,1,On-Time
102631,2024-03-14,books,2363.71,12.6,Rajshahi,pathao,Mobile Banking,3.1,4,0,On-Time
106713,2023-02-27,clothing,401.65,3.2,Dhaka,Red X,Card,3.6,3,0,Delayed
103601,2023-09-08,Groceries,1383.01,102.4,Chattogram,ecourier,Mobile Banking,3.9,3,1,Delayed
100275,2024-11-30,Home and Kitchen,1269.2,5.2,Dhaka,RedX,Cash on Delivery,4.0,1,1,On-Time
103664,2024-06-02,Groceries,949.74,41.8,Khulna,pathao,Cash on Delivery,3.6,3,0,On-Time
108937,2023-01-12,home & kitchen,3546.75,1.0,Dhaka,S.A. Paribahan,Card,5.0,1,1,On-Time
103972,2023-11-22,electronics,2741.79,14.5,Chattogram,SA Paribahan,Mobile Banking,4.3,7,1,On-Time
100152,2024-08-08,Electronics,3664.07,6.4,Khulna,Sundorbon,Card,3.4,4,1,Delayed
105854,2023-01-01,Clothing,1760.04,4.2,Dhaka,S.A. Paribahan,Cash on Delivery,3.1,3,1,Delayed
100677,2024-05-05,Books,886.29,4.8,Sylhet,sa paribahan,Card,4.6,3,0,Cancelled
103860,2024-05-29,Beauty,3493.74,18.3,Chattogram,PATHAO,Card,4.2,6,1,On-Time
100145,2024-05-13,Beauty,181.16,84.1,Dhaka,eCourier,Card,4.4,1,0,Delayed
101503,2023-06-19,beauty,150.0,5.6,Rajshahi,ecourier,Card,4.7,2,0,On-Time
104834,2024-06-16,Books,1735.15,1.0,Dhaka,PATHAO,Cash on Delivery,3.5,2,0,Delayed
104690,2024-12-24,clothing,151.18,2.3,Dhaka,PATHAO,Cash on Delivery,4.9,2,0,On-Time
103697,2024-11-03,beauty,940.34,1.3,Dhaka,sa paribahan,Cash on Delivery,4.7,3,0,On-Time
107366,2024-07-23,clothing,961.56,12.8,Chattogram,Red X,Card,4.1,5,1,On-Time
108101,2023-06-07,Clothing,1944.2,30.5,Chattogram,PATHAO,Cash on Delivery,4.6,1,0,Cancelled
105184,2024-06-01,Home and Kitchen,358.37,17.0,Dhaka,pathao,Cash on Delivery,4.5,2,1,On-Time
106094,2023-05-24,Beauty,966.02,17.6,Khulna,eCourier,Mobile Banking,4.2,3,0,On-Time
108765,2024-12-10,clothing,4234.58,2.5,Sylhet,sundarban,Card,5.0,2,1,Delayed
101827,2023-05-14,Groceries,6080.97,11.0,Chattogram,E-Courier,Mobile Banking,4.8,2,1,Delayed
107109,2023-05-05,groceries,3715.84,8.0,Chattogram,sundarban,Cash on Delivery,4.0,1,1,On-Time
106027,2024-02-05,Groceries,504.63,30.9,Rajshahi,S.A. Paribahan,Cash on Delivery,3.8,5,1,Delayed
100437,2023-01-20,Clothing,1242.04,13.3,Dhaka,eCourier,Card,2.6,3,1,On-Time
108006,2024-03-08,groceries,662.36,1.9,Sylhet,E-Courier,Cash on Delivery,4.9,2,1,On-Time
107706,2024-04-11,ELECTRONICS,619.24,12.5,Dhaka,S.A. Paribahan,Cash on Delivery,4.4,3,1,On-Time
106295,2023-03-05,Clothing,2519.41,2.0,Dhaka,Red X,Cash on Delivery,,3,0,On-Time
104934,2024-04-19,ELECTRONICS,1890.89,8.7,Chattogram,SA Paribahan,Cash on Delivery,4.0,4,0,Cancelled
107911,2023-04-08,ELECTRONICS,9588.66,35.7,Rajshahi,Sundorbon,Cash on Delivery,4.0,4,0,Delayed
107188,2023-08-09,Electronics,,8.2,Dhaka,RedX,Cash on Delivery,5.0,4,1,On-Time
105486,2023-01-01,beauty,8753.28,35.8,Rajshahi,PATHAO,Card,4.3,2,0,On-Time
100274,2024-02-20,Grocery,3096.24,8.4,Sylhet,RedX,Card,3.5,2,0,Delayed
102053,2023-09-17,Electronics,231.57,27.7,Dhaka,PATHAO,Cash on Delivery,3.6,4,0,On-Time
108859,2024-08-17,Groceries,162.36,29.8,Dhaka,Red X,Mobile Banking,3.6,1,1,On-Time
104608,2024-11-26,Grocery,1852.37,37.2,Dhaka,E-Courier,Mobile Banking,4.5,3,0,On-Time
108170,2023-01-06,beauty,287.05,3.5,Dhaka,sundarban,Mobile Banking,4.8,4,0,On-Time
101083,2023-06-03,books,1673.4,18.7,Khulna,Sundarban,Cash on Delivery,3.0,1,1,Delayed
100851,2023-03-04,electronics,1008.65,6.6,Khulna,Sundorbon,Cash on Delivery,3.5,3,0,On-Time
101844,2024-07-16,Grocery,1043.28,,Chattogram,redx,Cash on Delivery,5.0,1,1,Delayed
101075,2024-04-28,clothing,1493.07,20.3,Dhaka,Sundorbon,Cash on Delivery,2.9,4,0,Delayed
100040,2023-01-28,Electronics,307.83,17.3,Dhaka,pathao,Mobile Banking,5.0,1,1,On-Time
106342,2023-03-16,Groceries,5048.66,5.3,Dhaka,RedX,Card,3.1,5,1,On-Time
104583,2024-11-10,electronics,691.21,9.0,Khulna,Pathao,Cash on Delivery,3.6,3,0,Delayed
103139,2023-12-12,Groceries,2666.53,1.0,Dhaka,eCourier,Card,4.0,4,0,On-Time
103064,2023-03-26,Clothing,150.0,,Dhaka,Red X,Cash on Delivery,3.9,1,0,On-Time
100349,2024-02-17,clothing,4195.85,1.0,Dhaka,sa paribahan,Cash on Delivery,3.5,1,0,Delayed
101070,2023-11-27,Clothing,642.81,13.9,Dhaka,sa paribahan,Cash on Delivery,3.7,1,1,On-Time
108483,2024-08-22,groceries,771.51,10.3,Dhaka,sa paribahan,Cash on Delivery,3.5,1,0,On-Time
105783,2023-06-23,home & kitchen,482.39,7.1,Chattogram,PATHAO,Cash on Delivery,4.2,3,1,On-Time
104451,2023-01-22,ELECTRONICS,3520.82,1.6,Dhaka,ecourier,Cash on Delivery,3.4,1,0,On-Time
105266,2024-04-26,electronics,511.05,17.6,Chattogram,PATHAO,Card,4.2,2,1,On-Time
106897,2023-11-18,Clothing,197.49,,Rajshahi,PATHAO,Cash on Delivery,4.2,6,0,On-Time
108066,2024-06-23,electronics,2123.82,3.1,Chattogram,eCourier,Cash on Delivery,4.7,1,0,Delayed
105473,2024-10-11,clothing,228.95,5.1,Sylhet,pathao,Cash on Delivery,4.3,1,0,On-Time
106593,2023-03-10,ELECTRONICS,6212.3,23.4,Rajshahi,pathao,Mobile Banking,3.6,6,1,On-Time
107833,2023-09-08,electronics,150.0,4.2,Chattogram,S.A. Paribahan,Cash on Delivery,4.5,4,0,Delayed
105898,2024-08-20,groceries,1887.37,1.0,Sylhet,eCourier,Cash on Delivery,4.6,3,0,Delayed
105347,2024-04-21,ELECTRONICS,646.46,6.5,Chattogram,sundarban,Cash on Delivery,3.3,1,0,Delayed
105963,2023-11-24,electronics,150.0,13.5,Chattogram,E-Courier,Card,3.6,2,1,On-Time
105675,2024-10-02,clothing,1179.22,6.8,Khulna,Sundorbon,Cash on Delivery,4.3,1,1,Delayed
103286,2023-11-24,home & kitchen,2386.5,19.1,Khulna,Pathao,Cash on Delivery,4.3,2,1,On-Time
108796,2024-10-10,ELECTRONICS,567.18,10.3,Dhaka,Sundorbon,Cash on Delivery,3.6,2,0,On-Time
107544,2023-07-28,home & kitchen,2145.3,28.3,Dhaka,SA Paribahan,Card,4.3,1,0,On-Time
100315,2023-02-22,Grocery,5591.04,17.2,Dhaka,eCourier,Card,3.6,3,0,On-Time
106632,2024-07-12,Clothing,625.36,1.3,Sylhet,SA Paribahan,Cash on Delivery,3.7,2,0,On-Time
107967,2023-04-29,clothing,771.33,7.2,Sylhet,Red X,Card,4.6,4,1,On-Time
103771,2024-12-16,Grocery,4482.48,2.4,Dhaka,Sundorbon,Cash on Delivery,4.0,1,0,On-Time
107235,2024-12-10,ELECTRONICS,875.02,13.3,Khulna,E-Courier,Mobile Banking,3.5,3,0,On-Time
102975,2023-03-30,home & kitchen,683.4,26.6,Khulna,Pathao,Cash on Delivery,4.1,4,1,On-Time
105889,2024-04-19,Books,150.0,11.4,Dhaka,SA Paribahan,Cash on Delivery,4.5,1,0,On-Time
103453,2023-11-24,home & kitchen,349.84,7.9,Sylhet,Sundorbon,Card,3.4,1,0,Delayed
102927,2023-07-28,Clothing,459.78,11.8,Chattogram,sundarban,Card,3.6,3,0,Delayed
103454,2023-02-04,clothing,3316.66,2.3,Dhaka,Sundarban,Cash on Delivery,4.6,1,1,On-Time
108854,2023-06-05,Home and Kitchen,,1.2,Chattogram,ecourier,Mobile Banking,3.6,4,0,On-Time
102429,2024-03-25,Electronics,2209.24,3.8,Khulna,redx,Card,3.5,3,0,On-Time
105213,2023-05-03,clothing,3827.57,12.9,Sylhet,,Cash on Delivery,4.8,4,0,On-Time
102224,2023-08-13,Groceries,422.37,8.7,Dhaka,Sundorbon,Mobile Banking,4.2,2,1,On-Time
100915,2023-01-24,clothing,391.88,1.9,Sylhet,E-Courier,Cash on Delivery,4.6,4,0,On-Time
101166,2024-03-27,Grocery,2514.56,11.2,Dhaka,Sundarban,Cash on Delivery,3.7,1,1,Delayed
104391,2024-07-12,electronics,1878.28,15.2,Dhaka,pathao,Cash on Delivery,3.8,2,0,On-Time
104388,2024-04-27,clothing,4099.01,14.6,Dhaka,pathao,Cash on Delivery,3.4,1,0,On-Time
107608,2024-12-06,Clothing,897.85,5.7,Khulna,S.A. Paribahan,Mobile Banking,4.1,3,0,On-Time
105158,2023-03-03,groceries,882.16,13.8,Dhaka,Pathao,Cash on Delivery,3.8,1,1,Delayed
100652,2023-06-17,groceries,5790.45,2.6,Dhaka,sundarban,Cash on Delivery,4.2,1,0,Delayed
102040,2024-09-08,Clothing,155.91,,Dhaka,ecourier,Mobile Banking,4.0,1,0,Delayed
105069,2023-06-17,beauty,2104.01,3.4,Dhaka,pathao,Mobile Banking,4.4,3,0,On-Time
100500,2023-02-17,Home & Kitchen,1218.13,42.3,Dhaka,Pathao,Cash on Delivery,5.0,2,1,On-Time
107854,2024-12-21,clothing,1340.36,7.2,Rajshahi,S.A. Paribahan,Cash on Delivery,4.9,2,1,On-Time
101583,2024-10-24,home & kitchen,2281.99,3.2,Dhaka,SA Paribahan,Cash on Delivery,4.4,4,1,Delayed
106015,2024-04-27,Home & Kitchen,189.87,,Rajshahi,RedX,Card,4.1,7,0,On-Time
102972,2023-01-17,Home and Kitchen,150.0,18.3,Khulna,Sundorbon,Mobile Banking,4.2,3,1,On-Time
101478,2024-12-10,Books,1761.77,11.9,Sylhet,Sundorbon,Cash on Delivery,3.9,3,0,On-Time
105685,2023-03-08,Clothing,150.0,16.4,Dhaka,ecourier,Cash on Delivery,4.1,4,1,On-Time
108771,2023-01-22,books,,19.4,Khulna,pathao,Card,5.0,3,0,On-Time
100137,2023-08-14,Groceries,564.05,8.3,Chattogram,Pathao,Cash on Delivery,4.6,2,0,On-Time
103321,2024-10-01,Home and Kitchen,877.67,2.0,Dhaka,PATHAO,Cash on Delivery,4.4,1,0,On-Time
100442,2023-06-06,Electronics,680.75,31.4,Chattogram,Sundarban,Cash on Delivery,4.6,1,0,Delayed
106290,2024-04-03,beauty,221.45,1.0,Dhaka,pathao,Card,4.3,3,0,On-Time
101880,2023-11-20,groceries,5457.97,22.1,Khulna,RedX,Cash on Delivery,4.7,2,0,On-Time
106664,2024-02-15,Beauty,4829.18,24.2,Sylhet,Pathao,Cash on Delivery,2.9,2,1,Delayed
105054,2024-01-03,Clothing,1083.76,31.9,Dhaka,redx,Cash on Delivery,4.4,2,0,On-Time
102160,2024-05-22,Home and Kitchen,4161.6,47.4,Dhaka,Sundorbon,Cash on Delivery,4.2,6,1,Delayed
103463,2023-02-23,Groceries,718.39,54.5,Dhaka,Red X,Cash on Delivery,3.7,2,1,Delayed
107965,2024-08-27,Home & Kitchen,439.26,15.4,Dhaka,E-Courier,Card,4.1,7,1,On-Time
104779,2023-09-27,clothing,1101.29,10.3,Dhaka,pathao,Mobile Banking,2.7,2,0,On-Time
108202,2024-06-11,Clothing,1852.98,1.0,Khulna,,Mobile Banking,3.9,5,0,On-Time
103488,2024-06-18,Clothing,577.3,7.5,Sylhet,SA Paribahan,Cash on Delivery,3.7,2,1,On-Time
102396,2023-05-12,groceries,187.81,16.3,Sylhet,PATHAO,Cash on Delivery,3.3,3,0,On-Time
102306,2023-10-21,clothing,368.33,6.3,Khulna,Sundorbon,Cash on Delivery,3.1,1,0,On-Time
101734,2023-12-19,beauty,4346.28,59.0,Dhaka,Sundarban,Cash on Delivery,4.4,2,0,Delayed
101016,2023-07-10,Books,1935.88,7.3,Dhaka,Red X,Cash on Delivery,3.2,7,1,Delayed
100388,2024-09-02,Electronics,2480.43,5.0,Khulna,Sundorbon,Mobile Banking,3.0,2,1,Cancelled
102432,2024-09-04,clothing,2877.35,35.3,Chattogram,sundarban,Card,4.3,1,1,On-Time
102481,2024-11-20,Home and Kitchen,2313.23,11.8,Dhaka,SA Paribahan,Cash on Delivery,4.1,2,0,On-Time
102449,2023-11-12,Clothing,300.88,1.8,Rajshahi,PATHAO,Mobile Banking,3.9,2,0,Delayed
107923,2024-09-23,home & kitchen,489.99,21.4,Khulna,PATHAO,Mobile Banking,3.0,1,1,Delayed
100611,2024-04-26,clothing,411.15,1.0,Sylhet,SA Paribahan,Mobile Banking,4.5,1,0,On-Time
107906,2024-09-14,Beauty,923.18,2.2,Chattogram,sa paribahan,Cash on Delivery,3.9,2,1,Delayed
106048,2023-04-13,Home & Kitchen,,2.3,Dhaka,Pathao,Cash on Delivery,4.4,6,0,On-Time
104699,2024-08-23,Beauty,8362.6,5.4,Chattogram,RedX,Cash on Delivery,,2,0,Delayed
100807,2024-07-14,groceries,325.6,27.1,Dhaka,ecourier,Card,4.0,1,1,Delayed
100081,2023-03-17,Clothing,1844.86,30.2,Dhaka,redx,Cash on Delivery,3.6,1,0,Delayed
100907,2023-07-20,beauty,150.0,1.0,Dhaka,redx,Cash on Delivery,4.4,3,0,On-Time
107830,2024-07-14,Clothing,2314.49,9.7,Khulna,Red X,Cash on Delivery,3.9,2,0,On-Time
101973,2023-05-17,groceries,4093.26,11.3,Rajshahi,Sundarban,Card,3.4,4,1,Delayed
104711,2023-05-20,Beauty,3239.06,14.1,Dhaka,Sundorbon,Cash on Delivery,4.9,3,1,Delayed
108836,2023-03-24,ELECTRONICS,845.03,28.6,Khulna,sundarban,Cash on Delivery,4.1,2,0,Delayed
102459,2023-06-02,clothing,7856.97,27.1,Dhaka,sundarban,Mobile Banking,4.6,4,0,Delayed
107381,2024-12-15,clothing,2516.94,2.9,Rajshahi,PATHAO,Cash on Delivery,4.0,2,0,On-Time
101982,2024-03-17,Groceries,301.26,3.7,Chattogram,RedX,Mobile Banking,2.9,2,0,Cancelled
106385,2024-02-19,books,150.0,1.0,Sylhet,Sundarban,Cash on Delivery,4.7,1,0,On-Time
103629,2023-10-07,home & kitchen,150.0,1.0,Khulna,pathao,Mobile Banking,3.8,2,0,On-Time
102865,2023-06-01,clothing,150.0,1.0,Rajshahi,sundarban,Mobile Banking,5.0,4,0,On-Time
106842,2023-04-09,Home and Kitchen,485.27,3.9,Chattogram,Sundarban,Cash on Delivery,4.3,2,0,On-Time
102246,2024-10-17,ELECTRONICS,4066.38,8.3,Dhaka,PATHAO,Mobile Banking,4.2,3,1,On-Time
100087,2023-12-05,beauty,654.67,5.3,Dhaka,RedX,Card,3.2,1,1,On-Time
100284,2023-07-17,electronics,845.12,13.4,Khulna,eCourier,Cash on Delivery,3.8,1,0,On-Time
106640,2024-04-02,ELECTRONICS,1244.32,6.9,Dhaka,ecourier,Mobile Banking,4.4,1,1,On-Time
106309,2023-11-03,Home and Kitchen,3713.33,9.9,Khulna,PATHAO,Cash on Delivery,3.6,4,0,On-Time
103295,2023-08-27,Clothing,2494.58,16.1,Dhaka,E-Courier,Mobile Banking,4.2,4,0,On-Time
105185,2023-06-21,Groceries,434.22,22.6,Chattogram,sundarban,Cash on Delivery,4.0,1,0,Delayed
107261,2023-07-18,Grocery,150.0,9.3,Dhaka,pathao,Cash on Delivery,5.0,3,1,Delayed
104392,2023-02-07,Clothing,277.23,9.6,Dhaka,Red X,Card,3.9,4,0,On-Time
102041,2024-09-28,clothing,903.77,15.9,Rajshahi,S.A. Paribahan,Cash on Delivery,4.7,2,0,On-Time
101032,2024-10-10,clothing,731.98,51.2,Dhaka,Sundorbon,Mobile Banking,3.1,1,0,On-Time
100962,2024-03-26,Home & Kitchen,1108.55,43.4,Chattogram,sa paribahan,Mobile Banking,,4,0,On-Time
101423,2024-07-12,groceries,6222.5,59.6,Chattogram,PATHAO,Cash on Delivery,3.9,3,0,Delayed
101759,2024-09-05,Clothing,1984.41,5.9,Dhaka,S.A. Paribahan,Cash on Delivery,3.9,2,1,Delayed
102010,2023-01-14,ELECTRONICS,363.44,5.1,Dhaka,S.A. Paribahan,Cash on Delivery,5.0,3,0,Delayed
106097,2023-07-09,books,3997.14,8.3,Khulna,RedX,Cash on Delivery,4.3,1,0,Delayed
100638,2024-01-28,Electronics,5387.74,1.8,Khulna,ecourier,Cash on Delivery,5.0,1,1,Delayed
106926,2024-07-05,ELECTRONICS,1717.96,14.9,Khulna,PATHAO,Mobile Banking,4.6,1,0,Cancelled
100714,2023-11-07,beauty,1674.51,22.0,Chattogram,eCourier,Card,4.3,3,1,Delayed
104109,2023-10-31,electronics,1270.69,6.1,Khulna,RedX,Cash on Delivery,4.5,1,0,On-Time
107096,2024-02-16,ELECTRONICS,667.17,8.4,Dhaka,S.A. Paribahan,Mobile Banking,4.8,2,0,On-Time
105010,2023-08-21,beauty,2622.28,20.1,Dhaka,Red X,Cash on Delivery,4.7,3,0,On-Time
102135,2024-07-31,Beauty,1037.13,2.7,Khulna,pathao,Mobile Banking,3.1,5,1,On-Time
108133,2024-12-12,Beauty,2498.65,10.2,Dhaka,Red X,Cash on Delivery,3.0,2,0,On-Time
103383,2023-05-16,Home and Kitchen,1197.56,5.5,Chattogram,RedX,Cash on Delivery,3.9,1,0,On-Time
108571,2024-08-29,ELECTRONICS,391.59,7.4,Dhaka,sa paribahan,Cash on Delivery,4.5,1,1,On-Time
103769,2023-04-10,Electronics,1247.6,22.0,Chattogram,E-Courier,Card,4.0,1,1,On-Time
106334,2024-05-03,electronics,961.42,11.3,Dhaka,ecourier,Mobile Banking,3.8,1,1,Delayed
103459,2024-10-21,Electronics,150.0,7.1,Dhaka,S.A. Paribahan,Cash on Delivery,4.9,3,1,On-Time
106450,2023-03-22,clothing,,22.3,Rajshahi,sa paribahan,Cash on Delivery,,2,0,On-Time
106983,2024-11-13,Grocery,963.52,10.2,Khulna,redx,Mobile Banking,4.3,1,1,On-Time
102846,2024-03-15,beauty,678.5,9.0,Chattogram,SA Paribahan,Card,4.2,3,0,On-Time
107416,2023-04-05,ELECTRONICS,3212.59,10.5,Khulna,Pathao,Cash on Delivery,4.1,3,0,Delayed
100001,2024-12-04,electronics,3055.77,14.6,Rajshahi,S.A. Paribahan,Mobile Banking,4.9,4,0,On-Time
100409,2024-10-15,Home and Kitchen,385.61,1.0,Rajshahi,ecourier,Card,3.0,1,0,Cancelled
103316,2024-09-30,Electronics,3585.07,17.9,Dhaka,sundarban,Cash on Delivery,3.9,4,0,Delayed
108011,2024-09-17,electronics,150.0,12.6,Dhaka,pathao,Mobile Banking,3.6,3,0,On-Time
107294,2024-04-19,ELECTRONICS,2074.79,3.6,Dhaka,S.A. Paribahan,Card,4.3,2,1,Delayed
105984,2023-09-21,Home and Kitchen,426.65,15.1,Dhaka,PATHAO,Card,3.3,3,1,On-Time
108543,2024-03-11,Clothing,3318.43,28.0,Dhaka,PATHAO,Cash on Delivery,3.7,4,1,Delayed
104893,2024-07-03,ELECTRONICS,442.98,27.1,Dhaka,sundarban,Card,4.6,2,0,Delayed
104807,2023-03-06,Groceries,353.37,11.2,Dhaka,Sundarban,Cash on Delivery,3.5,2,0,Delayed
105421,2023-05-07,Grocery,188.31,19.6,Chattogram,redx,Cash on Delivery,4.5,3,1,On-Time
100073,2023-04-21,Electronics,2712.08,1.5,Rajshahi,redx,Card,4.4,3,0,On-Time
105314,2023-10-05,clothing,1335.36,5.3,Chattogram,sa paribahan,Card,2.9,2,1,On-Time
101567,2024-10-13,beauty,997.31,9.4,Khulna,Sundarban,Cash on Delivery,4.4,1,0,Delayed
103960,2024-04-27,ELECTRONICS,192.21,1.0,Chattogram,Sundorbon,Cash on Delivery,2.5,1,0,Delayed
107944,2023-03-12,Clothing,4368.55,53.8,Khulna,Pathao,Card,4.4,2,1,On-Time
105721,2023-10-18,ELECTRONICS,1040.92,11.0,Dhaka,E-Courier,Mobile Banking,5.0,2,1,On-Time
103001,2023-12-19,Home & Kitchen,1701.45,2.1,Dhaka,SA Paribahan,Cash on Delivery,3.6,3,0,On-Time
107122,2024-07-22,electronics,385.1,17.8,Dhaka,pathao,Cash on Delivery,5.0,3,1,On-Time
100988,2024-10-31,Books,1720.88,48.1,Dhaka,E-Courier,Card,3.2,1,1,Delayed
103233,2023-09-11,Groceries,181.31,1.0,Chattogram,PATHAO,Card,3.0,3,0,On-Time
104996,2023-07-30,ELECTRONICS,2540.11,4.2,Khulna,Sundorbon,Cash on Delivery,3.8,2,1,Delayed
104210,2023-10-20,Home & Kitchen,436.05,26.4,Dhaka,S.A. Paribahan,Cash on Delivery,5.0,5,0,On-Time
104946,2024-07-31,clothing,183.35,10.5,Khulna,S.A. Paribahan,Card,4.3,2,0,Delayed
102880,2023-10-12,Beauty,192.3,1.0,Sylhet,PATHAO,Card,4.7,4,1,On-Time
104871,2023-06-07,Clothing,4889.11,7.9,Dhaka,pathao,Mobile Banking,4.0,3,0,On-Time
107090,2023-12-20,Clothing,1976.84,9.0,Dhaka,RedX,Mobile Banking,4.9,1,1,On-Time
104412,2023-02-11,Electronics,373.85,1.4,Dhaka,eCourier,Cash on Delivery,3.7,5,0,On-Time
106587,2023-01-20,Grocery,3061.66,16.2,Khulna,SA Paribahan,Cash on Delivery,2.1,7,0,Delayed
102851,2023-04-15,groceries,2668.15,4.5,Dhaka,eCourier,Cash on Delivery,4.3,1,0,On-Time
102671,2024-04-22,Electronics,178.62,13.2,Rajshahi,SA Paribahan,Mobile Banking,3.3,4,0,On-Time
101065,2023-07-03,clothing,1679.07,14.6,Chattogram,sa paribahan,Cash on Delivery,3.6,1,0,Delayed
102745,2024-07-31,home & kitchen,453.9,3.0,Chattogram,pathao,Mobile Banking,4.6,1,1,On-Time
107985,2024-01-28,clothing,412.05,14.1,Dhaka,pathao,Cash on Delivery,4.7,2,1,On-Time
100729,2024-02-12,Grocery,446.25,7.9,Rajshahi,redx,Cash on Delivery,2.7,3,0,On-Time
108777,2023-09-24,clothing,543.04,14.5,Chattogram,eCourier,Cash on Delivery,4.2,2,0,On-Time
106409,2023-09-11,ELECTRONICS,2354.8,44.9,Rajshahi,redx,Cash on Delivery,4.1,2,1,On-Time
104714,2024-12-18,Clothing,1849.41,7.6,Dhaka,pathao,Mobile Banking,4.0,2,0,Delayed
100245,2024-07-12,books,13860.37,1.0,Dhaka,RedX,Cash on Delivery,4.2,1,0,On-Time
101149,2023-09-16,clothing,1208.15,9.9,Dhaka,Red X,Cash on Delivery,4.3,1,0,On-Time
104835,2024-01-06,beauty,855.37,8.7,Rajshahi,SA Paribahan,Cash on Delivery,3.4,1,1,On-Time
102339,2024-09-13,clothing,790.19,1.0,Dhaka,ecourier,Card,4.7,3,0,On-Time
104087,2023-10-28,Clothing,5930.25,23.2,Chattogram,PATHAO,Card,4.6,3,1,Delayed
108391,2023-11-04,Clothing,2361.36,28.1,Chattogram,redx,Cash on Delivery,4.9,1,0,On-Time
108126,2023-11-09,clothing,987.42,30.0,Khulna,Sundarban,Cash on Delivery,3.4,2,0,Delayed
107291,2023-01-02,home & kitchen,743.95,15.3,Dhaka,Sundarban,Mobile Banking,4.7,2,0,Delayed
100459,2023-06-11,Clothing,,9.6,Dhaka,redx,Card,4.0,3,1,Delayed
106971,2023-03-23,Clothing,1432.21,2.9,Chattogram,RedX,Card,4.7,2,1,On-Time
104546,2023-11-07,clothing,3985.39,4.2,Chattogram,Sundorbon,Card,3.8,3,1,On-Time
106593,2023-03-10,ELECTRONICS,6212.3,23.4,Rajshahi,pathao,Mobile Banking,3.6,6,1,On-Time
103191,2024-10-04,Clothing,15180.16,83.8,Khulna,PATHAO,Cash on Delivery,3.7,2,1,Delayed
107744,2023-11-04,Electronics,281.4,8.8,Dhaka,RedX,Cash on Delivery,3.7,2,0,On-Time
104199,2023-10-03,clothing,2753.19,7.4,Khulna,S.A. Paribahan,Card,4.3,1,0,On-Time
103114,2023-08-17,clothing,2704.04,3.0,Rajshahi,PATHAO,Card,3.6,5,1,On-Time
102494,2024-09-10,clothing,2856.78,17.2,Rajshahi,sundarban,Cash on Delivery,3.8,3,1,On-Time
101742,2023-10-30,beauty,774.89,23.6,Khulna,Pathao,Mobile Banking,3.8,6,0,Delayed
100905,2023-01-21,Clothing,2536.51,8.4,Khulna,RedX,Mobile Banking,4.1,2,0,On-Time
108221,2024-07-07,Beauty,2419.1,2.4,Rajshahi,RedX,Cash on Delivery,4.2,2,0,Delayed
103092,2023-02-22,electronics,150.0,52.3,Dhaka,Sundarban,Card,3.7,2,0,On-Time
102630,2024-05-07,Home & Kitchen,365.73,4.2,Rajshahi,Red X,Mobile Banking,3.6,1,0,On-Time
102172,2023-06-15,Beauty,635.51,11.9,Sylhet,Sundarban,Cash on Delivery,4.0,3,1,Delayed
104558,2023-01-13,Home and Kitchen,3606.41,24.2,Dhaka,PATHAO,Cash on Delivery,3.7,4,0,Delayed
101936,2024-05-29,Groceries,2618.11,50.3,Chattogram,Red X,Cash on Delivery,4.5,4,1,On-Time
106082,2024-10-06,Groceries,1297.91,23.4,Rajshahi,S.A. Paribahan,Cash on Delivery,3.5,1,0,On-Time
105173,2023-12-26,Home and Kitchen,3265.92,3.6,Dhaka,PATHAO,Card,3.7,1,0,On-Time
102098,2023-11-18,groceries,2299.81,2.9,Chattogram,redx,Card,4.2,4,0,Delayed
106904,2024-06-06,clothing,150.0,2.4,Dhaka,pathao,Cash on Delivery,4.3,2,0,Delayed
100635,2024-10-30,Electronics,4588.68,20.5,Dhaka,eCourier,Mobile Banking,4.5,1,1,On-Time
107694,2024-05-27,beauty,3014.85,10.1,Dhaka,redx,Card,4.5,2,1,Delayed
105342,2024-06-22,Books,3827.74,8.9,Khulna,redx,Mobile Banking,4.5,2,0,Delayed
100516,2023-09-09,ELECTRONICS,1252.41,55.6,Chattogram,pathao,Cash on Delivery,3.7,1,0,Delayed
100167,2024-04-04,Clothing,1075.87,30.3,Rajshahi,eCourier,Cash on Delivery,4.7,3,1,Delayed
101718,2024-07-23,Groceries,4470.56,11.4,Dhaka,PATHAO,Cash on Delivery,3.2,2,1,On-Time
108517,2023-02-11,Groceries,829.08,3.4,Chattogram,RedX,Cash on Delivery,5.0,2,1,Delayed
100945,2023-01-04,clothing,7655.59,,Dhaka,pathao,Card,3.8,5,0,On-Time
107148,2024-05-04,Grocery,150.0,1.0,Khulna,sundarban,Cash on Delivery,,2,0,On-Time
107357,2023-11-05,Beauty,693.53,8.0,Chattogram,E-Courier,Mobile Banking,5.0,1,1,On-Time
106096,2024-04-14,Grocery,2045.68,55.9,Khulna,SA Paribahan,Card,4.8,4,1,Delayed
104597,2024-01-24,home & kitchen,1544.18,23.2,Dhaka,sa paribahan,Cash on Delivery,4.7,4,0,Delayed
104547,2024-08-19,Books,408.92,18.6,Dhaka,Sundarban,Cash on Delivery,4.4,1,0,Delayed
101119,2024-01-12,Home and Kitchen,150.0,22.2,Rajshahi,ecourier,Cash on Delivery,3.8,1,0,Delayed
102487,2024-08-25,Electronics,1606.72,1.9,Rajshahi,RedX,Mobile Banking,4.6,1,1,On-Time
108667,2024-03-08,books,4312.55,12.0,Dhaka,pathao,Cash on Delivery,4.9,1,1,On-Time
103657,2024-08-30,clothing,1130.28,13.0,Dhaka,RedX,Cash on Delivery,4.1,1,1,On-Time
104805,2024-08-16,Grocery,539.78,15.9,Dhaka,Sundarban,Mobile Banking,3.9,2,0,Delayed
103106,2023-12-29,Electronics,5334.24,60.2,Dhaka,sundarban,Mobile Banking,4.1,2,0,Delayed
100593,2024-06-26,electronics,150.0,8.2,Dhaka,Pathao,Cash on Delivery,3.9,1,0,On-Time
101979,2023-09-28,Home and Kitchen,2604.34,14.5,Sylhet,Sundorbon,Cash on Delivery,5.0,1,1,Delayed
105835,2024-04-17,electronics,1970.54,11.7,Sylhet,redx,Cash on Delivery,4.8,2,1,On-Time
103168,2024-03-07,clothing,3781.93,97.7,Khulna,Red X,Cash on Delivery,5.0,3,1,Delayed
105045,2023-04-14,Electronics,736.65,11.9,Chattogram,sa paribahan,Cash on Delivery,4.4,1,0,On-Time
108744,2023-07-20,Groceries,4353.78,2.1,Dhaka,PATHAO,Card,3.6,1,1,On-Time
108020,2024-05-29,ELECTRONICS,2365.7,4.0,Rajshahi,pathao,Cash on Delivery,3.8,3,0,Delayed
108756,2024-11-14,clothing,2687.49,9.2,Dhaka,Sundarban,Cash on Delivery,4.0,1,0,On-Time
101193,2024-07-28,Books,2098.84,1.0,Sylhet,pathao,Cash on Delivery,3.9,1,0,On-Time
103222,2024-07-02,Clothing,2298.92,6.7,Dhaka,RedX,Cash on Delivery,3.8,3,1,On-Time
101163,2023-08-08,Grocery,1069.14,1.7,Dhaka,S.A. Paribahan,Cash on Delivery,4.4,4,0,Delayed
104839,2023-08-29,Grocery,8343.42,69.4,Dhaka,redx,Card,4.6,1,0,Delayed
102779,2023-04-29,Groceries,150.0,28.4,Dhaka,ecourier,Cash on Delivery,4.9,2,0,Delayed
108013,2024-05-29,Home and Kitchen,926.82,1.0,Dhaka,pathao,Card,4.4,3,1,On-Time
100270,2023-08-23,home & kitchen,2589.54,15.9,Chattogram,sa paribahan,Mobile Banking,3.0,1,1,On-Time
106362,2024-01-16,Clothing,1684.74,4.0,Dhaka,Red X,Cash on Delivery,4.9,2,1,On-Time
100157,2023-05-06,Home and Kitchen,731.9,6.4,Dhaka,E-Courier,Card,5.0,3,0,On-Time
104854,2023-04-19,electronics,7849.15,10.5,Chattogram,Red X,Cash on Delivery,3.3,3,1,Delayed
107084,2024-06-13,Electronics,467.55,7.9,Chattogram,Sundorbon,Cash on Delivery,4.3,1,1,Delayed
106682,2023-11-13,ELECTRONICS,1855.93,3.3,Chattogram,S.A. Paribahan,Cash on Delivery,4.1,4,1,On-Time
106324,2023-08-23,Home and Kitchen,810.79,4.1,Chattogram,Red X,Card,5.0,5,0,On-Time
100571,2023-03-10,clothing,1871.75,7.7,Dhaka,S.A. Paribahan,Cash on Delivery,3.9,2,0,Delayed
102669,2024-03-12,home & kitchen,150.0,26.2,Chattogram,S.A. Paribahan,Cash on Delivery,,4,1,Delayed
101256,2024-03-13,Clothing,3455.22,9.4,Dhaka,E-Courier,Card,4.7,4,1,Delayed
102658,2024-09-06,clothing,1314.99,10.5,Chattogram,S.A. Paribahan,Card,3.8,1,0,On-Time
102157,2024-10-22,Groceries,1536.39,,Chattogram,E-Courier,Mobile Banking,3.2,1,1,Delayed
108552,2024-11-06,beauty,2325.54,14.1,Sylhet,PATHAO,Mobile Banking,4.4,1,0,On-Time
100746,2024-03-19,clothing,1424.64,1.0,Dhaka,RedX,Cash on Delivery,4.8,3,0,On-Time
100543,2024-11-13,Home and Kitchen,6686.06,22.4,Dhaka,PATHAO,Mobile Banking,3.6,6,0,Delayed
103967,2024-10-15,Grocery,1620.81,3.2,Dhaka,S.A. Paribahan,Cash on Delivery,,5,0,Delayed
103987,2024-03-31,clothing,367.2,5.1,Dhaka,Pathao,Cash on Delivery,3.8,8,0,Delayed
102817,2024-08-28,Groceries,1461.23,81.8,Dhaka,SA Paribahan,Card,3.5,5,0,On-Time
105027,2023-07-02,Electronics,792.16,47.2,Dhaka,redx,Cash on Delivery,3.6,1,0,On-Time
100352,2024-04-11,ELECTRONICS,2598.25,17.1,Dhaka,redx,Cash on Delivery,5.0,1,0,On-Time
105114,2023-10-24,Clothing,408.06,2.0,Dhaka,PATHAO,Cash on Delivery,4.3,1,1,On-Time
108263,2023-02-10,clothing,378.05,27.5,Dhaka,ecourier,Cash on Delivery,4.8,1,0,On-Time
102295,2023-06-27,books,1423.06,37.6,Khulna,redx,Mobile Banking,4.1,2,0,Delayed
104127,2023-01-31,Electronics,1700.61,23.6,Dhaka,sa paribahan,Mobile Banking,3.5,2,0,Delayed
106960,2023-02-18,Clothing,3611.02,1.5,Khulna,Pathao,Cash on Delivery,4.1,1,0,On-Time
100535,2023-08-07,ELECTRONICS,346.11,9.4,Dhaka,redx,Card,,1,0,Delayed
108576,2024-02-23,Electronics,855.06,1.3,Rajshahi,sa paribahan,Cash on Delivery,2.9,1,0,Delayed
105448,2024-04-06,Grocery,150.0,19.2,Sylhet,Red X,Cash on Delivery,3.0,3,1,Delayed
100401,2024-01-27,Clothing,,43.8,Dhaka,RedX,Cash on Delivery,3.6,2,1,On-Time
107190,2023-01-15,beauty,3383.31,17.9,Chattogram,RedX,Cash on Delivery,4.8,4,0,On-Time
105605,2024-05-05,Grocery,3695.87,8.3,Dhaka,S.A. Paribahan,Cash on Delivery,5.0,1,0,Delayed
104541,2023-03-29,Groceries,1914.15,17.1,Chattogram,RedX,Cash on Delivery,4.2,1,1,Delayed
103842,2024-03-26,ELECTRONICS,2021.06,2.5,Dhaka,pathao,Mobile Banking,3.7,3,0,On-Time
102791,2023-10-21,books,3385.64,22.4,Khulna,Sundarban,Cash on Delivery,4.0,1,0,Delayed
107558,2024-03-13,Electronics,2375.68,20.2,Chattogram,PATHAO,Cash on Delivery,4.0,1,0,On-Time
102033,2024-01-12,books,894.96,23.5,Dhaka,Red X,Cash on Delivery,3.4,1,1,On-Time
101642,2023-02-07,Electronics,150.0,17.8,Dhaka,eCourier,Mobile Banking,4.5,4,0,On-Time
107166,2023-12-03,Groceries,239.91,18.9,Sylhet,sundarban,Mobile Banking,4.9,1,0,On-Time
100190,2024-12-06,clothing,11792.65,19.0,Sylhet,PATHAO,Cash on Delivery,3.9,1,0,On-Time
107195,2024-06-25,Clothing,857.54,20.4,Khulna,Pathao,Cash on Delivery,4.9,2,0,Delayed
102174,2024-09-13,clothing,3160.87,7.6,Dhaka,Pathao,Mobile Banking,4.4,1,0,On-Time
103875,2023-03-17,Groceries,1323.59,15.1,Chattogram,ecourier,Cash on Delivery,4.0,4,0,On-Time
107010,2024-02-15,Beauty,423.6,20.3,Khulna,Red X,Cash on Delivery,3.1,1,1,On-Time
100667,2023-01-24,groceries,1954.76,30.9,Dhaka,E-Courier,Card,3.6,7,1,Delayed
108915,2023-01-23,groceries,6065.63,8.1,Dhaka,E-Courier,Cash on Delivery,4.6,3,0,On-Time
105892,2023-07-06,books,150.0,3.6,Chattogram,S.A. Paribahan,Card,3.1,4,0,On-Time
103534,2023-05-05,ELECTRONICS,1310.21,11.9,Khulna,PATHAO,Cash on Delivery,4.4,2,0,Delayed
102426,2023-09-03,Home and Kitchen,2153.67,28.8,Rajshahi,Sundorbon,Cash on Delivery,3.3,2,0,On-Time
100254,2023-08-27,electronics,358.59,27.7,Dhaka,redx,Cash on Delivery,3.3,5,0,On-Time
105518,2024-04-06,Electronics,1461.23,10.8,Dhaka,E-Courier,Mobile Banking,4.6,2,0,On-Time
103341,2023-07-21,Home & Kitchen,3756.79,2.8,Dhaka,sa paribahan,Card,3.6,4,0,On-Time
102130,2023-01-30,electronics,1070.07,1.4,Rajshahi,pathao,Mobile Banking,4.2,3,0,On-Time
101350,2023-05-24,home & kitchen,2645.13,10.8,Dhaka,Sundarban,Card,4.0,4,0,Delayed
101265,2024-11-23,Electronics,4901.48,1.0,Dhaka,E-Courier,Cash on Delivery,4.1,2,0,Delayed
102617,2023-05-07,Beauty,181.6,8.2,Khulna,RedX,Cash on Delivery,4.2,3,1,Cancelled
105298,2024-04-27,Home & Kitchen,2556.18,1.0,Rajshahi,Pathao,Cash on Delivery,4.4,4,0,On-Time
107605,2024-06-12,Groceries,228.86,6.5,Dhaka,eCourier,Mobile Banking,4.4,1,0,On-Time
102145,2024-06-21,clothing,3366.64,9.2,Rajshahi,S.A. Paribahan,Cash on Delivery,3.7,1,0,On-Time
107771,2023-08-31,Beauty,5039.35,18.9,Rajshahi,Sundarban,Card,4.4,5,1,Cancelled
107089,2024-10-08,electronics,322.76,7.6,Sylhet,Sundarban,Cash on Delivery,4.8,3,0,On-Time
101527,2024-11-30,ELECTRONICS,150.0,1.0,Dhaka,Red X,Cash on Delivery,3.3,3,0,Delayed
105547,2023-01-26,Home & Kitchen,6370.4,75.8,Dhaka,pathao,Cash on Delivery,5.0,3,0,On-Time
106684,2023-01-12,ELECTRONICS,1421.52,11.8,Chattogram,PATHAO,Cash on Delivery,3.6,4,0,Delayed
104025,2024-11-14,groceries,150.0,7.6,Sylhet,S.A. Paribahan,Cash on Delivery,3.7,3,0,Delayed
100653,2024-08-06,Groceries,572.2,1.0,Chattogram,Red X,Cash on Delivery,3.6,3,0,On-Time
100139,2024-03-26,Clothing,2071.48,12.7,Dhaka,redx,Cash on Delivery,4.9,2,0,Delayed
101731,2023-01-04,home & kitchen,473.11,12.0,Dhaka,pathao,Mobile Banking,3.5,4,1,On-Time
108494,2024-02-06,Clothing,995.87,4.3,Dhaka,sa paribahan,Mobile Banking,4.3,3,1,On-Time
107082,2023-12-20,Home and Kitchen,216.54,5.9,Chattogram,S.A. Paribahan,Card,4.3,1,0,On-Time
107665,2024-01-23,Groceries,4166.11,35.9,Chattogram,redx,Mobile Banking,4.1,1,0,On-Time
108872,2024-04-07,beauty,3979.73,2.9,Khulna,redx,Cash on Delivery,4.9,4,1,On-Time
105164,2024-12-09,Clothing,1362.04,4.0,Dhaka,Sundorbon,Cash on Delivery,3.6,1,0,On-Time
106404,2024-06-09,groceries,4329.85,1.8,Sylhet,ecourier,Cash on Delivery,3.8,4,0,On-Time
104689,2023-07-31,electronics,2848.19,8.4,Chattogram,RedX,Cash on Delivery,3.6,2,1,On-Time
105227,2024-12-29,Clothing,12094.7,4.1,Dhaka,eCourier,Card,3.8,1,0,On-Time
106061,2024-04-13,electronics,8138.67,3.4,Dhaka,Pathao,Cash on Delivery,3.5,3,0,Delayed
107136,2024-12-14,Home and Kitchen,1368.54,6.3,Dhaka,Sundorbon,Cash on Delivery,4.1,6,0,Delayed
103883,2024-06-16,ELECTRONICS,728.33,18.2,Chattogram,Pathao,Cash on Delivery,3.9,1,0,On-Time
102490,2023-02-09,groceries,362.03,7.1,Sylhet,sa paribahan,Card,5.0,1,0,Delayed
107640,2023-09-07,Beauty,1866.15,13.6,Dhaka,redx,Card,3.4,4,0,On-Time
108954,2024-02-14,Grocery,1827.67,4.3,Chattogram,sa paribahan,Cash on Delivery,4.4,1,0,Delayed
100499,2024-02-13,electronics,150.0,1.3,Dhaka,E-Courier,Cash on Delivery,4.2,5,1,On-Time
105008,2023-07-12,clothing,6594.64,1.0,Dhaka,pathao,Cash on Delivery,4.6,2,0,On-Time
105715,2023-07-26,Groceries,150.0,,Chattogram,RedX,Cash on Delivery,3.7,1,1,On-Time
102398,2024-09-04,beauty,1845.58,20.5,Chattogram,Sundarban,Cash on Delivery,4.4,3,1,On-Time
104028,2023-11-20,Groceries,508.62,6.1,Chattogram,E-Courier,Cash on Delivery,4.4,2,1,On-Time
105903,2023-05-22,home & kitchen,1098.88,1.0,Dhaka,ecourier,Cash on Delivery,,1,0,On-Time
102819,2024-08-07,Clothing,433.66,7.6,Sylhet,SA Paribahan,Card,4.1,5,1,Delayed
104955,2023-05-05,Home & Kitchen,1013.0,2.2,Khulna,Pathao,Card,4.1,1,0,Delayed
102919,2023-12-19,clothing,185.9,16.1,Sylhet,redx,Card,4.1,4,1,On-Time
100838,2023-10-23,Home & Kitchen,694.9,9.2,Dhaka,Sundorbon,Card,3.3,2,0,On-Time
100224,2024-04-23,books,345.43,49.1,Dhaka,Red X,Mobile Banking,4.4,1,0,On-Time
102502,2024-05-08,groceries,3162.73,13.8,Chattogram,RedX,Cash on Delivery,4.4,2,1,Delayed
103329,2023-03-09,Clothing,150.0,9.0,Dhaka,sundarban,Mobile Banking,4.6,4,1,On-Time
104050,2024-09-08,Clothing,315.93,12.8,Khulna,sundarban,Cash on Delivery,3.2,3,1,On-Time
107100,2023-10-11,Books,1735.47,7.3,Chattogram,Sundorbon,Cash on Delivery,3.6,3,0,Delayed
101235,2023-10-22,clothing,150.0,1.0,Khulna,Pathao,Cash on Delivery,4.3,3,0,On-Time
104467,2024-02-26,home & kitchen,1114.81,3.4,Dhaka,Sundorbon,Mobile Banking,4.5,7,1,On-Time
104405,2023-02-07,electronics,217.95,22.1,Khulna,pathao,Cash on Delivery,4.3,2,1,On-Time
106332,2023-06-24,Home & Kitchen,1374.76,1.0,Dhaka,Pathao,Mobile Banking,4.9,1,1,Cancelled
103546,2024-06-27,beauty,,7.0,Dhaka,Sundarban,Cash on Delivery,4.3,3,0,On-Time
100422,2023-01-31,Beauty,740.86,3.9,Dhaka,Pathao,Cash on Delivery,4.4,1,0,On-Time
107068,2023-11-11,books,,71.3,Sylhet,SA Paribahan,Mobile Banking,3.9,2,0,Delayed
108887,2024-04-13,Books,1321.95,2.5,Sylhet,eCourier,Mobile Banking,4.0,1,1,Delayed
101689,2023-05-02,clothing,581.25,13.7,Rajshahi,SA Paribahan,Cash on Delivery,4.4,3,0,On-Time
105103,2023-01-09,electronics,1273.55,13.6,Rajshahi,sundarban,Cash on Delivery,3.4,1,0,Delayed
103567,2023-09-12,Grocery,7773.81,34.8,Dhaka,pathao,Cash on Delivery,3.6,2,0,On-Time
106304,2024-05-31,beauty,171.87,1.0,Sylhet,pathao,Cash on Delivery,4.3,2,1,On-Time
102298,2023-02-03,clothing,2499.27,8.4,Sylhet,PATHAO,Card,4.4,2,0,On-Time
100663,2024-02-11,Home and Kitchen,,26.9,Chattogram,ecourier,Cash on Delivery,4.2,7,1,On-Time
102575,2024-11-09,Electronics,11543.78,17.8,Dhaka,Pathao,Card,2.9,9,1,On-Time
106879,2023-05-19,Grocery,2784.28,12.9,Rajshahi,Pathao,Cash on Delivery,3.9,5,0,On-Time
101814,2024-01-15,Beauty,909.79,3.9,Rajshahi,sundarban,Card,3.4,4,1,Delayed
101213,2023-09-16,Grocery,785.39,,Dhaka,sundarban,Mobile Banking,3.9,1,1,On-Time
106770,2023-12-29,beauty,5662.0,3.0,Khulna,PATHAO,Cash on Delivery,4.0,5,0,Delayed
107184,2024-12-08,Grocery,2184.02,1.0,Sylhet,Red X,Cash on Delivery,3.2,2,0,On-Time
101310,2024-03-21,Home & Kitchen,624.06,1.0,Chattogram,Sundorbon,Card,4.0,2,1,On-Time
104822,2024-07-02,Beauty,427.06,9.3,Dhaka,ecourier,Mobile Banking,4.2,1,0,Cancelled
105535,2024-11-10,electronics,2005.03,15.9,Chattogram,PATHAO,Cash on Delivery,3.3,1,1,On-Time
101495,2023-05-28,clothing,884.33,14.8,Dhaka,Red X,Cash on Delivery,4.0,1,0,On-Time
104054,2024-09-10,Grocery,1035.37,6.1,Dhaka,redx,Mobile Banking,3.4,4,1,On-Time
107552,2024-06-01,Electronics,326.11,50.9,Dhaka,Sundarban,Card,4.3,1,0,Delayed
100568,2024-10-05,clothing,2664.94,4.0,Dhaka,Sundorbon,Card,4.0,1,1,Cancelled
103747,2023-07-29,clothing,1625.1,6.8,Khulna,PATHAO,Card,3.6,6,0,On-Time
106473,2023-03-19,beauty,2723.63,38.1,Dhaka,RedX,Cash on Delivery,4.1,1,1,Cancelled
108994,2024-04-05,Home and Kitchen,1180.07,22.1,Chattogram,Red X,Mobile Banking,4.2,1,1,On-Time
101835,2023-06-29,Beauty,2564.26,19.1,Dhaka,redx,Cash on Delivery,4.2,3,1,On-Time
103905,2024-06-03,groceries,1394.53,4.0,Sylhet,pathao,Mobile Banking,3.8,2,0,On-Time
105151,2024-05-20,clothing,1511.63,5.6,Dhaka,sa paribahan,Mobile Banking,4.0,4,1,On-Time
102914,2024-09-07,ELECTRONICS,231.26,3.7,Rajshahi,redx,Cash on Delivery,3.5,1,0,Delayed
106005,2023-01-05,groceries,3278.46,31.3,Chattogram,E-Courier,Mobile Banking,4.7,4,0,On-Time
107200,2023-12-02,clothing,3722.93,28.1,Sylhet,Sundarban,Card,3.2,1,1,Delayed
105467,2024-05-21,Clothing,5130.24,19.8,Sylhet,PATHAO,Cash on Delivery,3.5,4,0,On-Time
104355,2023-05-24,electronics,3139.1,,Chattogram,Pathao,Cash on Delivery,4.4,3,0,On-Time
100558,2024-12-09,groceries,1815.37,25.6,Dhaka,PATHAO,Card,3.3,1,1,Delayed
106959,2024-08-20,beauty,2650.45,16.1,Dhaka,Red X,Cash on Delivery,3.8,3,1,Cancelled
103582,2024-01-14,ELECTRONICS,150.0,10.0,Dhaka,pathao,Mobile Banking,3.9,4,1,On-Time
103889,2024-06-21,Groceries,203.06,11.7,Chattogram,sundarban,Mobile Banking,4.3,6,1,Delayed
104309,2023-09-28,Electronics,4521.43,1.0,Chattogram,SA Paribahan,Cash on Delivery,4.4,5,0,On-Time
105593,2024-08-26,Beauty,375.65,8.1,Dhaka,pathao,Card,4.5,2,0,Delayed
103207,2024-03-29,Grocery,150.0,16.2,Sylhet,Pathao,Card,,1,0,On-Time
102025,2023-05-05,Home and Kitchen,,11.3,Khulna,,Cash on Delivery,4.3,2,0,On-Time
101859,2023-08-30,electronics,1674.28,19.8,Dhaka,sundarban,Cash on Delivery,4.5,2,0,Delayed
101073,2023-04-07,Clothing,162.76,2.7,Dhaka,Sundarban,Cash on Delivery,4.3,4,0,Delayed
106201,2023-10-27,Groceries,9028.72,19.6,Dhaka,Pathao,Mobile Banking,4.4,4,0,On-Time
105294,2024-03-08,Groceries,1139.15,4.9,Chattogram,ecourier,Card,4.9,3,1,On-Time
103230,2023-11-19,ELECTRONICS,5567.82,39.2,Dhaka,Pathao,Mobile Banking,5.0,1,1,Delayed
105810,2023-08-17,Clothing,2473.38,27.8,Chattogram,RedX,Mobile Banking,3.9,1,1,On-Time
107255,2023-01-02,clothing,980.13,22.0,Khulna,sundarban,Cash on Delivery,4.5,3,1,Delayed
100844,2023-04-29,books,561.73,2.3,Dhaka,Red X,Card,4.0,4,0,On-Time
101794,2024-05-29,Electronics,545.49,24.6,Khulna,Red X,Cash on Delivery,5.0,3,0,On-Time
103212,2024-03-05,ELECTRONICS,150.0,1.2,Dhaka,sa paribahan,Cash on Delivery,4.1,1,1,Delayed
108177,2023-03-16,Home and Kitchen,863.13,5.1,Khulna,eCourier,Mobile Banking,3.5,1,0,On-Time
102091,2023-11-13,groceries,680.82,27.8,Khulna,Sundarban,Mobile Banking,3.9,3,0,On-Time
101542,2023-06-08,electronics,4163.92,35.7,Dhaka,redx,Mobile Banking,4.0,2,0,On-Time
106855,2023-08-09,Beauty,4895.2,,Dhaka,pathao,Cash on Delivery,4.1,2,1,On-Time
104245,2023-05-15,Clothing,3310.01,53.9,Chattogram,pathao,Cash on Delivery,3.8,2,0,On-Time
101834,2024-12-23,Electronics,3097.46,31.5,Dhaka,sundarban,Cash on Delivery,4.6,1,1,Delayed
104085,2023-03-30,ELECTRONICS,701.05,1.0,Sylhet,pathao,Mobile Banking,5.0,1,1,On-Time
102416,2023-05-27,home & kitchen,2196.73,1.0,Dhaka,ecourier,Mobile Banking,3.9,4,1,On-Time
106883,2023-04-13,Grocery,150.0,5.2,Dhaka,pathao,Cash on Delivery,3.3,2,0,On-Time
107761,2023-12-21,books,1056.03,5.0,Chattogram,sundarban,Mobile Banking,5.0,1,0,On-Time
102197,2024-10-05,Groceries,2697.25,11.8,Dhaka,PATHAO,Mobile Banking,4.5,4,1,On-Time
101324,2023-04-17,clothing,150.0,5.3,Dhaka,SA Paribahan,Mobile Banking,4.3,1,0,On-Time
107103,2023-06-06,clothing,587.87,5.2,Dhaka,sundarban,Cash on Delivery,4.5,2,0,On-Time
102712,2023-12-31,ELECTRONICS,1698.24,39.3,Dhaka,PATHAO,Cash on Delivery,3.6,4,0,On-Time
105318,2024-04-25,groceries,2708.93,7.9,Dhaka,S.A. Paribahan,Cash on Delivery,2.8,1,0,On-Time
105538,2023-06-01,electronics,1519.7,16.8,Chattogram,pathao,Cash on Delivery,4.2,1,1,On-Time
103813,2024-10-26,books,428.94,13.9,Chattogram,eCourier,Cash on Delivery,4.0,1,1,On-Time
106311,2023-06-26,Grocery,789.5,1.0,Dhaka,S.A. Paribahan,Mobile Banking,3.9,1,0,Delayed
102385,2024-01-27,Grocery,2018.97,8.4,Dhaka,ecourier,Cash on Delivery,4.5,1,0,On-Time
101200,2023-12-10,beauty,346.36,16.2,Rajshahi,Pathao,Cash on Delivery,3.4,3,0,On-Time
107088,2024-11-18,Electronics,3654.48,1.0,Chattogram,ecourier,Cash on Delivery,4.8,3,0,On-Time
102945,2023-10-16,Groceries,3765.39,16.6,Rajshahi,eCourier,Cash on Delivery,5.0,3,1,On-Time
102069,2024-07-22,Home & Kitchen,1837.84,16.4,Dhaka,Sundorbon,Cash on Delivery,4.7,2,1,On-Time
106888,2023-03-31,Groceries,2135.89,8.2,Chattogram,E-Courier,Mobile Banking,4.3,4,1,On-Time
104476,2023-12-22,clothing,2110.4,17.4,Dhaka,SA Paribahan,Mobile Banking,3.8,3,1,On-Time
102856,2024-07-03,Books,856.7,35.3,Chattogram,Red X,Cash on Delivery,4.6,1,0,On-Time
102422,2023-05-31,Home & Kitchen,3161.52,42.8,Sylhet,Sundorbon,Mobile Banking,4.3,2,0,On-Time
103272,2023-12-08,beauty,584.76,20.0,Chattogram,pathao,Cash on Delivery,5.0,6,0,Delayed
101228,2024-09-28,Grocery,493.49,42.7,Dhaka,eCourier,Card,3.7,4,0,On-Time
102926,2024-04-30,Grocery,496.91,120.0,Sylhet,Pathao,Mobile Banking,3.9,1,1,Cancelled
101785,2023-09-02,Electronics,11911.4,43.1,Dhaka,sa paribahan,Cash on Delivery,3.9,1,1,Cancelled
102012,2024-06-04,ELECTRONICS,3790.24,,Rajshahi,ecourier,Cash on Delivery,3.9,1,0,On-Time
107716,2024-03-14,ELECTRONICS,1714.97,14.4,Rajshahi,Red X,Card,5.0,3,0,On-Time
100038,2023-05-19,books,2518.68,23.0,Chattogram,sundarban,Card,3.4,5,0,Delayed
101008,2023-01-29,ELECTRONICS,1021.33,2.4,Dhaka,Pathao,Cash on Delivery,4.4,3,1,On-Time
106612,2024-05-19,groceries,1207.12,4.5,Dhaka,pathao,Cash on Delivery,3.8,1,0,On-Time
103048,2024-12-26,clothing,150.0,14.2,Chattogram,ecourier,Mobile Banking,3.4,3,0,Delayed
108654,2024-03-14,beauty,4550.86,14.5,Rajshahi,Sundorbon,Cash on Delivery,4.8,2,1,On-Time
103685,2024-03-21,electronics,150.0,11.8,Dhaka,redx,Card,3.7,4,1,On-Time
108089,2023-03-20,Books,2290.63,45.3,Khulna,,Cash on Delivery,5.0,5,0,Delayed
100336,2024-05-14,ELECTRONICS,4437.19,12.6,Chattogram,eCourier,Cash on Delivery,4.2,1,1,On-Time
107898,2023-02-24,Grocery,404.09,3.4,Dhaka,PATHAO,Cash on Delivery,4.6,5,0,On-Time
105434,2023-01-27,beauty,508.1,10.5,Dhaka,Red X,Card,4.2,4,0,On-Time
106398,2024-08-21,Beauty,556.06,8.9,Khulna,Pathao,Cash on Delivery,4.5,2,0,On-Time
102683,2023-11-01,Clothing,4984.66,21.2,Khulna,Sundorbon,Mobile Banking,4.3,3,0,On-Time
100467,2023-04-10,beauty,150.0,7.0,Dhaka,Sundorbon,Mobile Banking,3.7,1,0,On-Time
104609,2024-08-31,Home and Kitchen,150.0,6.5,Dhaka,PATHAO,Mobile Banking,3.4,4,1,On-Time
108019,2023-12-27,Groceries,279.68,45.2,Dhaka,PATHAO,Mobile Banking,4.0,5,1,Delayed
106783,2023-02-15,Groceries,4615.13,2.4,Dhaka,Pathao,Cash on Delivery,3.9,3,1,On-Time
103158,2023-12-29,Beauty,2717.32,37.8,Dhaka,Red X,Cash on Delivery,3.8,1,1,Delayed
104471,2023-05-02,Grocery,817.19,1.0,Dhaka,Pathao,Cash on Delivery,3.9,6,0,On-Time
107879,2023-02-12,groceries,1615.42,16.8,Dhaka,sa paribahan,Cash on Delivery,5.0,3,0,On-Time
100978,2023-01-07,Electronics,444.9,13.4,Khulna,Red X,Cash on Delivery,3.9,1,1,On-Time
101335,2023-05-09,Home and Kitchen,1168.04,23.9,Dhaka,Sundorbon,Card,4.3,2,0,Delayed
102969,2024-09-23,beauty,150.0,1.0,Dhaka,Red X,Mobile Banking,3.7,1,0,On-Time
100419,2023-06-25,Beauty,1122.32,4.6,Dhaka,sundarban,Mobile Banking,4.8,1,1,On-Time
105336,2024-09-09,Books,357.53,4.9,Dhaka,S.A. Paribahan,Cash on Delivery,4.1,2,0,Delayed
107649,2023-10-18,electronics,434.88,1.0,Rajshahi,PATHAO,Cash on Delivery,3.6,1,1,Delayed
101737,2024-02-15,Home & Kitchen,1321.92,51.7,Dhaka,S.A. Paribahan,Cash on Delivery,4.3,3,0,Cancelled
104591,2023-07-28,beauty,581.95,1.0,Sylhet,redx,Mobile Banking,4.0,1,1,On-Time
107069,2024-01-17,books,1108.13,2.1,Dhaka,Sundorbon,Cash on Delivery,3.9,5,0,On-Time
104236,2023-08-16,books,2080.75,21.1,Chattogram,ecourier,Card,5.0,5,0,Delayed
107883,2023-06-25,electronics,4932.07,4.3,Chattogram,redx,Cash on Delivery,3.8,2,0,On-Time
106778,2023-01-15,Home and Kitchen,1177.51,4.4,Dhaka,redx,Cash on Delivery,4.2,1,1,On-Time
106645,2024-01-23,Groceries,659.09,1.8,Dhaka,pathao,Cash on Delivery,3.1,3,0,On-Time
108787,2024-07-02,electronics,6103.42,5.0,Sylhet,redx,Mobile Banking,3.3,2,0,On-Time
102314,2023-05-17,clothing,1677.3,11.2,Dhaka,pathao,Cash on Delivery,3.0,1,0,Delayed
103756,2024-12-04,Books,1100.08,6.4,Dhaka,PATHAO,Card,3.6,4,0,On-Time
100686,2024-07-18,Grocery,150.0,6.3,Rajshahi,PATHAO,Cash on Delivery,4.2,1,1,On-Time
106730,2024-01-11,Groceries,3023.47,5.2,Sylhet,sundarban,Cash on Delivery,4.0,1,1,Delayed
103749,2023-11-29,Home and Kitchen,3210.81,25.5,Dhaka,ecourier,Mobile Banking,4.3,2,1,On-Time
103441,2024-05-30,books,5769.0,17.3,Dhaka,PATHAO,Card,4.3,1,1,On-Time
102662,2023-03-04,Groceries,5982.88,35.8,Dhaka,Pathao,Cash on Delivery,3.7,3,1,On-Time
103216,2023-01-31,groceries,2160.26,3.4,Khulna,Red X,Cash on Delivery,2.6,2,1,On-Time
107430,2024-01-10,Electronics,150.0,18.7,Dhaka,pathao,Mobile Banking,3.3,3,0,On-Time
106789,2023-05-26,books,150.0,11.9,Khulna,Pathao,Cash on Delivery,3.0,3,0,On-Time
103611,2023-06-20,Electronics,509.9,4.1,Sylhet,pathao,Mobile Banking,4.9,3,1,On-Time
104356,2023-04-23,ELECTRONICS,455.17,13.3,Sylhet,S.A. Paribahan,Cash on Delivery,4.1,5,0,Delayed
103469,2024-10-09,Home and Kitchen,953.9,54.1,Dhaka,sundarban,Card,3.9,2,0,On-Time
105370,2023-04-09,Clothing,150.0,9.9,Chattogram,pathao,Cash on Delivery,3.6,3,0,On-Time
102573,2024-06-06,Beauty,575.07,23.8,Dhaka,eCourier,Cash on Delivery,4.3,3,1,On-Time
104578,2023-06-26,electronics,175.08,1.0,Rajshahi,RedX,Mobile Banking,3.8,1,0,On-Time
104560,2023-03-31,Groceries,585.35,2.2,Dhaka,S.A. Paribahan,Cash on Delivery,3.7,1,0,On-Time
107707,2024-09-20,ELECTRONICS,1782.34,9.8,Chattogram,sundarban,Cash on Delivery,3.2,1,0,Delayed
102462,2024-04-24,books,888.19,1.0,Khulna,E-Courier,Cash on Delivery,4.5,1,0,On-Time
108729,2024-10-30,Beauty,2221.81,3.9,Dhaka,Pathao,Card,4.2,1,0,On-Time
102778,2023-11-21,Clothing,641.17,3.4,Dhaka,Sundarban,Cash on Delivery,2.7,1,0,On-Time
106331,2023-09-21,Clothing,580.75,59.5,Dhaka,Pathao,Cash on Delivery,4.1,2,1,Cancelled
102144,2024-02-26,Electronics,920.6,32.5,Dhaka,Sundorbon,Cash on Delivery,3.5,1,0,Cancelled
108137,2023-12-25,Grocery,4757.78,1.0,Dhaka,RedX,Cash on Delivery,4.0,1,0,On-Time
108949,2024-06-13,Clothing,150.0,7.7,Chattogram,Pathao,Mobile Banking,3.4,6,0,On-Time
108525,2023-01-25,Books,3654.19,10.5,Dhaka,redx,Cash on Delivery,3.7,3,1,Delayed
102822,2023-12-25,Home & Kitchen,150.0,5.1,Chattogram,eCourier,Cash on Delivery,4.3,3,0,Delayed
101949,2024-12-07,Groceries,2231.2,61.3,Khulna,Pathao,Card,3.5,1,1,On-Time
103042,2023-09-11,clothing,821.06,8.0,Dhaka,E-Courier,Card,3.8,3,0,On-Time
103839,2024-09-13,beauty,,44.7,Chattogram,eCourier,Cash on Delivery,4.2,1,1,On-Time
105760,2024-11-04,Grocery,1264.43,3.5,Dhaka,S.A. Paribahan,Mobile Banking,4.7,1,0,On-Time
103806,2023-03-17,ELECTRONICS,1607.59,1.4,Dhaka,PATHAO,Cash on Delivery,3.1,2,1,Delayed
104622,2024-08-08,Clothing,1990.94,8.8,Dhaka,E-Courier,Cash on Delivery,4.4,2,1,Delayed
102792,2024-08-02,Home & Kitchen,1879.83,5.0,Sylhet,Pathao,Cash on Delivery,3.8,6,0,On-Time
101404,2024-01-17,groceries,1875.87,15.4,Dhaka,PATHAO,Mobile Banking,3.8,1,0,On-Time
102366,2023-08-08,Beauty,3583.59,100.0,Rajshahi,sa paribahan,Cash on Delivery,5.0,1,0,Delayed
104248,2023-03-14,Books,5669.97,,Dhaka,Sundarban,Card,4.0,4,0,On-Time
102890,2023-08-20,clothing,150.0,8.2,Khulna,pathao,Cash on Delivery,4.7,1,0,Delayed
106500,2024-07-26,ELECTRONICS,543.28,5.8,Dhaka,RedX,Cash on Delivery,4.5,3,0,On-Time
103511,2023-02-25,home & kitchen,933.83,2.8,Dhaka,Pathao,Cash on Delivery,4.4,1,1,On-Time
102647,2024-03-11,Electronics,1113.95,10.5,Sylhet,PATHAO,Card,4.7,1,1,On-Time
100189,2023-01-06,Clothing,821.47,39.1,Khulna,Pathao,Mobile Banking,4.9,1,0,On-Time
106551,2024-08-06,Clothing,2149.39,26.6,Dhaka,Red X,Card,3.0,3,0,On-Time
107775,2023-04-16,Home & Kitchen,840.85,55.4,Khulna,E-Courier,Mobile Banking,3.0,3,0,Delayed
104009,2024-07-16,Electronics,1297.08,1.0,Chattogram,redx,Cash on Delivery,4.1,4,0,On-Time
102379,2024-05-26,electronics,584.62,22.3,Sylhet,redx,Mobile Banking,4.1,3,1,On-Time
106212,2023-11-27,Groceries,2467.98,6.9,Dhaka,pathao,Cash on Delivery,4.3,4,0,On-Time
108573,2024-08-06,Clothing,976.23,1.1,Chattogram,Pathao,Cash on Delivery,3.4,1,1,On-Time
106561,2024-06-26,groceries,2008.34,27.1,Khulna,eCourier,Mobile Banking,4.5,3,1,Delayed
107626,2023-06-26,Clothing,963.83,49.4,Chattogram,ecourier,Mobile Banking,3.9,4,0,Delayed
106128,2024-08-23,Groceries,150.0,11.5,Rajshahi,RedX,Card,2.9,1,1,On-Time
100793,2024-03-19,ELECTRONICS,1182.03,18.1,Dhaka,pathao,Cash on Delivery,4.8,1,0,On-Time
106130,2024-06-09,Clothing,151.36,9.2,Dhaka,Red X,Cash on Delivery,4.5,1,0,On-Time
101819,2024-05-17,Books,2863.34,1.0,Chattogram,ecourier,Cash on Delivery,4.3,2,1,On-Time
106654,2024-07-18,beauty,258.77,55.6,Dhaka,Sundarban,Card,4.2,6,1,On-Time
106529,2024-11-30,Clothing,,35.8,Dhaka,,Cash on Delivery,5.0,4,1,On-Time
106901,2023-10-29,beauty,,40.9,Dhaka,eCourier,Cash on Delivery,3.9,1,0,On-Time
106325,2024-01-23,beauty,10366.01,11.4,Chattogram,ecourier,Cash on Delivery,3.8,1,0,Delayed
100679,2024-06-05,Clothing,1504.55,7.5,Rajshahi,SA Paribahan,Cash on Delivery,4.4,5,0,On-Time
105437,2024-03-09,home & kitchen,163.24,1.6,Dhaka,SA Paribahan,Cash on Delivery,4.0,2,0,On-Time
108900,2024-12-18,Groceries,428.55,5.0,Dhaka,sundarban,Card,4.6,3,1,On-Time
106055,2023-07-16,Grocery,4253.28,12.5,Dhaka,PATHAO,Mobile Banking,5.0,4,0,On-Time
105476,2023-11-27,home & kitchen,243.89,6.3,Dhaka,Red X,Mobile Banking,4.2,1,0,On-Time
108886,2024-12-22,clothing,1301.8,11.8,Dhaka,ecourier,Cash on Delivery,3.4,3,0,On-Time
105371,2024-11-30,electronics,1715.76,17.4,Dhaka,Sundarban,Cash on Delivery,4.5,2,0,Delayed
102739,2023-10-13,clothing,150.0,10.8,Sylhet,Sundarban,Cash on Delivery,3.7,2,0,Delayed
101840,2023-08-13,Home & Kitchen,1266.05,1.0,Chattogram,sa paribahan,Card,4.5,1,1,On-Time
105603,2024-08-28,books,658.53,22.8,Sylhet,pathao,Card,,2,0,On-Time
106224,2023-08-18,Clothing,150.0,21.8,Sylhet,PATHAO,Mobile Banking,3.8,3,0,On-Time
100085,2023-08-13,Clothing,1355.6,22.3,Rajshahi,sa paribahan,Cash on Delivery,4.6,3,0,Delayed
107770,2023-04-29,Clothing,1677.69,9.2,Dhaka,Sundorbon,Card,4.1,2,0,On-Time
106227,2023-12-15,Clothing,174.46,13.1,Dhaka,S.A. Paribahan,Cash on Delivery,3.9,1,0,Delayed
104735,2023-08-17,Electronics,369.0,1.5,Dhaka,Red X,Mobile Banking,4.2,1,0,On-Time
106617,2024-07-01,clothing,421.84,5.2,Dhaka,Sundarban,Cash on Delivery,3.4,5,0,Delayed
107862,2023-07-04,Home and Kitchen,6648.41,3.1,Sylhet,pathao,Card,4.3,1,1,Delayed
100061,2023-04-25,Groceries,3558.18,8.7,Dhaka,redx,Cash on Delivery,5.0,1,1,On-Time
100730,2024-10-11,Home & Kitchen,882.43,57.9,Chattogram,S.A. Paribahan,Cash on Delivery,3.6,1,1,Cancelled
105693,2023-06-23,Beauty,474.54,36.2,Dhaka,SA Paribahan,Cash on Delivery,4.1,1,0,On-Time
100965,2023-09-26,Clothing,684.6,4.0,Dhaka,PATHAO,Cash on Delivery,4.1,5,0,On-Time
105776,2024-03-24,groceries,150.0,4.2,Dhaka,Red X,Cash on Delivery,3.8,1,0,On-Time
108385,2023-06-26,Home and Kitchen,1582.39,39.9,Dhaka,sundarban,Mobile Banking,3.8,2,1,Delayed
105817,2024-09-28,clothing,1307.58,7.4,Chattogram,RedX,Cash on Delivery,3.9,1,0,Delayed
103082,2024-09-07,beauty,5024.1,17.5,Khulna,redx,Cash on Delivery,4.9,2,0,Delayed
104367,2023-08-06,ELECTRONICS,1554.21,1.1,Dhaka,RedX,Cash on Delivery,4.4,2,0,On-Time
102626,2023-09-06,Home and Kitchen,1577.06,25.2,Dhaka,RedX,Cash on Delivery,4.0,5,1,On-Time
104782,2023-09-12,Electronics,6167.55,1.2,Chattogram,ecourier,Cash on Delivery,3.6,2,0,On-Time
107537,2023-04-12,clothing,1989.48,3.5,Chattogram,S.A. Paribahan,Mobile Banking,4.4,1,1,On-Time
108316,2023-11-28,clothing,1365.68,12.5,Dhaka,S.A. Paribahan,Mobile Banking,3.7,1,0,Delayed
103401,2024-03-07,Clothing,591.56,1.4,Chattogram,RedX,Cash on Delivery,4.0,1,1,On-Time
101911,2024-02-26,Groceries,3812.17,8.1,Chattogram,PATHAO,Cash on Delivery,4.0,3,0,On-Time
104260,2024-07-03,groceries,2316.12,2.2,Dhaka,Sundarban,Mobile Banking,3.8,1,0,On-Time
104863,2023-11-19,ELECTRONICS,1933.57,7.3,Chattogram,ecourier,Card,3.1,2,0,On-Time
102535,2024-09-01,beauty,1524.48,10.4,Khulna,sa paribahan,Card,5.0,1,0,On-Time
100285,2023-02-21,Beauty,1394.73,2.0,Dhaka,Pathao,Cash on Delivery,3.7,2,1,On-Time
103713,2024-05-01,Beauty,1891.42,28.6,Dhaka,S.A. Paribahan,Cash on Delivery,4.2,1,1,On-Time
108734,2024-03-11,electronics,227.44,1.0,Dhaka,pathao,Mobile Banking,3.9,1,0,Delayed
108149,2024-04-16,beauty,679.2,13.0,Dhaka,sundarban,Cash on Delivery,3.8,1,1,Delayed
100924,2024-03-12,ELECTRONICS,2503.99,8.9,Dhaka,ecourier,Cash on Delivery,3.7,4,1,On-Time
104980,2024-01-17,groceries,3378.71,7.4,Chattogram,Pathao,Cash on Delivery,4.9,1,0,On-Time
106526,2023-02-14,home & kitchen,380.77,7.4,Sylhet,Red X,Cash on Delivery,4.1,1,0,On-Time
103478,2024-03-02,Groceries,1238.63,2.5,Sylhet,eCourier,Card,4.5,2,1,On-Time
105543,2024-11-08,electronics,785.55,16.3,Dhaka,pathao,Card,4.2,1,0,On-Time
104200,2024-10-01,Groceries,571.88,6.6,Dhaka,Sundorbon,Card,,2,1,Delayed
102953,2024-07-19,Groceries,479.84,1.8,Sylhet,Pathao,Cash on Delivery,4.0,4,0,Delayed
101269,2024-10-30,clothing,527.44,11.9,Dhaka,Sundorbon,Cash on Delivery,4.5,1,0,On-Time
104004,2024-12-06,Home and Kitchen,3313.06,28.4,Khulna,redx,Cash on Delivery,3.9,1,0,Cancelled
108340,2023-11-25,Electronics,740.91,5.1,Sylhet,eCourier,Cash on Delivery,3.8,1,0,On-Time
102930,2024-01-02,groceries,547.51,2.6,Chattogram,S.A. Paribahan,Cash on Delivery,3.6,1,0,Delayed
102592,2024-01-15,groceries,248.42,25.7,Chattogram,PATHAO,Mobile Banking,3.7,3,1,On-Time
101152,2024-09-26,Clothing,3039.71,38.6,Sylhet,E-Courier,Mobile Banking,3.5,2,1,Delayed
103069,2024-11-15,Clothing,150.0,6.6,Dhaka,SA Paribahan,Card,3.7,3,0,On-Time
107795,2024-03-06,clothing,7513.24,5.6,Khulna,sundarban,Cash on Delivery,3.8,3,1,Delayed
108262,2024-09-30,Beauty,629.83,23.1,Dhaka,SA Paribahan,Mobile Banking,5.0,1,1,On-Time
103908,2023-11-06,Home and Kitchen,150.0,23.3,Rajshahi,E-Courier,Cash on Delivery,3.1,5,1,Delayed
105016,2024-02-08,Electronics,1753.24,35.4,Dhaka,E-Courier,Cash on Delivery,3.8,1,1,On-Time
100037,2023-12-30,home & kitchen,150.0,1.2,Dhaka,redx,Mobile Banking,4.1,4,0,Delayed
106014,2023-12-12,Clothing,,8.2,Dhaka,S.A. Paribahan,Mobile Banking,3.9,3,1,On-Time
101285,2023-02-07,Home & Kitchen,228.42,11.5,Dhaka,SA Paribahan,Cash on Delivery,3.9,1,0,On-Time
106349,2023-03-04,clothing,625.85,1.4,Sylhet,sundarban,Mobile Banking,3.7,1,1,Delayed
101369,2023-08-17,beauty,523.91,28.3,Dhaka,eCourier,Card,3.5,1,1,Delayed
105207,2023-03-28,Beauty,238.06,20.7,Dhaka,pathao,Mobile Banking,3.2,2,0,On-Time
104500,2023-12-26,beauty,940.73,2.9,Dhaka,ecourier,Cash on Delivery,4.6,3,1,On-Time
107908,2024-05-29,clothing,4034.51,3.5,Dhaka,sa paribahan,Cash on Delivery,4.7,1,0,On-Time
100041,2023-09-03,home & kitchen,1708.37,22.1,Dhaka,redx,Mobile Banking,3.8,3,1,Delayed
102258,2023-10-14,Electronics,1401.28,15.4,Sylhet,E-Courier,Mobile Banking,3.8,4,0,On-Time
102674,2023-05-07,Groceries,3693.06,18.3,Khulna,Red X,Mobile Banking,3.4,1,0,Cancelled
108416,2023-08-10,books,585.89,5.2,Dhaka,pathao,Card,4.3,1,1,On-Time
108893,2024-10-29,Clothing,1750.68,3.0,Sylhet,sundarban,Cash on Delivery,3.6,2,0,On-Time
103975,2024-03-17,Groceries,649.95,11.8,Dhaka,E-Courier,Cash on Delivery,5.0,1,1,On-Time
108228,2023-02-27,clothing,1722.81,12.0,Sylhet,ecourier,Mobile Banking,3.5,2,0,Cancelled
106671,2023-03-15,clothing,1259.86,6.2,Dhaka,PATHAO,Cash on Delivery,3.7,1,1,On-Time
104480,2023-05-28,home & kitchen,150.0,2.2,Dhaka,ecourier,Card,4.4,3,1,On-Time
102239,2024-06-01,Beauty,3709.6,1.5,Dhaka,Sundarban,Cash on Delivery,4.3,2,0,On-Time
106355,2024-12-24,clothing,660.65,3.1,Khulna,RedX,Cash on Delivery,3.6,1,1,Delayed
103340,2024-12-20,groceries,3071.76,14.3,Sylhet,Pathao,Mobile Banking,4.4,2,1,On-Time
105888,2023-12-21,clothing,472.62,22.9,Dhaka,E-Courier,Cash on Delivery,4.5,4,0,On-Time
100249,2024-09-20,Grocery,2135.27,9.3,Chattogram,Red X,Mobile Banking,3.7,3,0,On-Time
102082,2023-11-10,Books,946.95,3.8,Dhaka,ecourier,Cash on Delivery,4.9,4,1,On-Time
106107,2023-06-06,Books,1660.65,,Dhaka,ecourier,Mobile Banking,3.9,4,0,On-Time
103838,2024-12-02,beauty,5737.31,34.5,Khulna,Sundorbon,Card,2.4,1,1,On-Time
103811,2023-05-19,Groceries,1468.37,2.7,Sylhet,Pathao,Card,4.6,1,1,Delayed
108446,2024-12-30,clothing,1618.6,16.6,Chattogram,redx,Cash on Delivery,3.0,3,1,On-Time
105166,2024-11-24,ELECTRONICS,2701.27,9.2,Rajshahi,Pathao,Mobile Banking,4.0,1,1,On-Time
102512,2024-10-03,Home and Kitchen,2176.0,6.3,Khulna,redx,Mobile Banking,4.5,1,0,On-Time
102707,2023-01-20,home & kitchen,469.03,23.8,Dhaka,Red X,Cash on Delivery,3.5,1,0,Delayed
104660,2024-05-15,Groceries,227.03,3.4,Khulna,Red X,Card,4.2,1,1,On-Time
108463,2024-02-27,Clothing,2245.42,36.6,Rajshahi,redx,Cash on Delivery,3.7,2,1,Delayed
106143,2024-06-25,electronics,150.0,17.3,Dhaka,eCourier,Cash on Delivery,3.5,4,1,On-Time
108209,2023-08-28,Home & Kitchen,1596.44,8.7,Rajshahi,redx,Card,4.8,3,0,Delayed
104566,2023-06-04,Clothing,560.42,5.8,Khulna,ecourier,Cash on Delivery,3.8,2,0,On-Time
106462,2023-10-16,beauty,3155.34,28.4,Dhaka,ecourier,Cash on Delivery,3.4,1,0,On-Time
102747,2023-04-03,Clothing,7646.86,8.5,Rajshahi,E-Courier,Cash on Delivery,3.5,2,0,On-Time
107752,2024-10-09,clothing,2105.51,13.9,Dhaka,PATHAO,Cash on Delivery,3.4,3,1,Delayed
104828,2024-08-08,books,1649.15,9.2,Sylhet,pathao,Mobile Banking,4.0,1,1,Delayed
105673,2023-03-08,ELECTRONICS,220.22,1.0,Sylhet,pathao,Mobile Banking,4.6,2,1,On-Time
101101,2024-07-22,Electronics,775.9,3.0,Chattogram,RedX,Cash on Delivery,,1,0,On-Time
100855,2024-05-01,clothing,776.13,20.8,Rajshahi,pathao,Cash on Delivery,4.4,3,0,On-Time
101078,2024-02-14,Clothing,1114.82,5.4,Dhaka,Pathao,Mobile Banking,3.2,3,0,On-Time
101963,2023-02-23,Electronics,3382.71,21.8,Sylhet,,Card,3.3,1,0,Delayed
104898,2024-11-14,clothing,1692.01,1.0,Khulna,pathao,Cash on Delivery,3.8,1,0,On-Time
106764,2024-10-16,electronics,844.27,16.1,Chattogram,PATHAO,Mobile Banking,3.7,5,0,Delayed
102838,2023-03-27,Electronics,1907.91,48.4,Dhaka,S.A. Paribahan,Cash on Delivery,3.8,2,1,Delayed
106488,2023-09-05,Clothing,,7.6,Khulna,eCourier,Card,4.4,1,0,On-Time
100581,2023-01-11,books,325.67,7.4,Dhaka,eCourier,Card,3.3,3,0,On-Time
102600,2024-09-06,home & kitchen,1199.01,42.4,Dhaka,PATHAO,Cash on Delivery,4.1,1,0,On-Time
105256,2023-10-31,Groceries,7945.42,17.4,Dhaka,PATHAO,Cash on Delivery,5.0,2,0,Delayed
107172,2023-05-01,Clothing,1511.72,4.6,Sylhet,PATHAO,Cash on Delivery,2.4,3,0,Delayed
108365,2023-11-25,ELECTRONICS,914.29,4.8,Dhaka,PATHAO,Mobile Banking,3.7,6,1,Delayed
103913,2023-04-15,clothing,157.01,7.8,Rajshahi,Red X,Cash on Delivery,3.9,5,1,Delayed
107817,2024-12-11,Groceries,1245.65,12.1,Chattogram,pathao,Cash on Delivery,3.3,1,1,On-Time
106934,2024-02-24,clothing,2703.52,4.9,Dhaka,Sundorbon,Mobile Banking,4.1,1,0,On-Time
103503,2023-09-05,ELECTRONICS,2242.08,22.6,Chattogram,ecourier,Mobile Banking,3.7,3,0,On-Time
102614,2024-08-25,Home & Kitchen,251.49,7.9,Chattogram,ecourier,Cash on Delivery,4.3,1,0,On-Time
106153,2023-05-15,Electronics,2324.65,1.4,Rajshahi,Sundarban,Cash on Delivery,4.6,3,1,Delayed
103684,2024-06-24,Groceries,1478.74,9.0,Dhaka,S.A. Paribahan,Cash on Delivery,4.0,3,1,Cancelled
105096,2023-06-25,ELECTRONICS,821.25,48.4,Sylhet,RedX,Cash on Delivery,3.3,2,1,Delayed
104428,2024-08-29,Electronics,1447.8,16.3,Rajshahi,ecourier,Card,4.6,1,0,On-Time
107684,2024-09-18,electronics,444.75,10.9,Khulna,RedX,Cash on Delivery,4.5,2,0,On-Time
102816,2023-07-16,Home and Kitchen,975.13,51.1,Dhaka,Pathao,Cash on Delivery,4.2,1,0,Delayed
108563,2024-11-05,Clothing,4221.5,1.0,Khulna,Pathao,Card,4.1,1,1,On-Time
108920,2023-06-28,Electronics,592.84,9.7,Dhaka,S.A. Paribahan,Card,4.0,1,0,On-Time
104382,2024-04-14,home & kitchen,163.9,13.7,Sylhet,Pathao,Card,5.0,8,1,Delayed
102518,2023-01-29,Clothing,4946.26,2.2,Dhaka,PATHAO,Cash on Delivery,3.6,2,1,On-Time
107622,2023-03-28,Grocery,207.04,1.9,Dhaka,E-Courier,Card,4.6,2,0,On-Time
105816,2024-12-10,Clothing,265.69,8.1,Dhaka,SA Paribahan,Mobile Banking,2.9,3,0,Delayed
108120,2024-05-08,Home and Kitchen,150.0,1.0,Dhaka,SA Paribahan,Card,4.4,1,0,On-Time
106517,2023-12-22,Clothing,2146.25,36.7,Chattogram,Pathao,Cash on Delivery,3.6,3,0,Delayed
108414,2024-12-28,electronics,2393.76,25.5,Dhaka,pathao,Cash on Delivery,4.5,4,0,On-Time
102948,2023-07-04,clothing,1537.26,40.5,Dhaka,RedX,Mobile Banking,5.0,3,1,Delayed
106769,2023-07-20,books,630.32,2.3,Dhaka,Pathao,Cash on Delivery,4.4,3,0,On-Time
100097,2023-11-18,books,3008.3,5.7,Dhaka,Red X,Card,4.5,5,0,On-Time
102508,2024-12-28,Home and Kitchen,593.17,1.3,Dhaka,redx,Mobile Banking,4.2,1,0,On-Time
106237,2023-04-23,Electronics,150.0,25.4,Dhaka,RedX,Card,3.6,2,1,On-Time
101746,2023-12-06,Home and Kitchen,1479.1,19.6,Khulna,sundarban,Mobile Banking,3.5,2,1,Delayed
105004,2024-11-25,electronics,150.0,13.7,Sylhet,,Card,4.2,2,1,On-Time
101866,2023-06-27,groceries,1096.96,10.7,Chattogram,sundarban,Card,,1,0,On-Time
104501,2023-04-15,Grocery,444.12,21.4,Khulna,Pathao,Cash on Delivery,4.7,1,1,Delayed
103006,2024-06-08,Books,4681.42,,Dhaka,ecourier,Mobile Banking,3.7,3,0,On-Time
102000,2023-08-03,Home & Kitchen,4584.92,19.2,Chattogram,Sundorbon,Cash on Delivery,3.1,4,1,Delayed
106665,2024-02-21,Clothing,150.0,3.3,Dhaka,ecourier,Mobile Banking,5.0,5,0,On-Time
105305,2024-07-10,Clothing,1532.51,10.1,Dhaka,Red X,Mobile Banking,4.3,1,1,On-Time
104170,2023-05-17,electronics,2571.48,1.0,Dhaka,pathao,Cash on Delivery,5.0,3,1,Delayed
107123,2024-06-11,Beauty,200.51,8.1,Sylhet,PATHAO,Mobile Banking,3.6,1,0,Delayed
105679,2023-05-13,books,150.0,1.0,Chattogram,RedX,Cash on Delivery,4.0,3,0,On-Time
104237,2024-04-09,Clothing,540.17,7.5,Dhaka,S.A. Paribahan,Cash on Delivery,4.4,4,0,On-Time
107766,2024-02-10,Clothing,347.57,1.1,Dhaka,S.A. Paribahan,Cash on Delivery,3.6,1,1,On-Time
108905,2024-08-13,Clothing,4118.26,54.3,Dhaka,eCourier,Cash on Delivery,4.8,3,1,Delayed
102178,2023-09-20,Grocery,374.33,2.8,Chattogram,redx,Cash on Delivery,4.0,2,1,On-Time
103351,2024-03-03,Electronics,2312.25,13.7,Rajshahi,ecourier,Mobile Banking,3.7,1,1,On-Time
100240,2023-12-17,Beauty,2964.07,6.8,Dhaka,pathao,Mobile Banking,3.0,6,0,Delayed
106483,2024-02-02,clothing,807.51,31.8,Chattogram,SA Paribahan,Mobile Banking,4.3,1,0,On-Time
100612,2023-04-23,Books,150.0,3.7,Rajshahi,PATHAO,Cash on Delivery,3.3,1,1,Delayed
106287,2023-06-23,books,8160.8,7.3,Khulna,E-Courier,Card,5.0,3,0,On-Time
107571,2023-05-18,Electronics,150.0,1.8,Chattogram,Sundarban,Cash on Delivery,4.4,3,1,On-Time
108507,2023-06-06,Clothing,3199.31,1.3,Chattogram,PATHAO,Cash on Delivery,4.3,2,0,On-Time
103569,2024-12-18,beauty,892.8,37.9,Sylhet,sa paribahan,Card,3.3,2,0,On-Time
100143,2024-05-20,Home & Kitchen,2491.77,7.8,Rajshahi,RedX,Cash on Delivery,4.5,3,0,On-Time
102045,2023-01-18,Beauty,2824.71,5.1,Dhaka,PATHAO,Mobile Banking,4.2,3,0,Delayed
104006,2023-09-04,Beauty,2341.35,6.6,Dhaka,Pathao,Card,3.9,4,0,On-Time
101306,2024-10-28,ELECTRONICS,3965.8,29.9,Rajshahi,redx,Cash on Delivery,4.9,3,0,On-Time
102456,2023-08-30,beauty,981.6,16.8,Chattogram,ecourier,Cash on Delivery,4.7,2,1,On-Time
107486,2024-07-03,beauty,176.54,9.6,Dhaka,sa paribahan,Cash on Delivery,3.4,1,1,Delayed
104910,2023-11-08,electronics,2057.3,41.3,Dhaka,RedX,Cash on Delivery,4.8,2,0,On-Time
104806,2023-12-01,Books,305.9,19.1,Rajshahi,S.A. Paribahan,Mobile Banking,4.4,4,0,On-Time
106121,2024-01-07,Electronics,3259.49,6.3,Chattogram,RedX,Cash on Delivery,3.6,2,1,Delayed
105085,2024-09-05,Electronics,339.72,14.3,Rajshahi,RedX,Mobile Banking,3.4,5,0,On-Time
106047,2024-04-01,Clothing,1367.83,69.3,Dhaka,redx,Cash on Delivery,3.1,2,0,Delayed
108257,2023-07-25,beauty,338.93,52.6,Dhaka,SA Paribahan,Cash on Delivery,3.4,3,1,On-Time
104134,2024-10-29,Clothing,2233.79,17.1,Khulna,SA Paribahan,Card,4.6,3,0,On-Time
102516,2024-09-18,Clothing,1946.54,14.9,Chattogram,Sundarban,Cash on Delivery,4.5,1,0,On-Time
101595,2023-01-24,Clothing,715.97,13.4,Rajshahi,sa paribahan,Mobile Banking,3.9,4,0,On-Time
102625,2024-10-15,ELECTRONICS,150.0,1.1,Sylhet,redx,Cash on Delivery,2.7,7,0,On-Time
102293,2024-03-05,home & kitchen,495.04,1.0,Dhaka,ecourier,Cash on Delivery,4.1,1,1,On-Time
103865,2023-08-13,Electronics,150.0,1.0,Dhaka,E-Courier,Card,3.3,3,0,On-Time
105206,2024-11-15,electronics,472.02,18.7,Dhaka,SA Paribahan,Cash on Delivery,3.6,1,1,On-Time
101985,2023-12-25,groceries,983.37,14.4,Chattogram,sundarban,Mobile Banking,3.2,4,0,On-Time
101111,2024-12-06,Home and Kitchen,657.79,46.4,Chattogram,Sundorbon,Mobile Banking,3.2,3,0,Delayed
105116,2024-01-13,Home and Kitchen,5027.07,11.0,Dhaka,S.A. Paribahan,Mobile Banking,,2,0,On-Time
101121,2024-01-01,groceries,1794.37,51.2,Sylhet,sundarban,Card,2.2,1,1,Delayed
108031,2024-07-13,Electronics,1491.49,5.9,Sylhet,redx,Cash on Delivery,4.4,3,1,On-Time
101960,2024-09-16,Beauty,154.6,8.8,Chattogram,redx,Mobile Banking,4.0,4,1,On-Time
107095,2023-05-06,Clothing,1448.66,4.6,Chattogram,Red X,Mobile Banking,5.0,1,1,On-Time
101378,2024-09-17,Clothing,6205.22,16.0,Dhaka,RedX,Cash on Delivery,3.8,4,0,Delayed
103414,2024-12-04,beauty,732.69,1.0,Rajshahi,SA Paribahan,Cash on Delivery,3.0,1,0,Cancelled
103187,2023-08-31,Home & Kitchen,4462.87,16.6,Dhaka,pathao,Cash on Delivery,3.9,3,1,On-Time
108375,2023-10-04,Grocery,1150.86,1.0,Chattogram,redx,Mobile Banking,4.7,3,0,On-Time
108254,2023-12-25,Beauty,5983.64,15.4,Chattogram,Pathao,Mobile Banking,3.9,1,1,On-Time
106380,2024-09-16,electronics,940.66,4.8,Khulna,RedX,Cash on Delivery,4.3,1,0,On-Time
106455,2024-01-21,Books,1776.74,1.0,Dhaka,pathao,Cash on Delivery,4.9,3,0,On-Time
100149,2023-06-02,beauty,307.79,26.2,Sylhet,sundarban,Mobile Banking,2.9,2,0,On-Time
108961,2023-04-02,home & kitchen,,26.8,Khulna,SA Paribahan,Card,4.5,2,1,Delayed
101898,2023-09-20,electronics,1562.97,3.7,Dhaka,sundarban,Cash on Delivery,2.7,4,0,On-Time
107981,2023-04-01,books,1272.59,3.1,Dhaka,Sundorbon,Mobile Banking,4.8,3,1,On-Time
102874,2024-10-24,Home & Kitchen,376.21,17.2,Chattogram,eCourier,Cash on Delivery,4.6,1,1,Delayed
101878,2024-10-21,clothing,921.56,12.8,Khulna,pathao,Mobile Banking,4.5,3,1,On-Time
103309,2023-10-12,Grocery,352.45,14.8,Dhaka,Red X,Mobile Banking,3.7,3,0,Delayed
108333,2024-04-24,clothing,,25.8,Dhaka,eCourier,Mobile Banking,3.0,1,0,On-Time
104086,2023-01-02,Clothing,153.22,89.4,Rajshahi,pathao,Mobile Banking,4.8,1,0,On-Time
105101,2024-03-29,home & kitchen,6705.45,5.5,Chattogram,RedX,Cash on Delivery,3.6,2,1,On-Time
101059,2023-07-29,Clothing,3650.85,11.9,Rajshahi,Pathao,Card,3.7,1,0,On-Time
101233,2023-11-29,electronics,1608.64,15.6,Dhaka,ecourier,Cash on Delivery,5.0,5,1,Delayed
102217,2024-01-07,Books,1714.91,54.3,Dhaka,pathao,Card,4.2,1,0,Cancelled
103918,2023-09-08,home & kitchen,4602.84,1.5,Chattogram,RedX,Cash on Delivery,4.8,3,0,On-Time
102402,2024-12-16,home & kitchen,1047.63,10.4,Dhaka,sundarban,Cash on Delivery,3.3,4,0,Delayed
107245,2024-01-15,books,561.86,3.7,Khulna,E-Courier,Cash on Delivery,3.8,1,0,On-Time
102249,2024-03-17,home & kitchen,259.88,94.4,Dhaka,S.A. Paribahan,Card,3.2,4,0,Cancelled
102906,2024-01-24,clothing,3280.05,22.4,Dhaka,E-Courier,Mobile Banking,4.7,1,0,On-Time
100062,2024-11-03,Clothing,187.04,21.7,Chattogram,Pathao,Card,3.7,3,0,On-Time
102548,2023-02-06,Electronics,4319.35,5.4,Dhaka,eCourier,Mobile Banking,5.0,4,0,On-Time
101950,2023-12-02,Clothing,150.0,1.0,Dhaka,RedX,Cash on Delivery,3.6,1,0,On-Time
102558,2023-10-03,Electronics,1006.41,33.1,Rajshahi,E-Courier,Card,4.6,1,1,On-Time
108690,2024-09-26,groceries,369.95,10.5,Chattogram,Sundarban,Mobile Banking,3.6,2,1,On-Time
103708,2024-12-01,electronics,5049.94,9.4,Dhaka,Pathao,Cash on Delivery,4.6,3,1,On-Time
107696,2024-11-27,beauty,150.0,9.5,Dhaka,Red X,Cash on Delivery,4.7,5,0,Delayed
102433,2024-08-23,Grocery,2818.08,23.9,Khulna,SA Paribahan,Cash on Delivery,5.0,7,0,On-Time
102418,2023-04-26,groceries,814.81,13.4,Chattogram,RedX,Cash on Delivery,5.0,2,0,On-Time
103948,2024-11-11,Clothing,3354.51,7.0,Dhaka,SA Paribahan,Cash on Delivery,4.8,5,1,On-Time
100725,2024-01-02,electronics,721.42,7.9,Dhaka,pathao,Card,4.4,3,0,Delayed
104708,2024-04-26,ELECTRONICS,560.2,46.5,Dhaka,Red X,Cash on Delivery,4.9,3,0,Delayed
103506,2023-01-10,electronics,2056.29,9.6,Sylhet,S.A. Paribahan,Card,4.2,1,1,Delayed
100044,2024-03-15,groceries,2095.42,1.0,Dhaka,redx,Cash on Delivery,5.0,1,1,On-Time
108466,2023-07-27,Clothing,434.36,12.2,Sylhet,,Mobile Banking,4.0,6,1,On-Time
108703,2024-04-06,Grocery,3282.3,1.0,Chattogram,S.A. Paribahan,Mobile Banking,3.9,3,0,On-Time
106133,2024-04-09,Clothing,2195.09,1.5,Dhaka,Red X,Cash on Delivery,4.8,1,1,On-Time
108913,2024-12-28,Books,2519.65,21.8,Rajshahi,sa paribahan,Cash on Delivery,3.1,3,0,On-Time
102169,2023-11-20,Electronics,595.92,17.2,Chattogram,PATHAO,Card,4.8,4,0,Delayed
106053,2023-01-21,Home and Kitchen,714.52,9.3,Dhaka,Sundarban,Card,3.6,2,0,On-Time
105119,2023-07-20,Clothing,150.0,20.2,Chattogram,E-Courier,Card,3.9,2,0,On-Time
103314,2024-10-22,home & kitchen,150.0,5.1,Khulna,PATHAO,Cash on Delivery,3.9,1,0,Delayed
101291,2023-04-19,Home and Kitchen,1687.42,9.3,Khulna,RedX,Card,4.7,4,0,Delayed
104677,2023-07-09,Beauty,150.0,20.9,Dhaka,PATHAO,Cash on Delivery,3.6,1,0,On-Time
100155,2023-03-18,Clothing,352.64,18.2,Dhaka,Pathao,Cash on Delivery,3.0,2,1,On-Time
107601,2024-05-11,Grocery,150.0,31.4,Chattogram,Red X,Card,4.1,3,1,On-Time
102034,2024-01-22,Beauty,1607.11,13.7,Chattogram,S.A. Paribahan,Mobile Banking,3.1,4,1,On-Time
104399,2024-08-07,Electronics,2621.0,46.3,Dhaka,pathao,Mobile Banking,4.3,1,1,On-Time
102367,2023-11-09,Books,5865.51,3.4,Khulna,sundarban,Mobile Banking,3.6,4,0,Delayed
100457,2023-05-17,ELECTRONICS,150.0,2.6,Sylhet,sa paribahan,Cash on Delivery,3.8,2,0,On-Time
108261,2023-11-11,Groceries,3091.0,3.4,Chattogram,redx,Card,4.3,2,1,On-Time
106248,2024-01-03,Groceries,784.74,1.9,Dhaka,Sundorbon,Cash on Delivery,4.3,3,1,Delayed
103565,2024-01-09,Beauty,3356.9,27.4,Sylhet,RedX,Cash on Delivery,4.9,3,0,On-Time
102340,2023-10-20,Clothing,150.0,8.7,Chattogram,sa paribahan,Cash on Delivery,3.0,2,0,On-Time
101150,2023-08-11,groceries,2168.17,5.9,Chattogram,pathao,Cash on Delivery,4.0,4,0,On-Time
104881,2023-08-18,Groceries,1348.36,2.6,Sylhet,PATHAO,Card,4.8,2,0,On-Time
106673,2023-10-03,Electronics,1125.11,1.0,Chattogram,Pathao,Cash on Delivery,4.4,1,1,Delayed
101292,2024-06-03,groceries,824.88,2.8,Chattogram,redx,Cash on Delivery,3.3,2,0,Delayed
102336,2023-02-21,Electronics,600.94,1.3,Chattogram,ecourier,Cash on Delivery,4.9,3,0,On-Time
103151,2023-03-24,groceries,1643.13,12.1,Dhaka,Red X,Cash on Delivery,4.0,1,1,On-Time
105075,2024-05-07,home & kitchen,300.86,20.5,Khulna,ecourier,Cash on Delivery,3.8,5,0,Delayed
101632,2024-01-01,electronics,3091.87,12.2,Rajshahi,pathao,Cash on Delivery,4.4,2,0,On-Time
102650,2024-05-28,electronics,3562.23,4.8,Dhaka,ecourier,Cash on Delivery,5.0,2,1,Delayed
106399,2023-12-12,ELECTRONICS,2394.76,1.0,Chattogram,RedX,Cash on Delivery,4.4,1,1,Delayed
102811,2023-06-19,Beauty,1936.01,1.4,Dhaka,pathao,Cash on Delivery,4.8,5,0,On-Time
107072,2024-01-02,clothing,664.36,5.8,Dhaka,PATHAO,Cash on Delivery,4.9,2,0,On-Time
108557,2024-11-21,home & kitchen,446.35,3.6,Sylhet,S.A. Paribahan,Cash on Delivery,4.8,4,0,On-Time
101627,2024-11-23,clothing,392.38,68.1,Chattogram,Red X,Mobile Banking,4.6,3,0,On-Time
105709,2024-04-24,beauty,956.46,19.8,Sylhet,pathao,Card,4.1,3,1,Cancelled
103820,2024-12-23,groceries,178.88,24.0,Chattogram,Sundorbon,Card,4.2,2,0,On-Time
101507,2023-08-17,electronics,991.68,7.8,Chattogram,pathao,Mobile Banking,4.2,3,0,On-Time
102979,2023-06-13,Books,613.57,4.9,Dhaka,pathao,Mobile Banking,3.9,3,0,On-Time
107005,2024-02-28,Electronics,2859.01,2.1,Chattogram,S.A. Paribahan,Mobile Banking,3.9,3,0,On-Time
102794,2024-10-09,Beauty,150.0,30.9,Dhaka,Pathao,Mobile Banking,3.6,2,0,On-Time
106979,2024-06-01,Clothing,266.73,5.6,Dhaka,redx,Card,4.1,2,0,On-Time
105551,2023-08-07,clothing,2810.66,11.2,Dhaka,eCourier,Mobile Banking,3.9,2,0,On-Time
103668,2024-05-08,Electronics,1268.94,1.7,Dhaka,eCourier,Cash on Delivery,3.8,1,0,On-Time
105704,2024-11-14,Groceries,967.95,8.4,Chattogram,Sundarban,Cash on Delivery,5.0,1,1,On-Time
107360,2024-10-18,ELECTRONICS,158.77,4.2,Chattogram,redx,Cash on Delivery,4.5,2,1,On-Time
100805,2023-08-02,clothing,,19.4,Chattogram,Sundorbon,Mobile Banking,4.5,2,0,On-Time
107960,2023-01-19,clothing,3428.25,1.0,Dhaka,PATHAO,Mobile Banking,4.2,3,1,Delayed
101895,2024-05-21,groceries,2844.03,15.6,Dhaka,Pathao,Mobile Banking,3.9,4,1,On-Time
108901,2024-09-26,clothing,2063.87,37.3,Chattogram,Pathao,Cash on Delivery,4.3,2,1,On-Time
101274,2024-05-12,clothing,1006.04,3.3,Rajshahi,pathao,Card,,7,0,On-Time
108875,2024-12-17,books,199.87,39.9,Dhaka,,Cash on Delivery,4.0,1,0,Delayed
102196,2023-10-23,electronics,1630.92,16.0,Chattogram,S.A. Paribahan,Cash on Delivery,4.1,4,0,Delayed
103644,2024-06-26,books,3189.12,25.2,Chattogram,pathao,Card,3.4,1,1,On-Time
102568,2024-03-22,Grocery,3626.39,1.0,Dhaka,PATHAO,Cash on Delivery,4.1,1,1,On-Time
108337,2024-12-28,Grocery,804.2,4.3,Sylhet,ecourier,Cash on Delivery,5.0,2,0,On-Time
108235,2024-02-06,Groceries,1400.66,11.3,Dhaka,RedX,Cash on Delivery,4.3,1,0,On-Time
100699,2023-11-18,groceries,1185.9,10.2,Dhaka,Pathao,Cash on Delivery,4.3,1,0,On-Time
108780,2024-09-14,Beauty,163.27,2.0,Sylhet,ecourier,Cash on Delivery,4.1,3,0,Delayed
104744,2023-05-02,Groceries,2009.47,10.8,Chattogram,redx,Cash on Delivery,4.4,2,1,Cancelled
101614,2024-01-19,home & kitchen,150.0,56.7,Rajshahi,PATHAO,Card,4.4,1,0,Delayed
105202,2023-05-09,clothing,1012.88,1.0,Rajshahi,E-Courier,Mobile Banking,4.1,3,1,On-Time
102321,2023-01-10,groceries,9809.35,1.0,Dhaka,ecourier,Mobile Banking,4.6,3,0,On-Time
102227,2024-11-29,clothing,1656.65,10.1,Khulna,RedX,Cash on Delivery,4.2,4,1,On-Time
107170,2023-05-03,Books,1424.82,6.4,Khulna,Red X,Mobile Banking,4.0,2,0,On-Time
101293,2023-03-08,Electronics,382.22,12.9,Dhaka,ecourier,Cash on Delivery,4.0,3,0,On-Time
100953,2023-02-03,ELECTRONICS,1346.68,28.8,Dhaka,sundarban,Cash on Delivery,3.0,1,1,On-Time
103193,2023-11-22,electronics,1652.74,8.1,Dhaka,pathao,Card,4.0,3,1,On-Time
101345,2023-07-11,Electronics,631.06,3.8,Dhaka,Red X,Cash on Delivery,3.6,3,0,On-Time
108783,2023-02-05,Groceries,1873.04,9.9,Chattogram,eCourier,Cash on Delivery,3.8,1,0,On-Time
105613,2024-08-31,Home & Kitchen,4062.72,28.5,Khulna,Pathao,Mobile Banking,4.2,2,1,Delayed
100317,2023-12-05,Home & Kitchen,4908.73,8.3,Dhaka,PATHAO,Cash on Delivery,,1,0,On-Time
104820,2024-07-27,home & kitchen,174.53,1.0,Sylhet,eCourier,Cash on Delivery,3.7,1,1,Delayed
100538,2023-07-18,Grocery,573.96,30.2,Dhaka,Sundorbon,Card,3.5,5,0,On-Time
105907,2024-03-05,Clothing,3909.31,1.3,Dhaka,pathao,Cash on Delivery,3.8,1,1,Delayed
106475,2024-05-10,Clothing,1929.34,4.2,Khulna,Sundorbon,Cash on Delivery,4.2,5,0,On-Time
108710,2023-05-24,Groceries,1161.73,32.8,Dhaka,SA Paribahan,Cash on Delivery,4.5,3,0,Delayed
103068,2023-07-02,Grocery,958.97,2.1,Dhaka,pathao,Mobile Banking,5.0,2,0,Delayed
106527,2024-01-25,books,699.7,30.1,Dhaka,S.A. Paribahan,Mobile Banking,4.4,3,1,On-Time
105328,2023-06-06,books,2534.79,6.1,Dhaka,SA Paribahan,Cash on Delivery,3.9,4,1,Delayed
108988,2023-06-23,Books,1743.25,29.0,Dhaka,Pathao,Mobile Banking,4.1,1,0,On-Time
103077,2023-12-10,beauty,2812.16,2.6,Rajshahi,Sundorbon,Cash on Delivery,3.7,2,0,Delayed
104950,2023-05-04,books,2080.23,4.7,Sylhet,SA Paribahan,Cash on Delivery,4.4,2,1,On-Time
103570,2024-08-01,groceries,2147.75,1.0,Dhaka,sa paribahan,Cash on Delivery,4.6,1,1,On-Time
106426,2024-10-01,Clothing,810.61,10.8,Dhaka,S.A. Paribahan,Mobile Banking,2.8,1,1,On-Time
100654,2023-05-03,beauty,2248.6,22.9,Chattogram,pathao,Cash on Delivery,4.0,3,0,Delayed
104914,2023-05-23,Home & Kitchen,2639.77,9.7,Dhaka,S.A. Paribahan,Cash on Delivery,4.7,2,1,On-Time
103430,2024-03-29,home & kitchen,4055.06,13.6,Dhaka,PATHAO,Card,4.6,1,1,On-Time
104139,2023-08-29,Home & Kitchen,634.27,28.6,Dhaka,PATHAO,Cash on Delivery,4.0,5,0,On-Time
106452,2024-05-23,clothing,347.37,27.7,Dhaka,pathao,Card,4.4,3,1,Delayed
101410,2023-10-16,Books,150.0,1.0,Rajshahi,Sundorbon,Mobile Banking,3.5,1,1,Delayed
106976,2023-08-19,Beauty,1990.16,46.5,Khulna,E-Courier,Cash on Delivery,4.9,5,0,Delayed
100733,2024-02-21,beauty,681.25,75.5,Sylhet,Pathao,Cash on Delivery,3.1,1,1,On-Time
108037,2024-11-09,Home and Kitchen,591.73,20.0,Rajshahi,eCourier,Cash on Delivery,4.8,2,1,On-Time
106208,2024-03-31,Beauty,1077.51,4.5,Dhaka,eCourier,Cash on Delivery,4.8,1,0,On-Time
105681,2024-02-08,electronics,1432.97,24.6,Dhaka,Sundarban,Cash on Delivery,3.9,2,0,Delayed
104335,2024-01-26,Clothing,,32.1,Dhaka,sundarban,Cash on Delivery,3.9,2,1,Delayed
100723,2024-12-30,Groceries,567.21,24.5,Dhaka,SA Paribahan,Cash on Delivery,,1,1,Delayed
104528,2024-09-12,ELECTRONICS,601.83,1.8,Khulna,ecourier,Cash on Delivery,3.6,7,1,On-Time
106846,2024-12-20,clothing,1162.34,13.1,Chattogram,redx,Cash on Delivery,4.0,3,0,On-Time
108930,2023-11-06,groceries,618.47,29.0,Sylhet,Sundorbon,Cash on Delivery,3.7,1,0,Delayed
102440,2023-07-28,books,3065.33,17.9,Chattogram,sundarban,Cash on Delivery,3.6,1,1,Cancelled
102638,2024-09-06,home & kitchen,150.0,15.2,Sylhet,Sundarban,Cash on Delivery,5.0,1,1,On-Time
106175,2024-01-17,groceries,579.41,1.0,Rajshahi,Pathao,Cash on Delivery,4.3,3,1,Delayed
108534,2024-01-22,Grocery,1316.04,1.4,Dhaka,sundarban,Mobile Banking,2.8,4,0,On-Time
100591,2024-07-28,clothing,225.57,10.2,Dhaka,Pathao,Cash on Delivery,4.7,4,0,Delayed
106390,2024-02-29,Electronics,2417.8,10.5,Dhaka,ecourier,Mobile Banking,4.1,1,0,On-Time
102028,2023-08-06,Beauty,393.09,2.0,Chattogram,sundarban,Card,4.7,1,0,On-Time
100675,2023-09-16,Groceries,840.16,39.8,Rajshahi,ecourier,Card,3.8,5,0,On-Time
106681,2023-12-15,groceries,5110.52,38.1,Dhaka,S.A. Paribahan,Mobile Banking,4.4,1,0,Delayed
104751,2023-01-21,Groceries,1085.76,23.9,Rajshahi,Pathao,Card,3.6,1,0,On-Time
107613,2023-12-26,Books,153.59,3.3,Dhaka,Sundorbon,Cash on Delivery,4.2,3,1,On-Time
101582,2024-03-15,electronics,150.0,72.2,Rajshahi,ecourier,Cash on Delivery,3.8,3,1,Delayed
103917,2024-03-22,Home and Kitchen,1750.8,58.3,Dhaka,redx,Card,3.0,2,0,Delayed
107988,2023-07-19,Home and Kitchen,5581.79,21.5,Sylhet,eCourier,Cash on Delivery,4.5,4,0,On-Time
104078,2023-02-19,Clothing,2395.62,14.8,Dhaka,sa paribahan,Cash on Delivery,5.0,2,1,On-Time
107865,2023-08-03,home & kitchen,1520.7,19.1,Dhaka,Sundorbon,Cash on Delivery,3.4,2,1,Delayed
103730,2024-11-23,home & kitchen,3640.25,13.8,Khulna,ecourier,Card,3.9,3,0,On-Time
108233,2024-06-07,Clothing,5045.99,2.2,Dhaka,SA Paribahan,Mobile Banking,3.6,6,0,Delayed
104989,2024-07-31,Home and Kitchen,2922.72,14.1,Khulna,PATHAO,Mobile Banking,4.7,2,0,On-Time
100022,2023-04-02,Grocery,550.55,16.3,Dhaka,redx,Cash on Delivery,4.4,1,0,On-Time
101679,2023-04-21,clothing,1277.91,29.4,Chattogram,Pathao,Cash on Delivery,3.7,3,0,On-Time
107915,2024-03-01,beauty,665.58,1.8,Sylhet,sa paribahan,Mobile Banking,2.8,4,0,On-Time
103208,2023-03-19,Electronics,848.89,18.7,Dhaka,Pathao,Cash on Delivery,4.6,2,0,Delayed
108324,2023-10-24,Clothing,240.19,8.0,Khulna,SA Paribahan,Cash on Delivery,3.4,2,0,Delayed
108476,2023-06-01,clothing,1938.04,22.8,Sylhet,SA Paribahan,Mobile Banking,4.5,1,1,Delayed
104900,2024-06-14,clothing,150.0,1.0,Chattogram,sundarban,Cash on Delivery,4.0,4,1,On-Time
102695,2024-01-26,Clothing,230.46,25.6,Chattogram,Pathao,Cash on Delivery,5.0,1,0,On-Time
106151,2023-08-27,Grocery,2932.48,11.6,Sylhet,redx,Cash on Delivery,5.0,1,0,On-Time
105079,2024-02-14,ELECTRONICS,150.0,16.0,Dhaka,Sundorbon,Card,3.1,2,1,On-Time
105768,2024-10-04,home & kitchen,1944.26,1.9,Sylhet,RedX,Card,4.6,1,1,On-Time
101169,2023-10-09,Grocery,526.18,3.0,Khulna,redx,Cash on Delivery,5.0,2,0,On-Time
101429,2024-01-28,home & kitchen,243.44,12.9,Dhaka,PATHAO,Mobile Banking,3.9,2,0,Delayed
105819,2024-05-07,Grocery,150.0,18.9,Dhaka,sundarban,Card,3.9,1,1,Delayed
104959,2024-07-20,groceries,566.12,1.0,Rajshahi,pathao,Mobile Banking,4.8,2,1,On-Time
105520,2024-03-20,electronics,1010.41,44.2,Chattogram,pathao,Card,3.6,4,0,Delayed
103639,2024-01-14,clothing,2789.69,2.8,Sylhet,Pathao,Cash on Delivery,4.1,1,0,On-Time
107264,2023-11-17,beauty,582.47,28.7,Dhaka,pathao,Card,4.0,1,0,On-Time
107573,2023-12-25,clothing,3058.51,2.5,Sylhet,pathao,Mobile Banking,4.2,1,0,On-Time
100601,2024-06-08,groceries,190.01,18.1,Dhaka,RedX,Mobile Banking,4.0,2,0,Delayed
100982,2023-07-07,Clothing,2432.62,14.9,Sylhet,PATHAO,Mobile Banking,4.8,1,1,Delayed
108486,2023-05-10,electronics,1329.15,9.4,Sylhet,sa paribahan,Cash on Delivery,3.8,2,0,On-Time
108107,2023-10-30,Electronics,479.6,,Chattogram,RedX,Cash on Delivery,3.7,2,0,On-Time
101851,2023-04-10,Clothing,5473.12,1.7,Chattogram,eCourier,Cash on Delivery,3.7,4,1,On-Time
104231,2024-03-31,clothing,2390.86,2.1,Dhaka,Red X,Cash on Delivery,4.5,3,1,Delayed
105655,2024-11-29,Home and Kitchen,2376.79,13.1,Dhaka,S.A. Paribahan,Cash on Delivery,3.4,1,0,Delayed
105128,2024-12-12,books,585.48,11.1,Dhaka,RedX,Mobile Banking,3.9,2,0,On-Time
103922,2023-06-04,electronics,1760.99,3.6,Chattogram,pathao,Mobile Banking,3.6,2,1,Cancelled
107131,2023-12-12,Grocery,1556.21,11.9,Dhaka,sundarban,Mobile Banking,4.1,1,0,On-Time
107420,2023-03-14,Clothing,489.2,34.4,Dhaka,PATHAO,Mobile Banking,4.6,2,0,On-Time
102094,2024-08-03,groceries,910.09,7.2,Chattogram,PATHAO,Mobile Banking,3.6,1,1,Delayed
102886,2024-04-16,electronics,164.27,4.9,Dhaka,ecourier,Cash on Delivery,3.9,8,0,On-Time
104195,2024-11-16,Groceries,6172.09,2.0,Dhaka,S.A. Paribahan,Cash on Delivery,4.1,3,0,On-Time
108077,2023-05-04,Books,468.46,43.2,Dhaka,PATHAO,Cash on Delivery,3.8,1,0,On-Time
104638,2024-02-01,Grocery,3915.81,1.0,Khulna,PATHAO,Cash on Delivery,4.2,4,0,On-Time
107962,2024-03-13,beauty,723.98,17.1,Sylhet,Pathao,Mobile Banking,2.9,2,0,On-Time
101412,2024-05-03,beauty,3066.03,9.9,Dhaka,RedX,Mobile Banking,4.2,3,0,Delayed
107375,2023-03-19,groceries,2054.4,3.7,Khulna,Pathao,Mobile Banking,4.2,3,1,On-Time
104569,2024-12-30,clothing,1197.26,19.3,Dhaka,Sundarban,Cash on Delivery,4.8,1,0,On-Time
101631,2024-09-01,Home and Kitchen,533.49,37.9,Dhaka,ecourier,Mobile Banking,3.2,3,0,Delayed
105833,2024-12-03,electronics,2284.27,7.9,Rajshahi,ecourier,Cash on Delivery,2.9,4,0,On-Time
105941,2023-05-16,Groceries,150.0,6.3,Chattogram,Sundorbon,Cash on Delivery,3.9,3,1,On-Time
106459,2024-05-02,home & kitchen,1472.72,1.0,Chattogram,pathao,Card,4.0,2,1,On-Time
103857,2024-07-20,clothing,469.39,8.8,Rajshahi,Sundorbon,Mobile Banking,3.3,7,1,On-Time
105618,2024-06-01,clothing,150.0,1.5,Khulna,eCourier,Card,4.0,3,0,On-Time
108016,2023-06-08,clothing,3591.78,16.5,Khulna,redx,Mobile Banking,4.2,1,0,On-Time
101769,2024-03-02,Grocery,1791.5,7.1,Dhaka,Sundarban,Cash on Delivery,4.8,3,1,Delayed
101596,2024-03-09,electronics,2876.61,10.6,Chattogram,sa paribahan,Cash on Delivery,4.0,1,0,On-Time
106417,2024-11-07,Electronics,1021.43,5.2,Khulna,PATHAO,Cash on Delivery,4.4,6,0,On-Time
101537,2023-09-13,home & kitchen,1597.79,,Sylhet,PATHAO,Cash on Delivery,3.8,5,0,Delayed
101751,2023-10-28,Clothing,1312.85,1.0,Rajshahi,Pathao,Cash on Delivery,4.1,3,1,Delayed
105839,2023-12-15,clothing,,15.6,Dhaka,sundarban,Cash on Delivery,5.0,5,0,On-Time
102348,2024-04-17,clothing,289.23,5.8,Chattogram,sundarban,Mobile Banking,4.7,3,0,Delayed
102726,2024-09-29,Home and Kitchen,1745.79,,Dhaka,Sundorbon,Cash on Delivery,5.0,2,1,Delayed
104672,2024-03-30,groceries,2982.66,4.9,Dhaka,RedX,Cash on Delivery,3.8,3,0,Delayed
104753,2024-11-19,Beauty,605.65,3.7,Sylhet,Red X,Cash on Delivery,4.5,4,0,Delayed
102820,2023-04-29,electronics,3755.31,7.9,Dhaka,PATHAO,Card,3.7,3,0,On-Time
101841,2024-10-17,beauty,195.75,9.5,Rajshahi,S.A. Paribahan,Mobile Banking,4.4,2,0,On-Time
107498,2024-01-20,Beauty,271.78,1.0,Sylhet,E-Courier,Card,4.4,2,0,Delayed
100741,2024-02-24,clothing,183.66,18.5,Rajshahi,Sundorbon,Cash on Delivery,4.6,2,0,On-Time
107433,2024-08-25,Grocery,2194.8,32.7,Dhaka,Sundorbon,Mobile Banking,3.1,1,0,Delayed
108579,2024-03-31,Groceries,783.76,27.0,Dhaka,E-Courier,Card,4.7,5,0,On-Time
104354,2024-09-20,electronics,581.73,1.9,Sylhet,RedX,Cash on Delivery,4.0,1,0,On-Time
104886,2023-12-11,Books,150.0,29.9,Chattogram,Pathao,Mobile Banking,4.1,2,0,On-Time
103701,2024-08-25,books,150.0,16.4,Khulna,Red X,Mobile Banking,3.9,2,1,On-Time
104144,2024-03-15,clothing,3110.67,4.2,Khulna,SA Paribahan,Mobile Banking,4.5,2,1,On-Time
103598,2023-09-27,Groceries,1096.45,7.2,Dhaka,sa paribahan,Cash on Delivery,4.3,2,1,On-Time
103711,2024-03-11,Books,1676.48,11.4,Sylhet,RedX,Card,4.2,1,0,On-Time
104206,2023-08-01,electronics,150.0,2.1,Chattogram,Pathao,Cash on Delivery,5.0,4,0,Cancelled
102006,2023-06-08,Electronics,3896.74,4.0,Khulna,sundarban,Mobile Banking,3.6,3,0,On-Time
100225,2024-02-17,Beauty,1074.77,8.3,Sylhet,PATHAO,Cash on Delivery,3.0,3,0,On-Time
102855,2024-07-15,Home & Kitchen,150.0,16.9,Chattogram,pathao,Mobile Banking,4.1,4,1,On-Time
107247,2023-03-09,groceries,4343.03,2.9,Chattogram,E-Courier,Cash on Delivery,4.5,2,1,On-Time
104360,2024-05-17,Clothing,206.45,30.3,Dhaka,PATHAO,Cash on Delivery,4.7,6,0,Delayed
107797,2023-07-01,Electronics,756.35,3.2,Dhaka,pathao,Mobile Banking,4.1,6,0,On-Time
107924,2023-02-20,Electronics,851.95,33.5,Dhaka,Sundarban,Cash on Delivery,5.0,2,0,Delayed
102752,2023-05-06,Clothing,3723.43,1.0,Khulna,sundarban,Card,3.7,4,0,Delayed
104221,2024-12-19,Beauty,783.69,3.2,Rajshahi,redx,Cash on Delivery,3.6,1,0,Delayed
102799,2024-09-24,ELECTRONICS,771.42,30.3,Khulna,pathao,Cash on Delivery,3.9,3,0,On-Time
106576,2024-01-13,Clothing,341.87,4.7,Sylhet,PATHAO,Cash on Delivery,4.1,1,0,On-Time
102882,2023-08-30,Clothing,3017.75,2.5,Dhaka,eCourier,Cash on Delivery,4.5,1,0,On-Time
106914,2023-10-21,Grocery,1387.51,1.0,Dhaka,sa paribahan,Card,4.4,1,0,On-Time
106642,2023-07-05,Groceries,150.0,28.6,Dhaka,Sundorbon,Cash on Delivery,4.0,1,0,Delayed
102924,2023-04-06,clothing,3390.79,3.5,Dhaka,SA Paribahan,Cash on Delivery,5.0,7,0,On-Time
101089,2024-09-07,Beauty,4621.99,24.0,Khulna,,Card,4.4,1,0,On-Time
104186,2024-07-14,Home and Kitchen,920.58,2.6,Khulna,Red X,Mobile Banking,3.1,1,0,On-Time
104042,2024-05-01,ELECTRONICS,202.14,45.8,Chattogram,redx,Mobile Banking,4.5,1,0,On-Time
102108,2023-11-25,beauty,1612.43,5.4,Chattogram,sundarban,Cash on Delivery,4.4,1,0,On-Time
101420,2024-06-22,Home & Kitchen,461.66,5.8,Chattogram,sa paribahan,Mobile Banking,4.2,1,0,On-Time
108587,2023-04-01,ELECTRONICS,943.91,13.2,Sylhet,RedX,Card,3.8,2,1,On-Time
100227,2023-06-26,groceries,9172.3,17.9,Dhaka,ecourier,Cash on Delivery,5.0,2,0,On-Time
106280,2024-05-15,Groceries,839.18,25.1,Sylhet,redx,Cash on Delivery,4.3,3,0,On-Time
100645,2024-01-03,groceries,5291.03,21.9,Dhaka,PATHAO,Cash on Delivery,3.8,3,0,On-Time
100186,2023-11-10,ELECTRONICS,2466.61,48.5,Dhaka,sundarban,Cash on Delivery,3.3,2,1,Delayed
107070,2024-05-22,electronics,164.41,38.0,Chattogram,redx,Mobile Banking,3.9,5,0,On-Time
102165,2024-02-03,Electronics,1660.96,2.8,Sylhet,sundarban,Cash on Delivery,4.7,2,0,Delayed
102400,2024-03-17,ELECTRONICS,3439.18,10.3,Dhaka,SA Paribahan,Cash on Delivery,4.6,2,0,On-Time
106902,2023-04-19,Clothing,1402.6,6.5,Dhaka,RedX,Cash on Delivery,3.7,2,0,On-Time
101082,2023-01-21,ELECTRONICS,1039.28,17.7,Dhaka,SA Paribahan,Cash on Delivery,3.3,1,0,On-Time
101597,2024-11-12,Books,1851.76,6.1,Dhaka,SA Paribahan,Cash on Delivery,2.6,1,1,On-Time
100959,2023-12-18,books,1603.22,88.1,Dhaka,Sundarban,Cash on Delivery,4.9,4,0,Cancelled
103627,2024-09-27,Grocery,355.69,7.0,Chattogram,SA Paribahan,Card,,2,0,Delayed
103345,2024-12-14,clothing,4350.86,100.1,Dhaka,ecourier,Cash on Delivery,4.7,3,0,Delayed
108903,2023-03-12,clothing,150.0,33.9,Dhaka,redx,Cash on Delivery,4.1,1,0,Delayed
108878,2024-06-06,Home and Kitchen,150.0,15.5,Khulna,PATHAO,Cash on Delivery,4.3,1,1,On-Time
104943,2024-01-24,Books,1885.3,15.1,Sylhet,RedX,Cash on Delivery,4.5,2,0,On-Time
107106,2024-11-13,clothing,1362.41,1.0,Dhaka,pathao,Card,4.0,3,0,On-Time
105906,2024-10-19,Home & Kitchen,780.7,15.8,Dhaka,redx,Cash on Delivery,4.4,3,1,On-Time
103384,2024-04-02,clothing,,1.4,Dhaka,Pathao,Cash on Delivery,4.5,1,1,On-Time
103444,2024-01-29,Groceries,982.32,8.0,Sylhet,PATHAO,Cash on Delivery,4.8,3,0,On-Time
100195,2023-09-03,Beauty,1841.46,5.3,Khulna,Pathao,Card,2.7,1,1,On-Time
108541,2023-04-17,Home & Kitchen,150.0,25.4,Rajshahi,Pathao,Cash on Delivery,2.9,1,0,Delayed
106936,2023-05-13,Groceries,150.0,17.0,Khulna,RedX,Mobile Banking,3.6,7,1,On-Time
107309,2023-01-02,clothing,272.72,3.0,Khulna,sa paribahan,Cash on Delivery,4.7,6,0,Delayed
100386,2023-12-15,clothing,439.54,17.0,Dhaka,pathao,Cash on Delivery,3.3,1,1,On-Time
106230,2024-01-15,clothing,1253.97,15.3,Dhaka,pathao,Mobile Banking,3.9,5,0,On-Time
103981,2023-02-04,Home and Kitchen,3249.33,2.3,Dhaka,RedX,Mobile Banking,4.2,1,1,On-Time
105292,2024-12-14,electronics,206.95,1.0,Dhaka,E-Courier,Cash on Delivery,4.2,2,1,On-Time
108086,2024-11-07,Clothing,1994.91,,Sylhet,Sundarban,Mobile Banking,4.7,1,1,On-Time
107971,2024-04-05,clothing,168.84,5.9,Sylhet,sa paribahan,Cash on Delivery,4.7,2,0,On-Time
101386,2023-08-27,clothing,557.54,10.4,Rajshahi,pathao,Cash on Delivery,4.4,2,0,Delayed
106679,2024-03-30,groceries,3784.8,9.3,Chattogram,PATHAO,Cash on Delivery,3.9,2,1,On-Time
103717,2023-11-28,Beauty,2820.8,16.9,Khulna,RedX,Mobile Banking,3.3,2,0,On-Time
100178,2024-09-24,clothing,1550.45,1.0,Dhaka,ecourier,Cash on Delivery,3.7,1,0,On-Time
107632,2024-04-26,Electronics,1733.38,7.8,Sylhet,Red X,Cash on Delivery,3.9,3,0,On-Time
108226,2023-09-21,electronics,1328.83,1.3,Dhaka,S.A. Paribahan,Card,4.7,2,0,On-Time
105097,2024-10-12,ELECTRONICS,482.98,7.9,Khulna,ecourier,Cash on Delivery,5.0,4,0,On-Time
107606,2023-07-28,books,5468.77,6.2,Dhaka,Red X,Cash on Delivery,4.4,1,1,On-Time
102168,2024-03-09,Groceries,3170.66,14.7,Rajshahi,Red X,Cash on Delivery,4.7,5,0,Delayed
108487,2024-02-07,books,2628.45,14.9,Chattogram,eCourier,Cash on Delivery,4.2,2,1,On-Time
105042,2024-03-20,beauty,389.38,11.4,Sylhet,sa paribahan,Mobile Banking,3.8,1,1,On-Time
101615,2024-09-10,ELECTRONICS,2992.28,3.2,Rajshahi,eCourier,Cash on Delivery,4.8,3,1,On-Time
102716,2023-04-19,Beauty,598.91,13.4,Dhaka,Pathao,Cash on Delivery,4.7,4,0,On-Time
100180,2023-10-30,home & kitchen,2666.93,5.3,Dhaka,sa paribahan,Card,4.5,4,0,On-Time
102904,2024-04-10,ELECTRONICS,1049.9,14.2,Dhaka,sundarban,Cash on Delivery,4.2,4,1,Delayed
107596,2023-05-23,Clothing,975.02,18.1,Chattogram,Pathao,Mobile Banking,4.2,1,0,On-Time
108076,2023-01-06,electronics,333.25,8.7,Dhaka,PATHAO,Cash on Delivery,5.0,1,0,On-Time
104555,2023-06-15,Clothing,815.41,6.7,Dhaka,sundarban,Cash on Delivery,3.4,4,1,Delayed
102187,2023-03-14,home & kitchen,5299.66,19.1,Khulna,redx,Mobile Banking,,2,0,Delayed
101148,2023-10-25,Clothing,150.0,2.2,Dhaka,PATHAO,Mobile Banking,4.6,3,0,On-Time
104585,2023-05-31,Groceries,4756.36,5.1,Chattogram,redx,Cash on Delivery,4.2,2,1,On-Time
101658,2023-12-15,Home and Kitchen,4404.57,5.6,Sylhet,sa paribahan,Cash on Delivery,3.6,2,1,On-Time
103248,2024-05-10,clothing,646.62,12.8,Chattogram,pathao,Cash on Delivery,3.1,6,0,Delayed
100919,2023-11-09,Grocery,1373.8,14.6,Dhaka,Pathao,Mobile Banking,4.3,1,0,Delayed
108095,2024-07-31,Beauty,1365.0,19.6,Rajshahi,eCourier,Mobile Banking,4.2,1,0,On-Time
106430,2023-06-13,Groceries,,10.0,Rajshahi,S.A. Paribahan,Mobile Banking,4.3,3,0,Delayed
105595,2024-01-27,Grocery,1250.78,8.0,Dhaka,SA Paribahan,Mobile Banking,4.6,2,0,Delayed
102106,2024-02-13,Groceries,2686.69,18.6,Dhaka,ecourier,Cash on Delivery,5.0,4,1,On-Time
108879,2023-06-11,groceries,2329.09,31.8,Sylhet,Pathao,Card,5.0,4,0,Delayed
100726,2023-12-31,Home & Kitchen,7886.69,4.0,Rajshahi,SA Paribahan,Card,3.9,3,0,On-Time
107702,2024-09-24,Beauty,532.4,6.7,Khulna,RedX,Card,3.8,3,1,On-Time
104515,2023-03-04,ELECTRONICS,161.16,10.6,Khulna,eCourier,Card,5.0,3,0,On-Time
100425,2023-08-18,ELECTRONICS,3155.2,4.5,Chattogram,Red X,Cash on Delivery,4.9,3,1,On-Time
107728,2024-04-16,Grocery,1172.19,1.4,Dhaka,RedX,Mobile Banking,4.9,3,0,On-Time
107810,2023-07-11,groceries,575.58,3.5,Dhaka,RedX,Card,4.1,1,0,On-Time
105890,2023-10-06,ELECTRONICS,1945.91,34.3,Sylhet,RedX,Cash on Delivery,4.3,3,1,On-Time
107794,2023-10-02,beauty,150.0,46.0,Dhaka,eCourier,Mobile Banking,4.7,1,0,On-Time
104641,2024-11-27,electronics,2414.01,5.3,Dhaka,RedX,Cash on Delivery,4.3,5,0,On-Time
106089,2023-01-07,electronics,203.64,9.7,Rajshahi,sundarban,Cash on Delivery,3.9,1,1,Delayed
102141,2023-07-30,home & kitchen,187.69,8.0,Khulna,S.A. Paribahan,Mobile Banking,3.2,1,0,Delayed
103127,2024-11-15,home & kitchen,150.0,15.1,Dhaka,Red X,Cash on Delivery,4.2,4,0,Delayed
105742,2023-08-15,Home and Kitchen,259.45,3.6,Dhaka,sundarban,Cash on Delivery,4.3,1,1,On-Time
105987,2024-04-28,beauty,3377.34,1.2,Dhaka,redx,Card,3.7,1,0,On-Time
101375,2023-12-18,Beauty,150.0,42.5,Dhaka,S.A. Paribahan,Mobile Banking,3.7,1,1,Delayed
102689,2023-08-28,ELECTRONICS,270.91,2.6,Chattogram,Pathao,Cash on Delivery,3.5,4,1,Delayed
104973,2024-02-08,Clothing,4070.77,,Sylhet,Pathao,Cash on Delivery,4.1,2,0,Delayed
101097,2024-04-23,Groceries,4574.02,13.9,Khulna,S.A. Paribahan,Mobile Banking,3.0,4,0,On-Time
101320,2024-12-29,clothing,890.55,13.7,Dhaka,redx,Mobile Banking,5.0,2,0,Delayed
104767,2024-01-30,Home and Kitchen,464.51,3.9,Dhaka,RedX,Cash on Delivery,3.7,7,0,Delayed
103966,2024-11-01,Books,1487.71,2.2,Dhaka,sundarban,Card,4.4,1,0,On-Time
100293,2023-07-02,groceries,2736.77,1.0,Dhaka,PATHAO,Mobile Banking,3.7,4,1,On-Time
107401,2023-11-19,beauty,150.0,44.7,Chattogram,PATHAO,Card,4.3,3,0,Delayed
105666,2024-07-18,clothing,5349.48,9.9,Rajshahi,Sundorbon,Cash on Delivery,5.0,1,1,Delayed
100452,2023-07-15,ELECTRONICS,1765.13,3.5,Dhaka,,Mobile Banking,3.6,2,0,On-Time
107338,2024-10-21,Beauty,1038.87,63.1,Chattogram,Pathao,Mobile Banking,4.0,2,0,Delayed
105581,2024-12-15,Groceries,1108.68,10.5,Sylhet,Red X,Card,3.7,4,1,On-Time
102554,2024-08-08,Grocery,881.23,17.2,Dhaka,ecourier,Cash on Delivery,4.4,4,1,Delayed
106986,2023-01-08,Home and Kitchen,3074.24,13.4,Sylhet,SA Paribahan,Cash on Delivery,3.5,4,0,Delayed
102921,2024-12-17,ELECTRONICS,1128.03,7.0,Khulna,eCourier,Cash on Delivery,4.3,1,0,On-Time
106166,2023-12-18,Grocery,3268.53,3.4,Sylhet,RedX,Cash on Delivery,4.1,1,0,On-Time
102262,2023-01-14,electronics,324.09,2.3,Dhaka,RedX,Cash on Delivery,5.0,7,1,On-Time
105621,2024-11-20,Grocery,1456.02,5.3,Dhaka,Pathao,Cash on Delivery,4.7,4,0,On-Time
105088,2023-03-12,Grocery,3358.2,13.2,Rajshahi,sa paribahan,Mobile Banking,4.1,2,1,On-Time
106726,2023-09-15,electronics,1860.38,5.8,Rajshahi,sa paribahan,Card,,4,1,On-Time
103894,2023-01-30,home & kitchen,2031.47,,Chattogram,PATHAO,Card,4.8,1,1,On-Time
106853,2024-11-20,Groceries,2824.86,18.9,Khulna,PATHAO,Cash on Delivery,4.5,2,0,On-Time
108378,2023-06-10,Grocery,2352.42,42.6,Chattogram,sundarban,Cash on Delivery,3.6,5,0,Cancelled
108786,2023-11-28,beauty,1456.06,11.7,Dhaka,Sundarban,Card,4.4,2,0,On-Time
105784,2023-11-04,books,439.9,26.8,Dhaka,PATHAO,Cash on Delivery,2.8,1,0,On-Time
104140,2024-12-23,Grocery,821.36,2.4,Sylhet,pathao,Cash on Delivery,4.5,1,0,On-Time
103722,2023-04-05,Clothing,759.87,6.8,Chattogram,Pathao,Card,4.4,1,1,On-Time
108996,2024-11-11,books,1765.92,26.7,Khulna,Sundarban,Cash on Delivery,4.0,3,1,Delayed
102234,2024-05-16,Groceries,967.36,9.5,Dhaka,redx,Mobile Banking,3.5,5,0,On-Time
103715,2024-09-04,books,1486.56,15.9,Dhaka,PATHAO,Cash on Delivery,4.4,2,0,On-Time
102720,2024-08-03,Clothing,593.79,15.1,Sylhet,Pathao,Card,4.0,1,0,On-Time
104577,2024-05-15,electronics,2099.85,3.2,Sylhet,sa paribahan,Mobile Banking,3.6,1,1,Delayed
104118,2023-08-22,Clothing,507.62,22.3,Dhaka,Pathao,Cash on Delivery,3.9,2,0,On-Time
101468,2023-03-05,ELECTRONICS,150.0,7.7,Sylhet,Sundorbon,Card,4.5,2,0,On-Time
105194,2023-09-17,groceries,2970.79,1.0,Dhaka,sundarban,Cash on Delivery,3.7,4,1,Delayed
106578,2023-11-13,home & kitchen,1230.85,1.0,Dhaka,Red X,Cash on Delivery,4.1,3,1,On-Time
101530,2023-04-15,Clothing,465.72,5.7,Dhaka,E-Courier,Cash on Delivery,5.0,1,0,On-Time
100669,2024-01-20,ELECTRONICS,,20.3,Sylhet,pathao,Mobile Banking,3.9,5,1,On-Time
103608,2023-01-09,groceries,1486.18,25.6,Dhaka,pathao,Mobile Banking,3.6,2,0,On-Time
105174,2024-08-16,electronics,542.11,42.7,Dhaka,Sundorbon,Mobile Banking,3.5,2,1,On-Time
107877,2024-06-24,Groceries,3913.99,1.9,Dhaka,PATHAO,Cash on Delivery,4.3,1,0,On-Time
102991,2024-01-14,clothing,2254.74,7.0,Dhaka,eCourier,Cash on Delivery,4.4,2,0,On-Time
106456,2024-06-06,Beauty,240.58,11.8,Dhaka,ecourier,Cash on Delivery,4.6,4,1,On-Time
102447,2023-03-12,Clothing,499.13,9.9,Rajshahi,RedX,Cash on Delivery,4.6,3,0,On-Time
103647,2024-12-16,beauty,1302.47,27.3,Chattogram,Sundarban,Cash on Delivery,5.0,3,0,On-Time
106083,2024-08-21,clothing,5702.26,13.7,Sylhet,Red X,Card,4.2,2,0,On-Time
100111,2024-07-31,Home & Kitchen,1141.42,33.2,Dhaka,pathao,Cash on Delivery,4.1,4,1,Delayed
106889,2024-09-09,Clothing,1362.46,25.4,Dhaka,E-Courier,Cash on Delivery,3.1,3,0,On-Time
106392,2023-12-12,Beauty,2096.2,4.9,Chattogram,,Mobile Banking,5.0,5,0,Delayed
100410,2024-07-03,clothing,150.0,2.4,Sylhet,pathao,Mobile Banking,4.5,2,0,Delayed
103074,2024-01-19,electronics,2416.29,1.0,Rajshahi,PATHAO,Card,4.4,2,0,On-Time
107372,2023-06-01,Clothing,387.82,38.7,Sylhet,ecourier,Cash on Delivery,4.6,1,1,On-Time
106761,2024-12-02,books,1368.24,15.2,Dhaka,Red X,Cash on Delivery,4.0,2,0,On-Time
102523,2024-07-11,clothing,864.17,35.6,Dhaka,redx,Mobile Banking,4.2,2,1,Delayed
107585,2024-10-16,clothing,4476.32,6.5,Chattogram,Sundarban,Cash on Delivery,5.0,2,0,Delayed
101067,2023-06-20,Clothing,341.18,9.3,Khulna,PATHAO,Cash on Delivery,4.3,3,0,On-Time
107889,2024-04-05,Groceries,1097.07,21.1,Sylhet,pathao,Cash on Delivery,4.6,1,0,On-Time
105694,2024-11-13,Groceries,150.0,77.8,Dhaka,redx,Cash on Delivery,4.2,2,1,Delayed
102694,2023-07-16,home & kitchen,3073.91,14.9,Chattogram,SA Paribahan,Cash on Delivery,3.7,4,1,On-Time
106438,2024-03-03,ELECTRONICS,150.0,18.2,Khulna,redx,Card,3.1,4,0,On-Time
106690,2024-08-29,Groceries,3142.27,2.0,Sylhet,PATHAO,Cash on Delivery,4.7,4,1,On-Time
108562,2023-07-18,Clothing,212.66,7.4,Rajshahi,Sundarban,Mobile Banking,4.0,4,0,Delayed
107421,2023-06-29,Groceries,814.12,4.1,Dhaka,E-Courier,Cash on Delivery,4.0,5,0,On-Time
107926,2024-05-05,Electronics,423.11,44.8,Dhaka,PATHAO,Cash on Delivery,4.1,3,0,Delayed
105779,2024-07-11,clothing,423.71,56.0,Chattogram,S.A. Paribahan,Cash on Delivery,4.2,4,0,Delayed
104623,2023-05-30,Clothing,686.2,16.1,Dhaka,Red X,Cash on Delivery,4.1,2,1,Delayed
103095,2024-06-02,groceries,3574.64,41.0,Khulna,Sundarban,Mobile Banking,3.7,1,1,Delayed
104770,2023-08-25,ELECTRONICS,293.82,4.5,Dhaka,Pathao,Mobile Banking,3.5,3,0,On-Time
105780,2024-09-14,ELECTRONICS,1173.02,8.4,Khulna,RedX,Card,3.5,2,0,On-Time
105900,2024-07-04,electronics,3231.72,15.8,Dhaka,Red X,Card,5.0,1,0,On-Time
107322,2024-02-01,Beauty,2568.74,1.6,Dhaka,pathao,Card,4.6,1,0,On-Time
102353,2024-12-26,Beauty,150.0,1.7,Dhaka,Sundorbon,Cash on Delivery,4.5,2,0,Delayed
107224,2024-03-17,Home & Kitchen,466.98,,Chattogram,E-Courier,Mobile Banking,4.8,2,0,Delayed
107234,2024-03-02,Clothing,1684.76,19.8,Chattogram,Pathao,Cash on Delivery,4.3,2,0,Delayed
107623,2023-07-15,Grocery,1341.25,19.0,Chattogram,PATHAO,Cash on Delivery,3.6,1,0,On-Time
100296,2023-03-01,Home & Kitchen,1379.49,1.0,Dhaka,Red X,Cash on Delivery,4.7,3,1,On-Time
102993,2024-03-20,Groceries,501.99,31.1,Dhaka,S.A. Paribahan,Cash on Delivery,3.3,1,0,Delayed
108205,2024-05-03,ELECTRONICS,1443.63,31.5,Dhaka,E-Courier,Cash on Delivery,4.1,3,0,Delayed
103262,2024-05-15,clothing,1331.36,10.6,Khulna,redx,Card,3.4,4,1,On-Time
101554,2024-01-04,Home & Kitchen,3245.59,5.1,Dhaka,ecourier,Mobile Banking,3.8,1,0,On-Time
100619,2024-10-12,Clothing,695.49,21.4,Khulna,sa paribahan,Cash on Delivery,3.9,3,1,On-Time
107140,2023-07-20,Home and Kitchen,3554.33,3.9,Khulna,RedX,Card,4.0,3,0,Delayed
103326,2024-06-22,electronics,5288.2,4.2,Chattogram,eCourier,Mobile Banking,4.6,2,0,On-Time
103343,2024-02-26,Grocery,3619.3,35.4,Khulna,RedX,Mobile Banking,2.7,4,0,On-Time
105792,2024-10-09,groceries,150.0,6.9,Dhaka,sa paribahan,Mobile Banking,4.1,9,0,On-Time
102203,2024-05-14,ELECTRONICS,1024.43,15.3,Dhaka,pathao,Cash on Delivery,5.0,1,1,On-Time
103266,2024-07-06,Electronics,150.0,,Khulna,sa paribahan,Card,4.2,2,1,On-Time
106663,2024-03-18,Clothing,5039.42,6.0,Chattogram,RedX,Card,3.8,1,0,On-Time
107531,2024-06-22,clothing,705.75,8.2,Rajshahi,E-Courier,Cash on Delivery,3.9,4,1,Delayed
100623,2023-10-13,electronics,150.0,14.0,Chattogram,Pathao,Cash on Delivery,4.1,3,0,Delayed
101598,2023-10-25,books,1104.6,15.0,Khulna,RedX,Cash on Delivery,4.5,3,1,On-Time
104448,2023-05-02,home & kitchen,548.26,47.2,Dhaka,E-Courier,Cash on Delivery,3.3,2,1,On-Time
106864,2024-08-09,clothing,1565.77,48.4,Dhaka,,Mobile Banking,2.8,1,0,On-Time
101031,2023-04-02,ELECTRONICS,638.75,4.4,Dhaka,E-Courier,Cash on Delivery,4.5,1,0,On-Time
100042,2023-05-23,clothing,412.84,8.2,Rajshahi,ecourier,Mobile Banking,4.1,2,1,Delayed
102438,2024-02-01,groceries,247.76,15.4,Dhaka,Red X,Mobile Banking,4.3,3,1,On-Time
103102,2023-01-30,Home & Kitchen,3305.51,4.2,Dhaka,PATHAO,Mobile Banking,2.8,1,0,On-Time
108842,2023-09-18,electronics,1679.14,2.1,Dhaka,Red X,Cash on Delivery,3.9,4,1,On-Time
108355,2024-04-09,electronics,156.92,28.3,Khulna,sa paribahan,Mobile Banking,3.3,2,0,On-Time
107824,2024-01-23,Home & Kitchen,7144.8,3.6,Sylhet,RedX,Cash on Delivery,4.0,1,0,On-Time
104155,2024-03-08,Beauty,522.02,17.5,Chattogram,sundarban,Cash on Delivery,,1,0,Delayed
108384,2024-01-27,electronics,150.0,7.2,Rajshahi,ecourier,Card,3.4,2,0,Delayed
102666,2023-07-11,Clothing,1038.3,7.2,Sylhet,RedX,Mobile Banking,3.0,2,0,On-Time
105480,2024-10-28,Groceries,3652.5,2.2,Chattogram,sa paribahan,Mobile Banking,3.5,3,1,Delayed
107745,2024-07-12,Electronics,2619.23,1.0,Dhaka,SA Paribahan,Cash on Delivery,3.5,3,1,Delayed
102795,2024-01-10,beauty,2689.33,30.6,Dhaka,,Card,4.4,1,0,Delayed
102173,2024-06-19,electronics,1170.24,19.6,Chattogram,Red X,Cash on Delivery,5.0,3,1,On-Time
106623,2023-10-31,groceries,2582.27,22.9,Dhaka,redx,Mobile Banking,4.3,1,1,On-Time
108078,2024-12-22,Electronics,1238.65,10.9,Dhaka,pathao,Cash on Delivery,3.6,2,1,On-Time
100058,2024-04-10,electronics,1083.81,1.7,Chattogram,redx,Card,3.6,7,1,On-Time
106884,2024-05-05,Clothing,912.96,30.9,Khulna,ecourier,Cash on Delivery,3.7,5,0,Delayed
100295,2023-08-01,Clothing,6439.28,23.9,Sylhet,PATHAO,Cash on Delivery,3.6,4,0,Delayed
100475,2024-11-06,Clothing,150.0,8.8,Dhaka,E-Courier,Cash on Delivery,3.8,1,1,Delayed
100804,2023-04-27,electronics,678.67,10.0,Sylhet,RedX,Cash on Delivery,3.7,2,1,On-Time
101351,2024-03-15,beauty,3323.01,4.7,Rajshahi,pathao,Cash on Delivery,4.6,3,0,On-Time
104163,2024-05-30,groceries,183.31,5.1,Sylhet,Sundorbon,Mobile Banking,4.1,1,0,On-Time
108482,2024-04-16,clothing,866.85,32.7,Dhaka,redx,Cash on Delivery,4.0,1,0,On-Time
108935,2024-12-17,Clothing,3937.73,3.0,Chattogram,ecourier,Cash on Delivery,3.9,3,1,Delayed
101662,2023-12-18,Beauty,200.2,6.3,Khulna,eCourier,Mobile Banking,4.3,2,0,On-Time
106771,2023-08-16,Books,2327.99,21.1,Rajshahi,eCourier,Cash on Delivery,4.4,2,0,On-Time
107163,2024-01-07,Electronics,368.52,25.2,Chattogram,Sundorbon,Cash on Delivery,4.5,5,1,Delayed
102894,2024-09-13,Home & Kitchen,328.15,9.5,Chattogram,pathao,Cash on Delivery,3.8,3,1,On-Time
102399,2023-10-11,Groceries,452.05,41.9,Dhaka,SA Paribahan,Cash on Delivery,4.0,3,1,Delayed
107055,2023-03-16,Home & Kitchen,1839.04,14.3,Sylhet,Sundarban,Mobile Banking,3.6,3,0,Delayed
100132,2023-06-06,Clothing,1457.27,9.0,Dhaka,PATHAO,Mobile Banking,3.6,1,0,On-Time
105258,2023-05-06,clothing,1557.19,6.5,Khulna,S.A. Paribahan,Cash on Delivery,4.7,5,0,Delayed
100282,2024-04-07,groceries,756.3,9.5,Chattogram,Sundorbon,Cash on Delivery,3.9,4,0,On-Time
107092,2024-01-26,ELECTRONICS,261.77,16.7,Khulna,redx,Cash on Delivery,4.2,2,1,On-Time
106339,2024-05-27,clothing,485.6,42.6,Dhaka,PATHAO,Mobile Banking,3.1,2,1,Delayed
100364,2023-08-27,Beauty,1837.8,17.7,Rajshahi,eCourier,Cash on Delivery,5.0,2,1,On-Time
100546,2023-06-15,Home and Kitchen,150.0,45.7,Dhaka,E-Courier,Card,2.6,2,0,On-Time
103296,2023-11-12,groceries,355.9,46.7,Khulna,pathao,Mobile Banking,4.3,5,1,On-Time
106592,2024-03-22,Groceries,4665.22,11.8,Khulna,,Cash on Delivery,4.5,5,0,Delayed
101068,2024-01-16,home & kitchen,1082.52,6.4,Dhaka,RedX,Cash on Delivery,4.3,3,0,On-Time
107244,2023-10-21,beauty,1423.86,17.0,Dhaka,Pathao,Card,4.5,2,1,On-Time
107952,2024-12-04,home & kitchen,2243.9,1.0,Chattogram,redx,Mobile Banking,4.0,1,0,On-Time
106050,2024-03-24,groceries,657.68,4.3,Chattogram,sundarban,Cash on Delivery,4.4,2,0,On-Time
107515,2024-07-02,electronics,781.23,69.6,Khulna,Sundarban,Cash on Delivery,3.7,1,0,Delayed
100125,2023-08-04,home & kitchen,392.75,,Rajshahi,SA Paribahan,Mobile Banking,4.0,2,0,On-Time
108457,2024-12-27,groceries,2890.85,1.9,Dhaka,S.A. Paribahan,Mobile Banking,4.1,3,0,On-Time
102867,2024-08-12,ELECTRONICS,442.53,10.4,Sylhet,Sundarban,Cash on Delivery,5.0,1,0,Cancelled
100634,2023-02-28,Books,240.46,18.0,Sylhet,Sundarban,Card,3.7,1,0,On-Time
100834,2023-05-10,clothing,1167.42,9.4,Dhaka,ecourier,Cash on Delivery,3.7,5,0,Delayed
108467,2023-06-17,Clothing,433.83,8.3,Khulna,eCourier,Mobile Banking,2.9,2,0,On-Time
108296,2024-06-08,beauty,2330.61,14.8,Sylhet,pathao,Mobile Banking,4.3,2,1,On-Time
105671,2024-05-14,electronics,961.21,7.5,Dhaka,redx,Cash on Delivery,3.7,5,0,On-Time
100089,2024-05-08,Electronics,288.13,9.8,Khulna,sa paribahan,Cash on Delivery,3.6,3,1,Delayed
101871,2023-12-06,clothing,511.73,8.1,Khulna,sa paribahan,Card,3.8,3,0,Delayed
108283,2023-04-01,Electronics,263.95,7.3,Dhaka,ecourier,Cash on Delivery,,3,1,Delayed
106581,2023-06-03,ELECTRONICS,150.0,,Khulna,PATHAO,Cash on Delivery,3.7,6,0,On-Time
106638,2023-01-09,clothing,790.65,21.1,Khulna,E-Courier,Cash on Delivery,4.3,1,1,On-Time
108585,2023-04-24,beauty,150.0,20.4,Dhaka,Sundorbon,Cash on Delivery,4.3,1,0,Delayed
108582,2024-10-27,groceries,1752.68,35.1,Dhaka,Sundarban,Cash on Delivery,4.5,1,1,Delayed
100524,2024-07-24,electronics,1130.22,10.0,Dhaka,Pathao,Cash on Delivery,4.8,1,0,On-Time
108307,2023-02-27,Clothing,1470.43,58.2,Chattogram,pathao,Cash on Delivery,4.0,2,1,Delayed
102521,2024-11-13,electronics,11652.17,3.0,Chattogram,RedX,Card,3.9,4,0,On-Time
108127,2023-05-21,Groceries,1541.13,,Dhaka,ecourier,Cash on Delivery,,4,0,Delayed
104312,2023-08-09,Groceries,2373.1,23.4,Khulna,Sundorbon,Card,4.2,5,0,Delayed
101933,2024-05-14,ELECTRONICS,3518.43,1.0,Dhaka,Red X,Mobile Banking,5.0,3,0,On-Time
107673,2023-06-10,Beauty,161.1,7.8,Dhaka,sundarban,Cash on Delivery,4.1,3,0,Delayed
106760,2023-02-07,groceries,1583.07,10.2,Dhaka,sa paribahan,Cash on Delivery,5.0,2,1,Delayed
103732,2023-10-06,Grocery,1139.42,14.3,Chattogram,Sundorbon,Mobile Banking,4.4,1,0,Delayed
103476,2023-08-02,Groceries,954.93,1.0,Dhaka,eCourier,Card,,1,1,On-Time
104339,2024-08-20,electronics,778.74,4.5,Sylhet,PATHAO,Cash on Delivery,4.1,5,1,On-Time
105733,2023-09-14,groceries,1912.79,1.0,Khulna,sundarban,Mobile Banking,4.4,3,0,On-Time
107870,2024-10-12,groceries,2141.84,18.4,Chattogram,Pathao,Card,4.3,6,1,On-Time
106779,2023-01-11,Clothing,318.63,17.2,Chattogram,sundarban,Cash on Delivery,4.7,2,1,Delayed
108957,2023-05-30,beauty,1042.68,2.0,Chattogram,SA Paribahan,Mobile Banking,4.8,4,0,On-Time
101359,2023-07-16,ELECTRONICS,1690.15,7.3,Chattogram,Pathao,Cash on Delivery,3.5,1,1,On-Time
103740,2024-11-10,ELECTRONICS,150.0,16.5,Dhaka,PATHAO,Mobile Banking,3.9,5,0,Delayed
101433,2024-12-08,electronics,1321.15,6.0,Khulna,Sundorbon,Card,4.4,4,0,Delayed
102709,2023-11-15,Electronics,2713.88,8.5,Rajshahi,PATHAO,Card,4.1,1,0,On-Time
104596,2023-06-18,beauty,1594.22,37.9,Rajshahi,RedX,Cash on Delivery,4.4,4,1,Delayed
107840,2024-03-29,electronics,3648.16,28.9,Dhaka,RedX,Cash on Delivery,3.6,1,1,Delayed
106081,2024-02-28,Books,1554.13,31.6,Dhaka,pathao,Cash on Delivery,4.3,2,0,Delayed
106448,2024-08-07,Grocery,1340.48,42.2,Dhaka,Pathao,Mobile Banking,4.0,1,0,Delayed
107337,2023-08-07,Grocery,2448.98,1.0,Dhaka,E-Courier,Cash on Delivery,4.9,2,1,On-Time
103215,2024-05-18,electronics,4379.36,45.6,Chattogram,E-Courier,Cash on Delivery,3.6,3,1,Delayed
101407,2023-04-06,Electronics,980.72,1.3,Rajshahi,Pathao,Card,4.4,1,0,Delayed
104347,2023-08-19,beauty,5447.78,19.0,Chattogram,S.A. Paribahan,Mobile Banking,3.7,1,0,On-Time
100862,2023-11-04,books,501.0,7.5,Dhaka,Red X,Cash on Delivery,4.2,2,1,Delayed
100474,2023-10-13,Clothing,2083.43,11.3,Dhaka,Sundorbon,Cash on Delivery,2.9,4,0,Delayed
102550,2023-09-19,beauty,485.93,2.8,Khulna,S.A. Paribahan,Card,4.5,1,0,On-Time
105897,2024-10-11,Clothing,2299.96,26.8,Dhaka,eCourier,Cash on Delivery,4.9,2,0,Delayed
101215,2024-09-26,Home and Kitchen,2677.84,23.6,Dhaka,RedX,Cash on Delivery,3.7,1,1,On-Time
102923,2024-05-26,Home and Kitchen,1169.3,,Dhaka,S.A. Paribahan,Mobile Banking,3.6,2,0,On-Time
104234,2024-06-12,electronics,3742.77,20.2,Sylhet,ecourier,Cash on Delivery,4.7,1,1,Delayed
107759,2024-12-24,electronics,6314.38,4.2,Dhaka,Sundarban,Cash on Delivery,4.5,1,1,Delayed
107787,2024-12-12,Grocery,2856.34,3.7,Dhaka,RedX,Cash on Delivery,4.0,2,0,On-Time
104581,2023-09-09,ELECTRONICS,1944.03,84.1,Dhaka,sundarban,Card,3.9,5,0,Cancelled
102478,2024-04-26,Books,1355.87,1.6,Dhaka,Pathao,Cash on Delivery,5.0,1,0,On-Time
103332,2024-08-19,Home and Kitchen,982.98,15.2,Khulna,redx,Mobile Banking,4.3,3,0,On-Time
102208,2023-05-10,clothing,240.29,12.5,Sylhet,sa paribahan,Mobile Banking,4.2,2,0,On-Time
107638,2023-12-09,clothing,3346.67,19.3,Dhaka,Pathao,Cash on Delivery,3.9,1,1,On-Time
101647,2023-04-24,groceries,212.02,11.8,Khulna,PATHAO,Cash on Delivery,4.4,4,1,On-Time
101342,2024-08-14,Books,843.56,1.0,Chattogram,Sundarban,Cash on Delivery,3.4,1,1,Delayed
107851,2024-12-25,ELECTRONICS,849.67,1.0,Dhaka,sundarban,Mobile Banking,4.3,4,1,Delayed
105542,2024-10-16,Home & Kitchen,975.01,5.2,Chattogram,sundarban,Card,3.6,1,1,Delayed
101672,2024-07-18,electronics,369.44,14.4,Chattogram,ecourier,Mobile Banking,4.0,1,0,Delayed
108546,2024-12-07,electronics,450.72,55.5,Dhaka,Sundarban,Mobile Banking,3.8,1,0,On-Time
101431,2023-06-26,Clothing,663.08,10.0,Chattogram,sa paribahan,Mobile Banking,4.3,1,1,Cancelled
108978,2024-05-09,Beauty,1137.88,2.5,Dhaka,redx,Card,4.1,1,0,On-Time
107937,2023-07-15,Groceries,873.0,3.9,Dhaka,sa paribahan,Cash on Delivery,4.2,2,0,On-Time
105249,2023-01-17,ELECTRONICS,551.13,4.2,Khulna,pathao,Cash on Delivery,3.9,1,0,On-Time
107417,2023-10-14,electronics,1556.61,17.3,Rajshahi,Pathao,Mobile Banking,4.0,4,0,On-Time
101014,2024-05-28,beauty,432.03,18.5,Chattogram,PATHAO,Card,3.7,1,1,On-Time
101145,2024-10-06,home & kitchen,802.52,4.3,Chattogram,RedX,Cash on Delivery,4.2,2,0,On-Time
107541,2024-07-06,Groceries,843.37,5.6,Dhaka,ecourier,Cash on Delivery,,3,1,On-Time
106004,2023-05-14,Clothing,538.02,5.2,Dhaka,,Cash on Delivery,4.0,2,0,Delayed
103799,2024-12-12,Groceries,1377.91,23.5,Dhaka,Pathao,Cash on Delivery,3.6,1,0,Cancelled
100947,2024-12-19,beauty,1175.34,29.3,Dhaka,pathao,Cash on Delivery,4.6,2,0,Delayed
107625,2024-03-12,Home and Kitchen,1569.7,4.4,Khulna,Red X,Cash on Delivery,4.9,1,0,On-Time
106296,2023-10-27,electronics,2030.43,14.5,Sylhet,,Cash on Delivery,3.7,1,0,On-Time
108657,2023-09-01,books,3691.9,1.0,Dhaka,ecourier,Cash on Delivery,3.9,1,0,On-Time
104455,2023-03-09,groceries,330.61,1.1,Dhaka,pathao,Card,4.7,5,0,On-Time
107319,2023-02-10,Books,861.96,15.7,Dhaka,Red X,Card,3.9,1,0,Delayed
106890,2024-10-24,electronics,182.0,23.0,Khulna,E-Courier,Cash on Delivery,5.0,3,0,On-Time
102547,2023-08-02,beauty,1848.78,57.1,Rajshahi,E-Courier,Cash on Delivery,5.0,2,0,On-Time
108225,2023-03-23,ELECTRONICS,2440.83,5.8,Khulna,sundarban,Cash on Delivery,2.9,3,0,Delayed
101131,2024-02-27,groceries,197.76,20.9,Chattogram,PATHAO,Cash on Delivery,3.3,1,1,Delayed
107428,2023-03-29,home & kitchen,2939.26,2.2,Chattogram,PATHAO,Cash on Delivery,4.3,3,1,On-Time
108117,2023-02-21,ELECTRONICS,172.14,23.8,Sylhet,S.A. Paribahan,Cash on Delivery,3.6,2,0,Delayed
107019,2024-04-05,Books,364.51,2.6,Dhaka,Sundarban,Cash on Delivery,3.1,1,0,On-Time
107523,2024-10-23,ELECTRONICS,499.81,24.2,Chattogram,Red X,Cash on Delivery,3.8,3,0,On-Time
101579,2023-02-10,groceries,2137.31,7.4,Dhaka,PATHAO,Cash on Delivery,3.6,2,0,On-Time
106134,2023-10-22,Beauty,150.0,3.4,Chattogram,S.A. Paribahan,Cash on Delivery,3.9,3,0,On-Time
103931,2023-12-27,Home and Kitchen,3634.7,9.3,Chattogram,eCourier,Mobile Banking,4.9,2,0,Delayed
108918,2023-11-10,home & kitchen,150.0,12.2,Dhaka,eCourier,Cash on Delivery,4.3,6,0,On-Time
108833,2024-03-21,Clothing,450.31,2.4,Chattogram,E-Courier,Card,3.0,2,0,Delayed
100096,2023-07-05,clothing,974.43,15.5,Khulna,pathao,Mobile Banking,4.0,3,0,On-Time
108635,2024-02-04,ELECTRONICS,10482.34,9.9,Dhaka,Sundorbon,Cash on Delivery,4.7,2,1,On-Time
101114,2024-01-08,clothing,1379.72,19.4,Chattogram,eCourier,Card,3.5,4,0,On-Time
107242,2023-01-23,beauty,1423.73,5.7,Dhaka,RedX,Mobile Banking,3.8,3,0,On-Time
102007,2024-12-04,Clothing,922.41,22.3,Dhaka,sa paribahan,Card,3.7,3,0,On-Time
105393,2023-02-13,groceries,150.0,9.9,Dhaka,redx,Cash on Delivery,3.0,4,1,On-Time
104146,2023-10-24,Home and Kitchen,414.83,20.5,Khulna,Sundarban,Cash on Delivery,5.0,5,1,On-Time
103281,2023-05-01,clothing,582.08,9.2,Chattogram,Pathao,Card,4.7,2,1,On-Time
103856,2023-09-09,Home and Kitchen,583.17,6.2,Dhaka,E-Courier,Cash on Delivery,3.5,1,0,Cancelled
100585,2024-01-03,Home & Kitchen,589.51,12.5,Chattogram,RedX,Cash on Delivery,2.3,2,0,On-Time
108899,2023-07-15,electronics,2465.11,3.6,Dhaka,sundarban,Cash on Delivery,4.3,2,1,On-Time
106876,2024-02-19,Groceries,5382.37,,Dhaka,PATHAO,Cash on Delivery,3.3,1,0,On-Time
108956,2024-01-14,clothing,3372.0,3.6,Dhaka,eCourier,Cash on Delivery,3.6,1,1,Delayed
107697,2023-06-05,home & kitchen,3202.64,6.6,Khulna,Sundarban,Card,4.7,1,0,Delayed
106200,2023-06-16,Clothing,3122.55,3.1,Chattogram,SA Paribahan,Cash on Delivery,3.9,3,0,Delayed
102480,2023-09-05,beauty,4177.91,1.0,Khulna,PATHAO,Mobile Banking,5.0,1,0,On-Time
108285,2024-12-25,Clothing,7196.12,6.9,Dhaka,Pathao,Mobile Banking,4.9,1,0,Delayed
104421,2023-04-29,Clothing,458.81,11.4,Khulna,Pathao,Card,3.1,4,1,On-Time
101971,2023-03-27,beauty,1069.5,23.8,Sylhet,ecourier,Card,4.3,1,0,Delayed
107989,2024-04-02,electronics,541.19,6.0,Chattogram,RedX,Cash on Delivery,4.0,1,0,On-Time
106938,2024-10-19,groceries,2012.87,3.3,Chattogram,redx,Cash on Delivery,5.0,1,0,On-Time
105929,2024-09-20,Electronics,176.07,8.8,Dhaka,Pathao,Cash on Delivery,4.4,4,0,On-Time
103306,2024-10-10,Electronics,784.07,4.2,Rajshahi,pathao,Cash on Delivery,3.0,2,1,On-Time
102748,2023-08-04,Home & Kitchen,4186.6,4.3,Dhaka,pathao,Cash on Delivery,4.0,1,1,On-Time
108212,2023-09-22,ELECTRONICS,239.03,17.4,Chattogram,sa paribahan,Mobile Banking,4.5,4,1,On-Time
103000,2023-07-02,Home & Kitchen,1881.87,25.9,Dhaka,Sundarban,Mobile Banking,3.9,3,1,On-Time
100320,2024-02-19,books,1887.05,8.5,Chattogram,Sundarban,Mobile Banking,4.1,3,0,On-Time
108491,2024-09-28,books,976.43,4.0,Dhaka,RedX,Mobile Banking,4.0,3,1,On-Time
101494,2023-01-19,Electronics,2571.56,5.4,Khulna,E-Courier,Cash on Delivery,4.0,1,0,Delayed
103010,2023-08-17,clothing,150.0,33.6,Sylhet,sa paribahan,Mobile Banking,4.2,4,0,On-Time
105471,2024-12-06,Groceries,2368.81,24.7,Khulna,SA Paribahan,Card,4.3,3,0,On-Time
101120,2024-12-15,Electronics,3399.59,4.4,Chattogram,Red X,Mobile Banking,4.3,1,0,On-Time
107333,2023-04-17,Home and Kitchen,,2.1,Dhaka,ecourier,Cash on Delivery,2.1,3,1,On-Time
108804,2024-07-19,Grocery,1607.16,10.4,Dhaka,ecourier,Card,4.3,1,0,On-Time
103315,2024-07-12,Electronics,1035.6,8.3,Dhaka,SA Paribahan,Card,3.7,3,0,On-Time
107547,2024-10-16,Clothing,1778.22,17.4,Dhaka,Sundorbon,Card,4.4,1,0,On-Time
108213,2023-01-18,electronics,3185.14,16.9,Dhaka,Pathao,Cash on Delivery,4.4,2,1,Delayed
102897,2024-10-26,electronics,1921.48,12.0,Chattogram,RedX,Cash on Delivery,3.6,2,0,Cancelled
108970,2024-01-19,Books,3790.2,1.0,Chattogram,SA Paribahan,Card,4.8,5,1,On-Time
102967,2023-07-04,electronics,544.86,1.1,Dhaka,E-Courier,Cash on Delivery,4.0,1,1,On-Time
104100,2023-01-24,Electronics,2369.51,18.1,Dhaka,PATHAO,Cash on Delivery,3.5,5,1,Delayed
100271,2024-06-18,Home and Kitchen,,27.2,Chattogram,Sundorbon,Mobile Banking,4.0,8,0,On-Time
108528,2024-12-19,home & kitchen,554.31,21.0,Chattogram,sa paribahan,Card,4.3,2,0,Delayed
100353,2023-09-04,Books,1447.41,61.1,Dhaka,Pathao,Cash on Delivery,4.3,4,0,On-Time
106924,2024-07-08,ELECTRONICS,1510.4,7.4,Chattogram,sa paribahan,Cash on Delivery,4.3,2,0,On-Time
102586,2023-01-03,Home and Kitchen,341.63,9.9,Dhaka,S.A. Paribahan,Mobile Banking,3.6,1,0,Cancelled
103357,2023-09-11,electronics,2863.63,11.4,Chattogram,Red X,Mobile Banking,3.4,6,1,On-Time
106629,2024-04-12,Clothing,1176.05,1.0,Dhaka,Pathao,Cash on Delivery,4.6,2,0,On-Time
102032,2023-10-09,Grocery,1512.78,25.0,Sylhet,RedX,Mobile Banking,4.3,6,1,On-Time
102831,2024-01-13,Home & Kitchen,1636.56,2.9,Dhaka,sundarban,Cash on Delivery,4.2,2,1,Delayed
102905,2024-06-29,home & kitchen,738.64,14.4,Rajshahi,ecourier,Cash on Delivery,4.6,1,1,On-Time
101244,2024-04-30,Electronics,496.01,15.9,Chattogram,RedX,Cash on Delivery,4.2,2,1,On-Time
107668,2024-05-29,clothing,1262.13,4.4,Khulna,SA Paribahan,Cash on Delivery,4.6,1,1,On-Time
103484,2024-03-18,Groceries,1251.91,18.7,Dhaka,eCourier,Cash on Delivery,4.1,4,1,Delayed
107000,2023-01-24,books,880.6,1.8,Dhaka,Sundarban,Card,3.5,1,1,On-Time
104269,2024-12-20,Home & Kitchen,1271.65,13.2,Dhaka,pathao,Mobile Banking,4.6,2,0,On-Time
101515,2023-12-13,beauty,2296.23,15.2,Dhaka,sundarban,Card,4.2,2,1,On-Time
104457,2024-02-18,Home & Kitchen,1086.79,5.8,Chattogram,S.A. Paribahan,Cash on Delivery,3.7,1,1,On-Time
107254,2024-07-17,groceries,2894.05,11.1,Rajshahi,redx,Mobile Banking,3.2,2,0,On-Time
103870,2023-02-19,clothing,150.0,49.5,Chattogram,redx,Cash on Delivery,4.0,2,0,On-Time
103807,2023-09-08,books,1880.15,2.5,Chattogram,Pathao,Cash on Delivery,4.1,4,1,On-Time
101590,2023-05-18,Groceries,1274.21,1.5,Dhaka,eCourier,Cash on Delivery,3.9,5,0,On-Time
108109,2023-02-21,Electronics,3074.19,18.2,Khulna,SA Paribahan,Mobile Banking,5.0,1,0,On-Time
107688,2024-05-15,beauty,856.76,19.6,Chattogram,eCourier,Cash on Delivery,4.7,3,0,On-Time
106328,2024-07-12,ELECTRONICS,754.12,44.9,Dhaka,PATHAO,Mobile Banking,4.4,1,0,Delayed
108046,2024-01-05,clothing,234.96,27.9,Dhaka,Pathao,Card,4.6,3,0,On-Time
107751,2023-06-21,groceries,1405.81,33.2,Khulna,pathao,Cash on Delivery,4.1,2,0,On-Time
101315,2024-07-23,clothing,2453.31,1.0,Sylhet,Pathao,Cash on Delivery,3.7,2,0,On-Time
108245,2023-10-16,Clothing,941.66,20.3,Khulna,RedX,Mobile Banking,4.9,2,0,On-Time
101033,2024-08-19,groceries,150.0,4.1,Dhaka,Sundorbon,Cash on Delivery,4.2,3,0,On-Time
105340,2023-09-20,clothing,444.98,17.2,Dhaka,Sundorbon,Mobile Banking,3.7,4,0,Delayed
107165,2023-09-09,Home and Kitchen,3140.32,3.8,Chattogram,Pathao,Cash on Delivery,4.8,3,0,On-Time
107203,2024-09-22,Clothing,1400.63,40.1,Khulna,Pathao,Cash on Delivery,4.1,3,0,On-Time
101874,2023-12-30,Electronics,337.57,21.6,Dhaka,pathao,Cash on Delivery,4.0,4,1,Cancelled
101427,2023-05-01,Electronics,1231.94,8.5,Rajshahi,RedX,Cash on Delivery,3.0,1,0,On-Time
106068,2023-08-04,Groceries,2383.06,3.3,Chattogram,RedX,Cash on Delivery,4.5,1,1,On-Time
108950,2024-05-22,ELECTRONICS,2453.59,1.0,Dhaka,S.A. Paribahan,Cash on Delivery,4.2,2,0,On-Time
107445,2024-01-18,Electronics,477.78,8.5,Chattogram,E-Courier,Card,3.5,4,0,On-Time
107904,2023-06-30,home & kitchen,738.76,6.8,Dhaka,pathao,Cash on Delivery,3.7,4,0,On-Time
108620,2023-03-06,books,150.0,14.2,Dhaka,SA Paribahan,Cash on Delivery,4.9,5,0,On-Time
107661,2023-11-21,home & kitchen,1299.77,4.7,Dhaka,Red X,Card,3.4,1,1,On-Time
108390,2024-12-11,Groceries,1562.72,45.7,Chattogram,eCourier,Card,4.4,4,1,Delayed
103162,2023-05-27,Home & Kitchen,3395.5,6.4,Rajshahi,Sundarban,Card,4.1,1,1,Cancelled
108723,2024-06-15,clothing,3099.77,12.3,Rajshahi,RedX,Card,4.1,1,1,On-Time
102699,2023-03-02,groceries,2621.51,8.2,Chattogram,Red X,Card,4.0,1,0,On-Time
106554,2023-12-21,Home & Kitchen,448.01,24.0,Dhaka,E-Courier,Cash on Delivery,3.4,2,1,Delayed
106898,2024-08-03,ELECTRONICS,3206.8,6.6,Khulna,SA Paribahan,Mobile Banking,4.9,3,0,On-Time
101623,2023-03-10,Home & Kitchen,3318.85,12.9,Sylhet,sa paribahan,Mobile Banking,3.1,1,0,On-Time
100668,2024-04-23,books,1277.67,10.1,Sylhet,eCourier,Cash on Delivery,4.8,5,0,On-Time
107566,2024-07-14,clothing,174.98,3.2,Chattogram,RedX,Cash on Delivery,2.9,2,1,Delayed
107853,2023-05-05,Groceries,3716.37,29.5,Chattogram,PATHAO,Cash on Delivery,,4,0,On-Time
100576,2023-08-12,Groceries,282.22,46.5,Dhaka,redx,Card,4.6,2,1,On-Time
104736,2024-07-24,Beauty,5381.8,5.8,Sylhet,sa paribahan,Cash on Delivery,4.0,1,0,On-Time
101678,2023-02-20,groceries,985.59,4.2,Rajshahi,eCourier,Mobile Banking,3.4,4,0,On-Time
106725,2024-04-10,ELECTRONICS,453.23,6.1,Dhaka,RedX,Card,5.0,2,0,On-Time
108644,2024-01-17,clothing,4449.9,8.2,Rajshahi,sa paribahan,Cash on Delivery,4.4,2,1,On-Time
101000,2024-09-21,Electronics,941.62,8.8,Chattogram,S.A. Paribahan,Card,2.8,2,0,Delayed
103906,2023-12-11,Electronics,2014.36,3.0,Khulna,redx,Cash on Delivery,4.7,3,0,On-Time
102181,2024-06-01,Grocery,1958.99,1.0,Chattogram,eCourier,Mobile Banking,3.9,2,1,On-Time
100337,2024-01-16,groceries,1057.39,1.5,Chattogram,pathao,Cash on Delivery,4.8,4,1,On-Time
100767,2024-07-29,Grocery,2364.25,6.2,Dhaka,pathao,Card,4.8,2,0,On-Time
105539,2023-04-08,Beauty,541.26,2.6,Sylhet,Sundarban,Cash on Delivery,3.9,1,0,On-Time
107901,2023-11-26,Home & Kitchen,1675.46,23.9,Sylhet,S.A. Paribahan,Card,4.2,3,0,On-Time
104274,2023-01-12,Groceries,5886.98,18.0,Dhaka,RedX,Cash on Delivery,4.7,1,0,On-Time
106141,2023-01-19,Clothing,2987.12,1.0,Dhaka,sa paribahan,Mobile Banking,4.0,5,0,Delayed
101654,2024-01-26,Electronics,292.92,5.4,Dhaka,E-Courier,Cash on Delivery,4.1,3,0,On-Time
107616,2024-02-04,clothing,952.26,35.3,Chattogram,Sundarban,Cash on Delivery,2.8,1,1,Delayed
105804,2024-08-09,Clothing,596.09,14.7,Dhaka,eCourier,Card,4.5,2,0,On-Time
101090,2023-02-10,electronics,1372.95,7.2,Dhaka,S.A. Paribahan,Cash on Delivery,4.3,3,0,Delayed
104628,2023-08-27,beauty,1587.49,10.6,Dhaka,Sundarban,Card,4.0,1,0,Delayed
103245,2023-04-02,groceries,150.0,2.5,Khulna,eCourier,Cash on Delivery,3.4,1,1,On-Time
105845,2024-04-18,clothing,722.22,15.1,Sylhet,sundarban,Card,3.7,4,0,Delayed
108246,2023-03-02,Home & Kitchen,1436.94,3.8,Dhaka,PATHAO,Cash on Delivery,5.0,1,0,On-Time
105364,2023-01-07,electronics,3771.15,5.9,Dhaka,S.A. Paribahan,Cash on Delivery,4.2,2,0,Delayed
101175,2023-11-24,Grocery,2770.15,13.6,Chattogram,E-Courier,Cash on Delivery,3.7,4,0,On-Time
108527,2023-11-28,Beauty,1317.07,10.6,Dhaka,sundarban,Mobile Banking,4.8,1,1,On-Time
104885,2023-11-19,Clothing,476.35,17.7,Dhaka,S.A. Paribahan,Cash on Delivery,4.4,2,0,Delayed
108312,2024-10-16,beauty,,5.4,Dhaka,redx,Cash on Delivery,4.8,1,1,On-Time
101092,2024-02-08,beauty,1362.63,7.2,Sylhet,redx,Card,4.6,1,1,On-Time
106267,2024-11-04,groceries,1679.06,30.3,Chattogram,redx,Cash on Delivery,4.3,2,0,Delayed
102273,2024-10-07,Grocery,7656.35,4.8,Khulna,SA Paribahan,Cash on Delivery,3.9,6,1,Delayed
100672,2024-08-16,books,1194.22,4.4,Dhaka,redx,Card,3.4,4,1,On-Time
107402,2023-04-01,clothing,1658.73,2.1,Dhaka,PATHAO,Mobile Banking,5.0,2,0,On-Time
106703,2024-05-06,clothing,686.55,7.1,Khulna,pathao,Card,3.4,3,0,On-Time
108309,2024-05-15,home & kitchen,345.24,4.9,Khulna,sa paribahan,Mobile Banking,3.4,1,1,On-Time
108382,2023-09-05,Home and Kitchen,1138.04,8.4,Sylhet,Red X,Cash on Delivery,3.8,1,1,On-Time
108392,2023-01-29,clothing,150.0,28.3,Dhaka,E-Courier,Cash on Delivery,4.1,2,1,Delayed
105505,2023-12-01,Electronics,1096.37,1.9,Chattogram,redx,Cash on Delivery,3.4,2,0,On-Time
103774,2024-07-10,books,898.3,8.9,Chattogram,S.A. Paribahan,Mobile Banking,4.3,4,0,On-Time
104099,2024-09-08,clothing,1040.22,1.0,Khulna,sa paribahan,Mobile Banking,4.1,1,0,On-Time
102571,2023-04-28,Books,9100.65,16.4,Sylhet,ecourier,Cash on Delivery,3.4,4,1,On-Time
107939,2023-04-02,Home & Kitchen,218.0,2.5,Sylhet,eCourier,Cash on Delivery,4.7,2,0,On-Time
102026,2023-08-27,ELECTRONICS,4855.4,15.1,Dhaka,RedX,Mobile Banking,3.6,3,1,Delayed
103679,2024-11-12,clothing,617.12,18.9,Sylhet,Sundarban,Cash on Delivery,,4,0,On-Time
100936,2023-04-30,groceries,1007.4,11.0,Dhaka,redx,Mobile Banking,4.9,1,0,On-Time
103682,2023-02-17,beauty,150.0,23.9,Dhaka,PATHAO,Mobile Banking,3.4,3,0,On-Time
107568,2023-10-26,groceries,414.06,3.0,Sylhet,pathao,Card,4.1,2,1,Delayed
106357,2024-09-17,Groceries,150.0,13.8,Chattogram,Red X,Cash on Delivery,3.0,2,0,On-Time
103505,2023-03-29,ELECTRONICS,211.15,33.2,Dhaka,S.A. Paribahan,Mobile Banking,4.0,4,0,Delayed
106060,2023-10-09,home & kitchen,1021.8,1.0,Dhaka,PATHAO,Mobile Banking,3.9,1,0,Cancelled
108745,2023-11-06,Clothing,3431.42,13.9,Dhaka,Red X,Cash on Delivery,3.6,1,1,On-Time
100545,2024-07-09,Electronics,2068.65,11.2,Dhaka,pathao,Cash on Delivery,4.2,3,0,Delayed
107782,2024-02-17,books,551.66,1.0,Sylhet,Pathao,Card,5.0,2,1,On-Time
102198,2023-09-30,groceries,1417.36,4.8,Sylhet,redx,Mobile Banking,4.3,1,1,On-Time
105245,2024-04-05,Books,2884.8,11.3,Sylhet,RedX,Mobile Banking,3.7,1,0,On-Time
104313,2024-08-24,beauty,578.97,38.6,Dhaka,redx,Cash on Delivery,4.0,6,0,On-Time
104701,2024-11-10,beauty,845.46,1.4,Sylhet,pathao,Mobile Banking,,3,0,Delayed
100976,2024-07-01,ELECTRONICS,717.39,24.4,Khulna,RedX,Mobile Banking,4.4,2,1,Delayed
104190,2023-12-23,Clothing,283.43,9.0,Dhaka,redx,Cash on Delivery,2.8,7,1,Delayed
107572,2023-02-05,Books,418.99,9.1,Rajshahi,Pathao,Cash on Delivery,,3,1,On-Time
104512,2023-02-06,beauty,3062.12,1.0,Chattogram,RedX,Card,3.3,1,0,On-Time
101901,2024-04-23,clothing,4622.35,7.1,Dhaka,S.A. Paribahan,Cash on Delivery,4.0,3,1,Delayed
100311,2023-11-18,beauty,1074.98,3.4,Khulna,Pathao,Cash on Delivery,3.6,2,1,On-Time
101845,2024-06-16,clothing,932.29,1.0,Chattogram,RedX,Mobile Banking,4.5,2,1,On-Time
108186,2023-11-22,Grocery,219.96,17.3,Sylhet,,Card,5.0,4,1,Delayed
102452,2024-06-17,clothing,1312.01,69.9,Dhaka,PATHAO,Mobile Banking,3.7,1,0,On-Time
105017,2024-11-18,beauty,3339.26,1.0,Dhaka,Red X,Mobile Banking,4.1,4,1,Delayed
108071,2023-10-28,Beauty,688.93,1.9,Chattogram,redx,Card,3.8,1,1,On-Time
107934,2023-09-05,Clothing,1425.86,44.5,Sylhet,redx,Cash on Delivery,4.1,2,1,On-Time
105138,2024-11-25,ELECTRONICS,373.3,20.8,Dhaka,Sundarban,Cash on Delivery,5.0,2,1,Cancelled
106189,2023-08-09,Home and Kitchen,1595.35,14.8,Dhaka,redx,Cash on Delivery,3.8,2,1,On-Time
100129,2024-06-30,home & kitchen,150.0,1.0,Sylhet,S.A. Paribahan,Cash on Delivery,5.0,1,1,Delayed
100817,2024-08-05,Books,1271.16,6.8,Khulna,PATHAO,Mobile Banking,4.3,1,1,Delayed
101690,2024-03-06,Home & Kitchen,3008.5,3.5,Chattogram,ecourier,Cash on Delivery,4.6,2,0,Delayed
103269,2024-11-28,Groceries,1820.05,6.3,Dhaka,E-Courier,Cash on Delivery,3.7,3,1,On-Time
105261,2023-11-01,clothing,710.64,8.9,Khulna,Sundorbon,Mobile Banking,4.1,4,0,Delayed
105730,2024-10-31,ELECTRONICS,1095.53,17.5,Dhaka,Sundorbon,Cash on Delivery,3.8,1,1,On-Time
107727,2024-11-05,clothing,1856.39,15.4,Dhaka,Sundarban,Card,3.1,1,0,On-Time
100765,2024-10-23,Electronics,642.77,14.0,Sylhet,sa paribahan,Cash on Delivery,3.0,3,0,Delayed
108258,2024-09-19,electronics,878.92,1.7,Dhaka,S.A. Paribahan,Card,4.5,3,0,On-Time
108218,2024-03-03,Clothing,1814.73,10.2,Dhaka,redx,Cash on Delivery,4.5,2,0,Cancelled
103173,2024-08-11,Books,962.57,5.0,Sylhet,PATHAO,Mobile Banking,4.7,1,1,On-Time
104310,2024-10-22,Home & Kitchen,150.0,1.9,Dhaka,E-Courier,Cash on Delivery,4.8,2,0,On-Time
107680,2024-05-17,books,2342.22,15.5,Dhaka,redx,Cash on Delivery,4.3,1,0,Delayed
104308,2024-06-23,Groceries,927.67,29.6,Dhaka,pathao,Card,3.6,1,1,Delayed
103988,2024-08-05,home & kitchen,701.08,12.4,Dhaka,Pathao,Cash on Delivery,4.3,1,1,On-Time
100697,2024-01-17,Groceries,596.03,4.1,Sylhet,RedX,Card,3.8,2,0,Delayed
101162,2023-02-27,Books,2423.47,2.9,Dhaka,Red X,Cash on Delivery,3.6,3,0,On-Time
104258,2023-12-25,groceries,698.31,24.6,Khulna,ecourier,Cash on Delivery,4.0,2,1,On-Time
101201,2023-10-26,Clothing,2984.03,4.6,Dhaka,ecourier,Cash on Delivery,,4,0,On-Time
108989,2023-09-13,clothing,2129.46,16.7,Dhaka,sundarban,Cash on Delivery,3.6,1,1,On-Time
100784,2023-04-19,ELECTRONICS,2695.77,9.5,Chattogram,pathao,Card,4.5,1,0,On-Time
104300,2024-07-22,clothing,765.31,32.2,Sylhet,PATHAO,Cash on Delivery,4.1,2,1,On-Time
107043,2024-05-18,clothing,6228.4,2.5,Rajshahi,S.A. Paribahan,Mobile Banking,3.9,2,1,Delayed
105136,2023-07-16,Beauty,474.1,12.2,Rajshahi,Pathao,Mobile Banking,4.8,1,0,Delayed
103588,2024-09-09,Groceries,1334.09,1.0,Chattogram,sa paribahan,Card,4.8,2,0,On-Time
100613,2023-11-09,clothing,351.5,4.9,Chattogram,ecourier,Cash on Delivery,4.1,1,0,On-Time
104126,2024-06-23,electronics,442.61,44.3,Rajshahi,PATHAO,Cash on Delivery,4.1,3,1,On-Time
101058,2023-09-25,clothing,844.92,1.0,Dhaka,Sundarban,Cash on Delivery,4.2,2,0,On-Time
108111,2023-06-30,books,589.65,13.2,Dhaka,Sundarban,Card,4.2,5,0,On-Time
102368,2024-11-10,books,2712.55,6.8,Khulna,Pathao,Card,4.5,3,0,On-Time
107208,2023-11-29,Groceries,298.62,11.5,Chattogram,Pathao,Cash on Delivery,3.4,1,0,On-Time
107487,2023-02-10,Home and Kitchen,631.27,1.0,Chattogram,Red X,Cash on Delivery,3.9,3,0,On-Time
102238,2024-04-18,Home & Kitchen,150.0,54.5,Dhaka,pathao,Mobile Banking,5.0,3,1,On-Time
105916,2023-01-06,home & kitchen,3611.84,14.7,Khulna,PATHAO,Mobile Banking,,2,0,On-Time
105909,2023-09-05,Groceries,569.49,20.6,Chattogram,sa paribahan,Cash on Delivery,4.0,3,0,On-Time
101789,2024-07-23,home & kitchen,1644.11,1.4,Khulna,SA Paribahan,Mobile Banking,4.1,1,0,On-Time
101126,2023-04-20,Beauty,589.07,8.6,Khulna,RedX,Cash on Delivery,3.5,2,0,On-Time
103615,2023-11-20,ELECTRONICS,3598.37,4.1,Dhaka,redx,Card,4.0,5,0,On-Time
103140,2023-03-25,Clothing,1959.68,21.9,Chattogram,sundarban,Cash on Delivery,4.0,5,0,On-Time
105913,2023-07-29,clothing,828.17,16.6,Sylhet,Red X,Cash on Delivery,,3,0,On-Time
106491,2023-06-16,Grocery,1493.9,5.0,Khulna,Sundarban,Mobile Banking,3.5,1,0,Delayed
103574,2024-03-02,Home & Kitchen,2058.08,17.5,Dhaka,S.A. Paribahan,Card,3.8,3,1,On-Time
108360,2023-07-04,Books,1492.89,6.7,Dhaka,Sundorbon,Cash on Delivery,3.5,3,0,Delayed
104364,2023-04-21,Clothing,1279.6,18.4,Sylhet,ecourier,Cash on Delivery,4.0,4,1,On-Time
100028,2024-11-14,Electronics,1641.02,50.1,Khulna,E-Courier,Cash on Delivery,3.6,4,1,On-Time
107550,2023-08-09,Grocery,1750.05,13.4,Dhaka,pathao,Cash on Delivery,4.6,5,1,On-Time
106209,2023-07-08,electronics,715.12,21.7,Dhaka,redx,Cash on Delivery,5.0,2,0,On-Time
103725,2024-07-14,Electronics,1951.7,11.1,Chattogram,sundarban,Cash on Delivery,4.9,3,0,On-Time
102388,2023-03-08,clothing,1527.88,6.0,Khulna,PATHAO,Mobile Banking,4.3,2,1,On-Time
106368,2023-10-23,clothing,1525.86,5.1,Chattogram,Sundorbon,Cash on Delivery,3.7,2,1,Delayed
100502,2023-02-22,Grocery,4677.67,11.5,Dhaka,Red X,Card,3.7,5,1,On-Time
105570,2023-03-15,home & kitchen,5057.39,19.7,Dhaka,sundarban,Cash on Delivery,3.9,1,0,On-Time
107586,2024-05-28,beauty,615.87,15.3,Sylhet,PATHAO,Card,4.5,4,1,On-Time
102954,2024-01-16,Electronics,628.74,1.4,Chattogram,Pathao,Cash on Delivery,4.7,2,1,On-Time
100060,2023-11-25,Home & Kitchen,150.0,3.5,Dhaka,pathao,Mobile Banking,3.6,1,0,On-Time
104426,2024-10-28,clothing,2651.17,7.9,Dhaka,Pathao,Cash on Delivery,3.9,3,1,On-Time
106922,2024-12-01,Books,1882.69,4.1,Khulna,Pathao,Cash on Delivery,4.0,2,1,On-Time
106468,2023-08-04,beauty,901.1,13.3,Dhaka,S.A. Paribahan,Cash on Delivery,3.4,2,0,On-Time
108156,2023-06-05,clothing,1477.49,4.7,Dhaka,sa paribahan,Cash on Delivery,3.6,3,1,On-Time
102594,2024-01-29,clothing,5044.11,8.8,Khulna,S.A. Paribahan,Cash on Delivery,3.4,2,0,On-Time
103663,2023-11-20,Electronics,4042.06,46.4,Chattogram,eCourier,Cash on Delivery,4.5,1,1,Delayed
102076,2024-08-20,groceries,1504.8,10.9,Dhaka,Sundarban,Cash on Delivery,4.7,1,0,Delayed
100548,2024-04-23,electronics,2477.96,4.8,Dhaka,sundarban,Card,4.2,1,0,On-Time
106233,2023-10-21,Electronics,984.56,31.7,Chattogram,pathao,Card,5.0,2,1,On-Time
100530,2024-12-12,Beauty,150.0,42.3,Rajshahi,E-Courier,Mobile Banking,4.6,2,0,On-Time
102474,2024-06-04,Home & Kitchen,941.55,25.2,Dhaka,sa paribahan,Cash on Delivery,4.9,7,1,On-Time
108099,2024-12-15,Grocery,301.07,22.5,Khulna,PATHAO,Cash on Delivery,4.0,1,0,On-Time
107277,2024-03-30,Clothing,3286.66,17.0,Dhaka,RedX,Mobile Banking,3.7,3,0,On-Time
103109,2023-10-26,Clothing,2686.27,4.8,Chattogram,SA Paribahan,Mobile Banking,3.8,2,0,On-Time
105224,2024-09-03,ELECTRONICS,1686.17,2.3,Rajshahi,pathao,Cash on Delivery,4.0,2,0,On-Time
108175,2024-08-05,home & kitchen,2573.53,21.5,Rajshahi,Pathao,Mobile Banking,4.2,2,1,Delayed
101624,2024-06-20,home & kitchen,1315.12,39.9,Sylhet,pathao,Card,5.0,1,0,On-Time
101757,2024-02-22,home & kitchen,432.3,7.3,Dhaka,pathao,Card,,2,0,On-Time
108063,2024-10-20,Home & Kitchen,471.24,59.8,Dhaka,Sundarban,Mobile Banking,,1,0,On-Time
101296,2023-10-11,Grocery,336.83,1.0,Dhaka,RedX,Cash on Delivery,3.7,2,1,Delayed
108593,2024-02-15,Grocery,160.08,1.3,Dhaka,eCourier,Cash on Delivery,4.2,2,1,On-Time
103157,2023-05-24,Electronics,948.65,1.0,Chattogram,sundarban,Mobile Banking,4.3,1,1,On-Time
100603,2024-09-01,Electronics,1821.77,5.8,Dhaka,sa paribahan,Cash on Delivery,3.3,5,0,On-Time
104488,2024-01-17,books,150.0,2.9,Dhaka,RedX,Mobile Banking,3.7,2,1,On-Time
106057,2023-03-10,home & kitchen,152.39,3.3,Dhaka,pathao,Cash on Delivery,3.4,2,1,On-Time
103455,2024-01-15,Clothing,508.2,7.6,Dhaka,Pathao,Cash on Delivery,4.3,1,1,On-Time
102556,2024-02-17,electronics,1596.67,1.0,Dhaka,RedX,Mobile Banking,3.8,3,0,On-Time
100539,2024-02-25,clothing,2716.98,11.0,Khulna,E-Courier,Mobile Banking,5.0,2,0,On-Time
108963,2024-10-30,electronics,1135.33,9.1,Chattogram,Sundarban,Cash on Delivery,3.5,3,0,Delayed
101273,2024-07-18,books,3409.34,10.0,Dhaka,S.A. Paribahan,Card,4.3,1,0,Delayed
101358,2024-08-27,Clothing,249.2,32.7,Sylhet,Pathao,Mobile Banking,4.4,1,1,On-Time
103897,2023-10-25,Groceries,1202.65,29.5,Dhaka,Sundarban,Cash on Delivery,5.0,2,1,On-Time
108067,2024-08-17,Electronics,1331.92,16.7,Dhaka,pathao,Card,3.4,2,0,Delayed
104427,2023-03-15,Groceries,5581.81,3.6,Dhaka,RedX,Cash on Delivery,4.9,3,1,Delayed
103539,2024-07-27,clothing,150.0,86.2,Dhaka,Pathao,Cash on Delivery,4.0,2,0,Delayed
101325,2023-01-28,clothing,287.74,16.1,Chattogram,SA Paribahan,Mobile Banking,3.1,4,0,On-Time
101452,2023-03-17,home & kitchen,3005.15,26.7,Dhaka,Pathao,Mobile Banking,4.3,4,1,On-Time
106006,2024-09-06,Groceries,5965.53,2.2,Khulna,PATHAO,Cash on Delivery,4.0,1,1,Delayed
102834,2024-05-31,Home & Kitchen,2521.65,2.3,Khulna,pathao,Cash on Delivery,4.3,5,1,On-Time
105050,2023-08-30,Home & Kitchen,486.95,9.5,Dhaka,SA Paribahan,Card,4.7,3,0,Delayed
101449,2023-11-12,ELECTRONICS,1860.7,31.0,Sylhet,ecourier,Cash on Delivery,3.5,4,0,Delayed
106800,2024-03-05,Home and Kitchen,4512.91,31.2,Dhaka,S.A. Paribahan,Cash on Delivery,4.1,2,0,Delayed
101867,2024-03-10,Books,4237.47,3.0,Sylhet,pathao,Cash on Delivery,4.4,2,0,Delayed
102922,2024-06-13,Grocery,2754.69,10.4,Sylhet,redx,Cash on Delivery,4.3,2,1,On-Time
100144,2024-09-11,ELECTRONICS,1541.6,5.8,Chattogram,Sundorbon,Cash on Delivery,3.9,2,0,On-Time
105628,2024-03-12,beauty,955.25,24.7,Khulna,pathao,Card,3.4,3,0,On-Time
101400,2023-11-07,books,734.46,10.6,Dhaka,pathao,Cash on Delivery,5.0,1,0,Delayed
102644,2024-05-07,home & kitchen,1038.79,1.0,Dhaka,PATHAO,Cash on Delivery,3.4,4,0,On-Time
106556,2024-09-02,Electronics,1260.6,36.1,Dhaka,redx,Mobile Banking,4.0,3,0,On-Time
101143,2024-11-30,Home & Kitchen,3395.04,12.3,Dhaka,redx,Cash on Delivery,4.4,1,0,Delayed
103020,2023-02-24,Grocery,398.32,6.2,Dhaka,pathao,Cash on Delivery,4.9,3,0,On-Time
100229,2024-07-29,Beauty,895.15,21.5,Chattogram,Red X,Card,3.6,1,0,On-Time
106099,2024-05-09,Electronics,1916.78,14.3,Khulna,,Cash on Delivery,4.9,1,1,Delayed
102978,2024-07-11,Books,501.14,1.0,Dhaka,redx,Cash on Delivery,3.3,6,1,On-Time
108568,2024-04-22,groceries,6615.32,6.4,Chattogram,PATHAO,Cash on Delivery,3.8,1,1,Delayed
108036,2023-07-01,clothing,2825.53,1.1,Khulna,PATHAO,Mobile Banking,5.0,2,1,On-Time
104219,2023-03-02,Beauty,1780.97,1.0,Sylhet,PATHAO,Card,3.8,2,1,On-Time
104183,2023-09-25,Books,2106.32,1.6,Dhaka,eCourier,Mobile Banking,3.8,3,0,On-Time
107666,2023-03-20,books,1402.61,19.8,Dhaka,Red X,Mobile Banking,4.3,1,0,Delayed
106139,2024-12-03,books,405.45,40.4,Dhaka,S.A. Paribahan,Mobile Banking,2.8,2,0,Delayed
104436,2023-08-27,electronics,578.33,4.7,Dhaka,Pathao,Card,4.1,1,0,Delayed
105936,2023-07-16,Books,477.42,9.4,Chattogram,RedX,Cash on Delivery,3.7,3,0,On-Time
106124,2024-04-01,electronics,907.02,1.0,Chattogram,SA Paribahan,Cash on Delivery,5.0,1,1,Delayed
108010,2023-08-25,Books,491.92,1.7,Dhaka,sundarban,Cash on Delivery,4.5,4,1,On-Time
106336,2024-12-13,Groceries,1634.9,26.3,Chattogram,Red X,Cash on Delivery,3.5,2,1,On-Time
108456,2024-06-04,Grocery,633.83,9.9,Dhaka,S.A. Paribahan,Mobile Banking,4.2,2,0,On-Time
106279,2023-04-21,Grocery,570.84,4.4,Khulna,Pathao,Card,4.5,1,0,On-Time
105408,2024-06-10,Groceries,11856.59,18.4,Dhaka,sundarban,Card,2.3,4,1,Delayed
100971,2023-02-10,Home and Kitchen,7570.44,26.8,Dhaka,E-Courier,Cash on Delivery,5.0,4,0,Delayed
106225,2024-03-22,Grocery,1024.43,7.4,Dhaka,Sundorbon,Card,4.0,5,0,On-Time
104732,2023-02-08,Clothing,,37.3,Khulna,sundarban,Card,3.9,7,1,On-Time
104768,2024-06-13,Clothing,886.18,2.5,Dhaka,RedX,Mobile Banking,3.9,5,0,On-Time
105680,2023-09-27,clothing,1413.82,40.4,Sylhet,SA Paribahan,Cash on Delivery,4.0,4,0,Delayed
108136,2024-04-23,groceries,6360.02,1.6,Khulna,Sundorbon,Cash on Delivery,4.1,1,0,On-Time
103218,2023-07-11,home & kitchen,150.0,3.0,Dhaka,Pathao,Cash on Delivery,4.4,1,1,On-Time
101544,2023-05-12,Clothing,2805.41,36.7,Khulna,pathao,Cash on Delivery,3.9,3,1,On-Time
107014,2024-07-22,Home & Kitchen,885.59,33.9,Chattogram,Sundarban,Mobile Banking,3.4,1,0,Delayed
106079,2023-06-27,clothing,1012.49,27.3,Chattogram,RedX,Card,4.1,1,0,Delayed
104829,2023-06-09,groceries,1464.73,8.0,Chattogram,S.A. Paribahan,Mobile Banking,3.5,1,0,On-Time
103909,2024-10-20,books,351.31,12.4,Chattogram,sa paribahan,Card,4.5,3,1,Delayed
101771,2024-04-05,beauty,1690.66,10.1,Dhaka,pathao,Cash on Delivery,3.7,1,0,On-Time
103072,2023-10-05,Grocery,2248.99,14.9,Chattogram,pathao,Mobile Banking,3.7,3,0,On-Time
100626,2024-11-21,clothing,483.68,13.8,Dhaka,redx,Cash on Delivery,4.6,1,1,On-Time
107370,2024-03-29,electronics,150.0,3.9,Dhaka,PATHAO,Card,4.6,4,0,On-Time
104683,2024-05-16,Books,2416.02,31.8,Dhaka,eCourier,Card,4.0,4,0,On-Time
100212,2024-07-14,ELECTRONICS,1301.79,26.0,Dhaka,Red X,Mobile Banking,3.3,1,0,Delayed
101443,2023-11-06,books,822.42,3.6,Khulna,redx,Mobile Banking,2.8,4,1,Cancelled
103489,2024-01-07,Books,3534.86,17.6,Khulna,E-Courier,Cash on Delivery,4.2,1,0,Delayed
100698,2024-06-18,groceries,706.11,,Dhaka,redx,Cash on Delivery,3.4,2,1,Delayed
107444,2024-01-12,Clothing,1507.62,33.9,Dhaka,RedX,Cash on Delivery,3.8,1,1,On-Time
102004,2023-08-14,books,2672.65,1.0,Sylhet,Sundarban,Mobile Banking,3.7,1,0,On-Time
100472,2024-09-20,Groceries,293.6,6.6,Dhaka,,Cash on Delivery,4.3,2,0,On-Time
101870,2023-10-11,Beauty,1178.07,1.3,Sylhet,sa paribahan,Card,4.0,2,0,On-Time
106801,2024-03-13,Clothing,,2.3,Chattogram,Red X,Cash on Delivery,3.3,1,0,On-Time
103073,2024-04-05,electronics,3188.52,15.1,Dhaka,pathao,Cash on Delivery,3.9,4,0,On-Time
101462,2024-04-01,Grocery,1889.01,13.9,Dhaka,eCourier,Card,3.5,3,1,Cancelled
100869,2023-06-09,clothing,1869.93,36.6,Sylhet,Sundorbon,Mobile Banking,4.6,4,0,Delayed
104899,2023-05-15,Beauty,484.35,14.1,Sylhet,ecourier,Cash on Delivery,3.6,2,1,On-Time
106421,2024-04-30,Electronics,483.59,14.0,Chattogram,PATHAO,Cash on Delivery,4.2,1,0,Delayed
100737,2024-03-12,home & kitchen,150.0,64.3,Dhaka,RedX,Cash on Delivery,3.4,1,1,Cancelled
102417,2024-02-18,Clothing,2186.23,22.3,Chattogram,Red X,Cash on Delivery,4.4,4,1,Cancelled
100427,2023-09-24,books,3667.04,5.9,Dhaka,Sundorbon,Mobile Banking,4.3,4,0,On-Time
102383,2024-12-04,home & kitchen,914.59,15.7,Rajshahi,E-Courier,Cash on Delivery,3.5,1,1,On-Time
102579,2024-08-01,Beauty,3578.13,4.0,Dhaka,PATHAO,Cash on Delivery,4.5,1,1,On-Time
104848,2024-05-16,Books,1012.63,4.1,Khulna,RedX,Cash on Delivery,3.9,2,0,On-Time
103292,2024-11-01,Groceries,150.0,8.0,Chattogram,Sundarban,Card,4.5,3,0,On-Time
101744,2024-07-23,Grocery,666.06,11.5,Rajshahi,PATHAO,Cash on Delivery,4.1,1,0,On-Time
106179,2024-07-08,Electronics,1547.18,8.3,Chattogram,Pathao,Mobile Banking,4.7,2,1,On-Time
108904,2024-02-14,clothing,1182.88,4.4,Chattogram,redx,Cash on Delivery,4.2,2,1,On-Time
106030,2023-04-02,groceries,309.86,13.5,Dhaka,sa paribahan,Mobile Banking,4.5,3,0,On-Time
105777,2023-03-26,beauty,695.47,25.2,Dhaka,RedX,Cash on Delivery,4.7,4,0,Delayed
104246,2023-06-14,Electronics,878.12,7.0,Dhaka,PATHAO,Cash on Delivery,4.1,1,0,On-Time
107804,2023-08-06,clothing,668.85,9.1,Khulna,S.A. Paribahan,Cash on Delivery,4.6,3,1,On-Time
107609,2023-01-30,Clothing,3545.81,6.9,Dhaka,Pathao,Cash on Delivery,4.7,1,1,On-Time
104473,2024-09-03,Grocery,277.47,4.6,Chattogram,PATHAO,Cash on Delivery,3.6,3,1,On-Time
103037,2023-03-08,Books,150.0,29.0,Dhaka,sa paribahan,Cash on Delivery,4.7,1,1,Cancelled
100650,2023-03-07,clothing,1834.76,1.0,Khulna,Pathao,Cash on Delivery,4.9,2,0,On-Time
102380,2023-10-23,Home & Kitchen,1390.2,3.8,Sylhet,sa paribahan,Cash on Delivery,5.0,2,1,On-Time
105656,2023-01-15,Grocery,6716.21,2.2,Chattogram,Sundarban,Cash on Delivery,3.1,4,0,Delayed
107015,2023-08-31,Clothing,2908.68,17.3,Dhaka,Sundarban,Cash on Delivery,3.4,4,1,Delayed
107463,2023-02-12,Home and Kitchen,5107.72,9.4,Khulna,eCourier,Card,4.9,2,0,On-Time
101676,2023-06-13,groceries,526.47,3.8,Chattogram,E-Courier,Cash on Delivery,3.9,1,0,On-Time
105039,2023-09-13,Home and Kitchen,459.59,21.7,Sylhet,RedX,Cash on Delivery,5.0,4,0,Delayed
108752,2024-04-20,home & kitchen,3189.14,6.7,Khulna,ecourier,Cash on Delivery,3.9,1,0,Delayed
103189,2024-03-15,Groceries,1333.2,11.1,Sylhet,pathao,Cash on Delivery,4.8,4,0,On-Time
107559,2024-03-24,electronics,1175.12,4.1,Chattogram,Pathao,Mobile Banking,3.5,2,0,On-Time
103690,2024-12-15,groceries,1498.45,1.6,Rajshahi,Sundorbon,Mobile Banking,4.8,2,1,On-Time
103086,2024-04-09,Clothing,1836.66,9.4,Rajshahi,E-Courier,Mobile Banking,4.0,2,0,On-Time
102451,2024-01-02,electronics,3583.68,18.5,Sylhet,S.A. Paribahan,Mobile Banking,3.2,1,0,On-Time
107030,2023-03-06,Groceries,485.54,21.9,Dhaka,Sundarban,Mobile Banking,4.8,3,1,On-Time
103200,2023-07-02,clothing,4604.19,3.3,Rajshahi,Red X,Mobile Banking,3.7,1,0,Delayed
103940,2024-09-16,Electronics,1942.52,18.2,Dhaka,sa paribahan,Cash on Delivery,3.3,2,0,Delayed
106861,2023-01-14,Electronics,4053.52,14.5,Dhaka,pathao,Cash on Delivery,4.9,5,1,Delayed
105135,2023-03-24,clothing,813.04,21.8,Chattogram,sa paribahan,Mobile Banking,3.9,3,0,Delayed
106348,2023-11-07,ELECTRONICS,777.69,9.4,Sylhet,RedX,Mobile Banking,4.7,3,1,On-Time
104514,2023-10-10,Groceries,3196.97,2.8,Dhaka,pathao,Cash on Delivery,3.7,3,0,On-Time
105082,2024-11-26,Electronics,1700.23,2.8,Dhaka,SA Paribahan,Cash on Delivery,3.5,2,0,On-Time
107814,2023-07-19,clothing,1743.35,2.9,Chattogram,Red X,Cash on Delivery,3.8,1,0,On-Time
102035,2024-05-11,Grocery,667.23,20.1,Chattogram,sundarban,Cash on Delivery,5.0,5,1,On-Time
108371,2023-07-09,Groceries,2411.29,31.3,Sylhet,eCourier,Mobile Banking,5.0,4,1,On-Time
107679,2023-07-08,clothing,398.74,4.8,Chattogram,pathao,Cash on Delivery,4.0,3,1,On-Time
107913,2023-12-21,electronics,704.93,9.6,Dhaka,Red X,Mobile Banking,5.0,4,0,On-Time
104323,2024-01-11,Books,2565.93,5.3,Rajshahi,redx,Cash on Delivery,3.9,2,1,On-Time
105115,2024-04-27,Groceries,2379.01,4.5,Dhaka,Sundarban,Cash on Delivery,4.1,5,0,On-Time
108595,2024-12-06,clothing,2196.46,35.9,Dhaka,redx,Mobile Banking,4.2,3,0,On-Time
105993,2024-11-15,electronics,477.14,14.0,Dhaka,Sundarban,Cash on Delivery,5.0,3,0,Delayed
108778,2023-01-09,Beauty,150.67,27.8,Sylhet,ecourier,Mobile Banking,2.4,4,1,On-Time
104259,2023-09-27,Home and Kitchen,1914.83,1.0,Sylhet,redx,Cash on Delivery,4.0,1,1,Delayed
106294,2023-09-28,Beauty,1113.47,11.5,Khulna,eCourier,Mobile Banking,4.0,2,1,Cancelled
103051,2024-09-04,clothing,150.0,6.4,Rajshahi,PATHAO,Mobile Banking,3.4,2,1,On-Time
108600,2023-08-07,home & kitchen,242.73,24.3,Dhaka,sundarban,Card,,3,0,On-Time
105863,2023-07-29,Clothing,1628.89,22.3,Sylhet,PATHAO,Cash on Delivery,3.1,1,1,Cancelled
103953,2023-04-24,clothing,4433.23,11.1,Chattogram,sundarban,Cash on Delivery,3.4,3,1,On-Time
106186,2024-04-18,Clothing,3513.04,13.1,Khulna,S.A. Paribahan,Card,4.2,3,0,On-Time
102964,2023-09-19,Electronics,1570.31,16.6,Dhaka,PATHAO,Mobile Banking,4.0,4,0,On-Time
101186,2023-03-31,Electronics,1778.66,14.3,Sylhet,PATHAO,Cash on Delivery,4.5,2,0,Delayed
103137,2024-04-04,books,150.0,5.1,Dhaka,redx,Card,3.8,2,1,On-Time
105589,2023-07-23,beauty,594.64,24.0,Sylhet,E-Courier,Cash on Delivery,4.2,1,1,On-Time
106962,2023-01-14,ELECTRONICS,4578.26,5.1,Khulna,Red X,Mobile Banking,4.3,1,1,On-Time
101038,2024-05-22,Home and Kitchen,1294.96,20.4,Dhaka,S.A. Paribahan,Cash on Delivery,4.4,4,0,On-Time
103501,2024-06-12,Beauty,748.88,2.3,Sylhet,PATHAO,Cash on Delivery,4.2,3,0,On-Time
100742,2023-01-15,Beauty,3090.31,5.7,Sylhet,Red X,Card,4.4,3,0,On-Time
100631,2023-12-24,Electronics,1824.54,3.4,Dhaka,sa paribahan,Cash on Delivery,3.6,2,0,On-Time
103939,2024-03-16,Books,3639.05,17.5,Sylhet,sa paribahan,Cash on Delivery,4.0,3,0,On-Time
102241,2023-02-11,Beauty,829.84,44.9,Chattogram,pathao,Mobile Banking,3.9,3,0,Cancelled
107868,2023-06-25,Home and Kitchen,2769.18,1.0,Sylhet,RedX,Cash on Delivery,4.1,1,0,On-Time
108984,2024-03-10,clothing,2229.0,15.4,Dhaka,Red X,Mobile Banking,4.3,1,1,Delayed
101653,2024-02-15,electronics,1947.79,18.7,Rajshahi,Red X,Cash on Delivery,4.7,3,1,On-Time
104733,2023-07-28,groceries,6526.39,6.6,Dhaka,PATHAO,Cash on Delivery,4.1,5,0,On-Time
107670,2024-04-06,Clothing,1168.36,2.9,Khulna,PATHAO,Mobile Banking,3.7,2,0,On-Time
102766,2023-12-15,Beauty,3503.33,5.2,Chattogram,PATHAO,Cash on Delivery,4.4,1,1,On-Time
108220,2024-04-18,home & kitchen,1292.7,1.0,Dhaka,sa paribahan,Cash on Delivery,4.4,1,0,On-Time
103866,2024-11-24,clothing,150.0,18.1,Khulna,E-Courier,Mobile Banking,5.0,2,0,On-Time
100399,2024-06-01,groceries,5063.66,26.2,Sylhet,PATHAO,Cash on Delivery,4.8,1,1,Delayed
107505,2023-06-20,ELECTRONICS,3041.21,24.8,Dhaka,SA Paribahan,Cash on Delivery,4.9,5,0,Delayed
102230,2023-04-09,ELECTRONICS,212.8,3.7,Dhaka,pathao,Mobile Banking,4.6,1,1,Delayed
104908,2023-03-11,groceries,349.38,2.9,Sylhet,Pathao,Mobile Banking,5.0,2,1,On-Time
104814,2023-03-19,ELECTRONICS,152.95,10.3,Chattogram,sundarban,Cash on Delivery,3.0,2,0,On-Time
105309,2024-09-09,Electronics,150.0,8.3,Chattogram,PATHAO,Card,3.2,1,1,On-Time
102918,2024-07-28,clothing,2871.84,4.3,Khulna,Pathao,Mobile Banking,2.8,3,0,On-Time
106394,2023-03-25,electronics,2112.34,7.6,Sylhet,PATHAO,Card,4.4,4,1,Delayed
107807,2023-01-31,groceries,1434.72,6.3,Dhaka,SA Paribahan,Cash on Delivery,4.0,4,1,On-Time
100803,2023-06-11,Home & Kitchen,647.21,93.9,Dhaka,sundarban,Cash on Delivery,4.7,3,1,Delayed
100479,2024-10-06,Clothing,1564.56,2.2,Dhaka,eCourier,Cash on Delivery,4.3,3,0,Delayed
107032,2024-10-01,groceries,1432.85,14.4,Dhaka,S.A. Paribahan,Card,4.3,1,0,Delayed
103307,2023-09-20,Home & Kitchen,2741.01,3.5,Khulna,Pathao,Card,4.6,5,1,On-Time
106315,2023-06-11,Clothing,365.83,12.4,Chattogram,ecourier,Cash on Delivery,3.6,3,1,On-Time
106724,2024-07-25,Home and Kitchen,646.86,20.8,Chattogram,eCourier,Cash on Delivery,5.0,1,1,On-Time
105840,2024-03-19,Beauty,519.1,19.6,Sylhet,ecourier,Cash on Delivery,5.0,1,0,On-Time
101056,2024-10-27,beauty,1245.08,5.4,Dhaka,ecourier,Cash on Delivery,3.7,1,0,Delayed
102188,2023-03-23,Groceries,3397.78,9.6,Dhaka,RedX,Cash on Delivery,4.6,1,1,Delayed
100421,2024-03-21,home & kitchen,6034.44,7.4,Dhaka,Sundorbon,Card,4.1,1,0,On-Time
108974,2023-01-28,Home and Kitchen,165.06,3.8,Dhaka,Pathao,Cash on Delivery,4.1,5,0,On-Time
105322,2024-01-24,Home & Kitchen,883.37,16.0,Khulna,Pathao,Cash on Delivery,3.5,5,0,On-Time
102531,2024-07-29,clothing,410.09,20.8,Chattogram,RedX,Cash on Delivery,4.2,2,0,On-Time
100171,2024-12-22,ELECTRONICS,2300.0,5.8,Sylhet,S.A. Paribahan,Card,3.9,1,0,Delayed
105316,2023-02-11,electronics,1928.53,3.6,Dhaka,redx,Card,4.8,1,0,On-Time
100914,2024-10-18,Electronics,906.35,3.6,Dhaka,pathao,Mobile Banking,2.8,3,1,On-Time
106104,2023-05-16,Home and Kitchen,3028.41,1.0,Chattogram,Pathao,Mobile Banking,3.9,3,1,On-Time
101039,2023-06-04,Electronics,2075.78,1.4,Dhaka,RedX,Cash on Delivery,3.8,2,0,On-Time
105529,2023-12-16,groceries,513.83,7.8,Dhaka,Pathao,Cash on Delivery,4.1,2,0,On-Time
101460,2023-01-20,Beauty,1114.09,11.2,Khulna,Red X,Card,3.1,1,1,On-Time
107078,2023-05-22,Beauty,1442.05,10.7,Dhaka,pathao,Card,3.6,2,0,On-Time
102635,2023-12-15,Beauty,1398.3,1.3,Khulna,RedX,Mobile Banking,3.7,2,1,On-Time
101650,2024-01-21,Groceries,1990.9,19.4,Sylhet,redx,Mobile Banking,3.5,3,1,On-Time
102721,2024-08-16,clothing,2084.85,1.0,Rajshahi,Pathao,Card,4.0,3,0,On-Time
108165,2023-01-02,ELECTRONICS,222.21,31.2,Chattogram,E-Courier,Card,4.3,1,0,Delayed
106207,2024-04-04,Grocery,1659.8,17.6,Dhaka,redx,Cash on Delivery,5.0,2,1,On-Time
100298,2024-12-24,ELECTRONICS,150.0,1.0,Dhaka,redx,Cash on Delivery,3.1,2,1,On-Time
103197,2023-05-16,Home & Kitchen,150.0,2.1,Dhaka,sundarban,Cash on Delivery,4.2,1,0,Delayed
102008,2023-08-04,Clothing,275.15,1.8,Chattogram,Pathao,Cash on Delivery,,3,1,On-Time
105732,2023-02-13,home & kitchen,692.17,10.6,Dhaka,Pathao,Mobile Banking,3.8,1,0,On-Time
107468,2023-11-20,clothing,1881.91,2.1,Dhaka,eCourier,Cash on Delivery,3.8,3,0,Delayed
105765,2024-12-02,Electronics,175.84,16.9,Dhaka,ecourier,Card,5.0,3,1,On-Time
107179,2024-12-29,groceries,1269.42,17.1,Dhaka,eCourier,Cash on Delivery,4.1,1,0,On-Time
106160,2024-06-25,Clothing,280.29,18.3,Dhaka,Red X,Cash on Delivery,3.9,3,0,Delayed
107738,2024-03-18,beauty,268.71,1.4,Dhaka,Sundorbon,Card,4.1,1,1,On-Time
108376,2024-07-17,Grocery,1137.02,14.6,Dhaka,sundarban,Cash on Delivery,5.0,1,1,Delayed
108768,2024-06-29,Home and Kitchen,5200.79,28.6,Dhaka,sundarban,Mobile Banking,3.4,2,0,Delayed
107129,2023-08-21,clothing,5391.58,73.6,Dhaka,pathao,Card,3.3,4,1,On-Time
101147,2023-07-30,home & kitchen,2188.7,7.6,Sylhet,E-Courier,Mobile Banking,,2,0,On-Time
105455,2024-07-31,clothing,3524.04,7.2,Rajshahi,eCourier,Cash on Delivery,4.1,1,0,Delayed
101925,2023-07-17,ELECTRONICS,150.0,14.0,Rajshahi,redx,Cash on Delivery,3.5,4,1,On-Time
107331,2024-09-19,clothing,2329.49,34.4,Khulna,PATHAO,Cash on Delivery,4.0,3,0,On-Time
100398,2024-04-24,electronics,1343.59,,Chattogram,RedX,Mobile Banking,3.7,2,1,On-Time
100902,2023-07-29,groceries,1986.15,2.2,Dhaka,Sundarban,Cash on Delivery,3.5,2,1,Delayed
103300,2023-10-11,Beauty,215.69,7.4,Chattogram,Pathao,Mobile Banking,4.0,2,0,On-Time
100908,2023-08-12,Clothing,150.0,13.9,Chattogram,pathao,Mobile Banking,4.9,5,1,On-Time
106702,2023-09-07,beauty,329.94,4.5,Chattogram,Pathao,Card,4.4,3,1,On-Time
108889,2023-04-23,ELECTRONICS,990.28,17.9,Khulna,Red X,Cash on Delivery,4.3,2,0,Delayed
102543,2023-07-21,ELECTRONICS,150.0,14.5,Dhaka,sa paribahan,Mobile Banking,4.1,5,1,Delayed
106026,2024-12-07,Clothing,2382.7,22.4,Sylhet,Sundarban,Cash on Delivery,4.5,4,1,Cancelled
106845,2023-02-12,Home & Kitchen,2906.45,24.5,Chattogram,sundarban,Card,4.9,1,1,On-Time
102806,2024-02-14,Groceries,3110.84,16.6,Dhaka,PATHAO,Cash on Delivery,2.5,1,0,On-Time
104056,2023-11-18,Clothing,212.45,7.5,Chattogram,sa paribahan,Card,3.7,7,1,On-Time
104928,2024-10-18,electronics,1171.73,3.2,Chattogram,S.A. Paribahan,Mobile Banking,3.2,1,1,On-Time
103515,2023-08-17,clothing,1267.62,5.2,Dhaka,PATHAO,Card,2.9,2,0,On-Time
102265,2023-02-20,Electronics,1239.02,1.0,Chattogram,Sundarban,Mobile Banking,4.6,3,0,On-Time
106656,2024-03-24,Clothing,787.28,46.1,Sylhet,Sundarban,Cash on Delivery,4.3,2,1,On-Time
103358,2024-04-29,home & kitchen,997.58,21.9,Dhaka,PATHAO,Cash on Delivery,4.2,4,1,Cancelled
108929,2024-07-28,electronics,309.81,1.7,Dhaka,S.A. Paribahan,Cash on Delivery,3.9,1,0,On-Time
103873,2023-07-19,ELECTRONICS,1169.41,1.1,Dhaka,Sundarban,Mobile Banking,4.7,3,1,On-Time
107635,2024-10-31,ELECTRONICS,922.61,5.9,Dhaka,PATHAO,Card,4.9,1,0,On-Time
103532,2024-01-21,Clothing,463.93,2.6,Khulna,sundarban,Mobile Banking,4.2,2,1,On-Time
107653,2023-04-28,Groceries,150.0,1.0,Dhaka,Sundarban,Cash on Delivery,4.1,4,1,On-Time
105885,2023-08-11,Groceries,6311.57,10.9,Dhaka,sa paribahan,Card,3.8,4,0,On-Time
107419,2024-01-08,clothing,150.0,13.3,Khulna,ecourier,Mobile Banking,3.5,1,0,Delayed
106147,2023-02-26,Home and Kitchen,1008.93,4.9,Dhaka,PATHAO,Cash on Delivery,4.0,1,1,On-Time
101046,2024-06-16,Electronics,903.98,7.1,Dhaka,SA Paribahan,Card,3.3,4,0,Cancelled
104334,2023-01-21,ELECTRONICS,821.24,9.6,Sylhet,,Cash on Delivery,4.7,5,1,On-Time
107755,2024-03-29,Grocery,452.25,6.3,Sylhet,E-Courier,Cash on Delivery,4.6,2,1,Delayed
102235,2023-12-07,ELECTRONICS,333.76,10.2,Khulna,Sundarban,Mobile Banking,4.4,1,0,Delayed
106238,2024-10-14,ELECTRONICS,3754.99,4.7,Sylhet,RedX,Cash on Delivery,4.0,1,0,On-Time
100371,2024-06-04,groceries,1975.29,30.1,Rajshahi,RedX,Mobile Banking,4.5,3,0,On-Time
102068,2024-05-04,ELECTRONICS,885.02,3.5,Dhaka,Sundarban,Cash on Delivery,2.7,3,0,Delayed
106830,2023-08-29,groceries,946.4,1.8,Chattogram,ecourier,Cash on Delivery,3.9,2,1,On-Time
105107,2023-06-26,Beauty,455.11,14.1,Chattogram,PATHAO,Cash on Delivery,3.9,1,0,On-Time
101289,2024-07-12,Home & Kitchen,4777.75,15.4,Rajshahi,ecourier,Card,3.8,2,1,Delayed
101047,2023-07-29,clothing,2029.88,34.4,Dhaka,Pathao,Cash on Delivery,3.8,5,0,Delayed
105858,2023-08-15,clothing,861.31,5.6,Chattogram,redx,Card,5.0,2,0,On-Time
107693,2024-02-17,Clothing,441.55,,Sylhet,PATHAO,Cash on Delivery,2.0,1,0,On-Time
103012,2024-11-14,Electronics,2506.06,16.9,Chattogram,redx,Card,4.2,2,1,On-Time
100825,2024-12-24,Grocery,150.0,14.8,Chattogram,pathao,Cash on Delivery,,1,1,On-Time
104497,2023-05-30,ELECTRONICS,,4.6,Dhaka,redx,Mobile Banking,4.2,2,0,On-Time
104047,2024-11-12,groceries,2206.37,1.0,Sylhet,redx,Card,4.8,3,1,On-Time
104094,2023-06-10,beauty,370.89,14.3,Dhaka,PATHAO,Cash on Delivery,3.8,3,1,On-Time
100198,2023-09-21,books,3998.29,37.6,Chattogram,Sundorbon,Cash on Delivery,4.8,2,1,On-Time
108884,2023-10-18,ELECTRONICS,3456.13,28.2,Rajshahi,SA Paribahan,Mobile Banking,3.5,1,0,On-Time
101397,2023-11-28,clothing,767.23,1.0,Dhaka,Pathao,Mobile Banking,3.8,6,0,Delayed
100289,2023-08-17,groceries,1771.71,34.0,Dhaka,sundarban,Mobile Banking,4.0,3,0,On-Time
101652,2023-03-09,Books,642.02,1.1,Khulna,redx,Card,3.9,3,1,On-Time
101998,2024-12-22,Clothing,696.27,16.4,Khulna,Sundorbon,Cash on Delivery,4.1,3,0,Delayed
106078,2024-09-03,Groceries,360.53,,Dhaka,Sundarban,Cash on Delivery,3.8,1,0,Delayed
107285,2023-04-30,home & kitchen,583.66,31.9,Rajshahi,PATHAO,Cash on Delivery,4.1,3,1,On-Time
108441,2024-04-18,Electronics,2803.09,6.5,Dhaka,E-Courier,Mobile Banking,4.0,1,0,On-Time
105270,2023-09-25,groceries,150.0,38.5,Dhaka,Pathao,Cash on Delivery,3.9,5,1,Delayed
103646,2024-01-14,electronics,485.4,6.1,Dhaka,Sundorbon,Mobile Banking,4.3,4,0,On-Time
101636,2023-08-23,clothing,1413.45,8.2,Dhaka,PATHAO,Card,3.5,4,1,On-Time
105740,2024-10-07,Clothing,1394.93,42.3,Dhaka,sundarban,Cash on Delivery,,3,1,On-Time
106054,2023-05-09,ELECTRONICS,2264.26,22.7,Chattogram,PATHAO,Cash on Delivery,3.5,2,0,On-Time
101820,2024-11-27,Home and Kitchen,430.04,15.4,Dhaka,RedX,Mobile Banking,3.4,3,1,On-Time
105857,2024-01-05,Clothing,1491.63,17.4,Chattogram,sundarban,Cash on Delivery,5.0,3,0,On-Time
107054,2024-07-02,beauty,837.07,10.1,Chattogram,eCourier,Card,3.0,2,1,Delayed
107284,2024-10-09,Groceries,1945.13,42.4,Dhaka,SA Paribahan,Card,3.0,2,1,On-Time
103828,2023-01-12,clothing,2453.11,7.0,Khulna,Pathao,Cash on Delivery,4.2,2,0,On-Time
107029,2023-10-05,home & kitchen,826.18,35.9,Chattogram,Pathao,Cash on Delivery,3.8,4,0,On-Time
100649,2024-08-05,Electronics,300.06,18.3,Dhaka,pathao,Card,4.4,2,0,On-Time
107720,2023-04-30,Home and Kitchen,1799.35,6.9,Rajshahi,Pathao,Cash on Delivery,3.7,2,1,On-Time
103794,2024-02-04,Electronics,236.69,2.1,Dhaka,E-Courier,Mobile Banking,4.1,3,1,On-Time
100661,2024-04-04,Electronics,2340.38,20.7,Rajshahi,SA Paribahan,Cash on Delivery,4.1,1,0,On-Time
103513,2024-04-25,Clothing,1086.23,1.0,Sylhet,PATHAO,Card,3.7,1,0,Delayed
108717,2023-05-21,ELECTRONICS,4096.17,26.0,Dhaka,ecourier,Mobile Banking,4.5,2,0,On-Time
101012,2024-07-16,Books,907.16,27.2,Rajshahi,Pathao,Cash on Delivery,3.3,4,0,On-Time
100048,2023-10-11,ELECTRONICS,4972.24,4.9,Dhaka,RedX,Card,3.4,1,0,On-Time
103583,2024-06-17,Beauty,2166.87,19.8,Chattogram,sa paribahan,Mobile Banking,4.0,1,1,Delayed
105446,2024-09-04,Home & Kitchen,3048.87,27.8,Dhaka,Pathao,Mobile Banking,3.2,5,1,Delayed
102692,2023-09-21,Groceries,179.18,24.6,Chattogram,Red X,Cash on Delivery,4.8,3,0,Delayed
104887,2024-11-09,Clothing,3265.07,14.3,Dhaka,Red X,Cash on Delivery,4.0,1,1,On-Time
100253,2024-11-04,Clothing,451.47,7.7,Khulna,Pathao,Cash on Delivery,4.2,1,1,On-Time
106567,2023-08-21,Groceries,150.0,3.3,Dhaka,Pathao,Cash on Delivery,4.0,4,1,On-Time
106813,2024-05-28,home & kitchen,150.0,27.1,Khulna,Red X,Mobile Banking,3.7,1,0,Delayed
104018,2023-03-08,Home and Kitchen,784.07,6.7,Dhaka,pathao,Cash on Delivery,3.5,2,1,On-Time
100785,2024-10-23,Grocery,622.93,30.9,Dhaka,pathao,Cash on Delivery,3.3,2,1,Delayed
107930,2024-10-29,Clothing,618.7,,Chattogram,pathao,Mobile Banking,4.0,1,0,On-Time
100529,2023-02-24,groceries,1200.74,3.5,Chattogram,pathao,Mobile Banking,4.0,1,1,On-Time
107620,2023-10-14,electronics,834.45,4.9,Chattogram,S.A. Paribahan,Mobile Banking,3.5,2,1,Cancelled
108448,2023-04-09,clothing,150.0,7.7,Chattogram,Pathao,Cash on Delivery,4.8,3,1,Delayed
105392,2023-03-19,Groceries,1652.38,5.0,Dhaka,S.A. Paribahan,Cash on Delivery,4.1,1,0,On-Time
100118,2023-06-28,clothing,846.77,30.7,Rajshahi,eCourier,Cash on Delivery,4.6,4,0,On-Time
107723,2023-07-03,groceries,3493.06,24.4,Rajshahi,E-Courier,Cash on Delivery,4.5,3,0,Delayed
107941,2023-11-30,Electronics,4047.27,1.0,Sylhet,Pathao,Mobile Banking,4.3,5,1,On-Time
106469,2024-11-28,ELECTRONICS,3747.87,1.0,Dhaka,Red X,Mobile Banking,4.8,5,1,On-Time
104720,2023-03-20,Electronics,6966.9,23.4,Dhaka,Sundorbon,Cash on Delivery,4.1,3,0,Delayed
106051,2023-06-19,Clothing,254.64,8.3,Chattogram,sundarban,Card,4.3,4,1,On-Time
106453,2024-11-14,Clothing,4833.69,14.0,Khulna,redx,Mobile Banking,4.2,1,1,On-Time
108798,2024-12-24,ELECTRONICS,857.86,3.3,Rajshahi,SA Paribahan,Cash on Delivery,4.4,1,1,On-Time
108642,2023-09-21,Books,854.75,9.7,Khulna,SA Paribahan,Cash on Delivery,3.7,1,0,Delayed
100110,2023-11-11,ELECTRONICS,711.5,17.0,Dhaka,sa paribahan,Mobile Banking,4.1,2,0,Delayed
105495,2024-07-15,home & kitchen,962.86,16.5,Chattogram,RedX,Mobile Banking,3.7,4,0,On-Time
100517,2023-08-14,Books,2094.87,12.2,Rajshahi,RedX,Cash on Delivery,2.7,5,0,Delayed
105131,2024-06-08,electronics,281.43,35.2,Chattogram,sa paribahan,Cash on Delivery,4.0,6,0,On-Time
105349,2024-04-10,Beauty,1817.71,33.6,Sylhet,sa paribahan,Cash on Delivery,,3,1,Delayed
103805,2024-09-15,Home and Kitchen,5499.47,41.7,Sylhet,Red X,Card,5.0,1,0,On-Time
106240,2024-07-25,electronics,411.5,19.0,Rajshahi,Red X,Card,3.4,3,1,On-Time
106335,2024-05-12,electronics,189.7,18.4,Dhaka,redx,Cash on Delivery,3.8,1,1,Cancelled
107394,2024-02-11,books,150.0,20.5,Dhaka,sa paribahan,Cash on Delivery,4.4,1,1,Delayed
104853,2023-02-19,Books,,20.8,Chattogram,E-Courier,Cash on Delivery,4.6,1,1,On-Time
101230,2024-03-11,clothing,878.1,1.7,Chattogram,sundarban,Cash on Delivery,4.3,2,0,On-Time
106860,2024-10-08,Books,1182.29,11.1,Khulna,redx,Cash on Delivery,5.0,2,1,On-Time
106660,2024-01-31,clothing,1522.1,3.7,Khulna,eCourier,Mobile Banking,4.9,5,0,On-Time
104352,2024-03-22,Groceries,2277.94,1.6,Dhaka,PATHAO,Cash on Delivery,4.6,3,0,Delayed
107845,2024-12-03,ELECTRONICS,987.64,7.6,Rajshahi,Sundarban,Cash on Delivery,3.4,1,0,Delayed
108641,2023-11-14,ELECTRONICS,2054.27,31.5,Dhaka,Sundorbon,Card,3.9,4,0,On-Time
103183,2024-04-27,Clothing,391.26,17.3,Dhaka,sundarban,Mobile Banking,4.1,1,0,On-Time
106443,2024-08-07,clothing,2669.79,4.4,Chattogram,Pathao,Cash on Delivery,4.5,3,0,On-Time
100272,2024-01-02,electronics,832.85,22.7,Dhaka,sa paribahan,Cash on Delivery,2.9,5,0,On-Time
104372,2024-09-13,Clothing,4826.43,29.9,Dhaka,SA Paribahan,Mobile Banking,3.7,3,0,On-Time
104974,2024-02-05,electronics,2566.88,12.6,Chattogram,SA Paribahan,Cash on Delivery,4.1,2,0,On-Time
100772,2024-05-09,Groceries,573.07,8.9,Dhaka,pathao,Cash on Delivery,4.5,2,0,Cancelled
101944,2023-04-05,clothing,220.64,47.9,Sylhet,RedX,Cash on Delivery,3.1,1,0,Delayed
104565,2024-03-28,Home and Kitchen,2996.73,18.1,Rajshahi,sundarban,Cash on Delivery,4.2,2,0,On-Time
105637,2024-03-10,Home & Kitchen,,17.6,Chattogram,eCourier,Cash on Delivery,4.9,2,0,On-Time
103735,2023-05-21,Electronics,759.74,4.0,Dhaka,redx,Card,4.0,3,1,Delayed
104121,2024-03-29,clothing,2119.62,10.3,Dhaka,,Mobile Banking,3.2,2,1,On-Time
103373,2023-05-21,books,1312.35,24.1,Sylhet,S.A. Paribahan,Card,3.9,1,0,On-Time
105555,2024-11-12,Electronics,6233.23,6.3,Khulna,PATHAO,Cash on Delivery,4.2,3,0,On-Time
102903,2024-09-10,Home and Kitchen,3241.73,11.3,Dhaka,Sundarban,Cash on Delivery,5.0,1,1,On-Time
101860,2023-09-20,groceries,1640.5,25.5,Rajshahi,Red X,Cash on Delivery,3.3,1,0,Delayed
106254,2023-07-05,clothing,762.42,26.6,Khulna,Sundarban,Mobile Banking,5.0,3,0,On-Time
100839,2024-05-31,home & kitchen,325.25,53.8,Khulna,Pathao,Cash on Delivery,4.2,6,0,Delayed
102824,2024-03-04,groceries,2220.87,1.7,Dhaka,E-Courier,Card,4.0,3,1,On-Time
102049,2024-06-15,clothing,4563.71,11.3,Dhaka,pathao,Cash on Delivery,3.7,4,0,On-Time
105468,2024-09-18,clothing,10495.2,19.6,Chattogram,RedX,Mobile Banking,4.8,3,0,On-Time
100608,2023-04-29,clothing,635.61,75.4,Sylhet,S.A. Paribahan,Cash on Delivery,4.4,4,1,Delayed
107681,2024-03-13,home & kitchen,1027.72,6.6,Chattogram,Red X,Cash on Delivery,4.1,3,1,Delayed
103928,2024-06-01,Clothing,569.16,1.0,Khulna,pathao,Cash on Delivery,4.5,2,0,On-Time
104450,2023-06-14,ELECTRONICS,2020.61,14.8,Sylhet,sundarban,Mobile Banking,4.7,2,1,On-Time
107892,2024-07-18,Electronics,1205.31,13.7,Dhaka,eCourier,Card,4.1,3,0,On-Time
105155,2023-01-21,electronics,1638.7,3.6,Dhaka,sundarban,Cash on Delivery,3.3,1,0,Delayed
106966,2024-06-24,clothing,366.86,6.5,Dhaka,redx,Mobile Banking,3.7,1,0,On-Time
100406,2024-05-26,Home and Kitchen,4458.12,33.3,Rajshahi,S.A. Paribahan,Card,3.7,3,0,Delayed
103949,2023-05-23,Groceries,746.73,9.3,Dhaka,SA Paribahan,Cash on Delivery,3.8,6,1,On-Time
107283,2024-10-24,Clothing,3362.85,2.6,Khulna,redx,Card,3.2,4,1,On-Time
102645,2023-09-03,Beauty,3317.19,1.5,Chattogram,redx,Mobile Banking,4.7,1,0,On-Time
101976,2024-10-23,Books,321.2,7.2,Dhaka,S.A. Paribahan,Card,4.1,2,0,On-Time
108493,2023-12-30,Grocery,2498.23,1.5,Dhaka,S.A. Paribahan,Cash on Delivery,4.1,4,1,On-Time
102881,2024-04-19,Beauty,2458.88,9.9,Dhaka,Red X,Cash on Delivery,3.9,2,0,On-Time
103251,2024-07-09,Home & Kitchen,2843.14,3.5,Chattogram,Pathao,Card,4.1,3,1,On-Time
101559,2024-10-16,Groceries,5076.57,4.1,Dhaka,Sundorbon,Card,4.0,3,1,Delayed
107809,2024-10-17,Clothing,4015.9,15.3,Chattogram,PATHAO,Cash on Delivery,4.8,3,0,On-Time
104314,2024-01-26,electronics,695.13,5.5,Dhaka,Sundorbon,Cash on Delivery,3.4,4,0,Delayed
106214,2023-04-13,clothing,242.56,1.0,Khulna,Pathao,Cash on Delivery,3.6,2,0,On-Time
104257,2023-02-09,ELECTRONICS,2014.47,8.0,Dhaka,PATHAO,Cash on Delivery,4.8,1,0,On-Time
105717,2023-04-17,Clothing,1505.08,5.8,Dhaka,Pathao,Cash on Delivery,3.6,2,1,On-Time
103273,2024-01-16,ELECTRONICS,1169.33,9.2,Chattogram,PATHAO,Card,4.2,1,1,On-Time
106266,2023-12-24,Beauty,2008.54,17.1,Chattogram,Red X,Mobile Banking,4.4,1,1,Delayed
108279,2023-09-12,clothing,4835.66,5.3,Rajshahi,pathao,Mobile Banking,4.6,2,1,On-Time
100525,2023-01-14,electronics,739.46,15.3,Khulna,PATHAO,Cash on Delivery,4.5,4,0,On-Time
102218,2024-01-01,Home & Kitchen,4905.39,57.9,Dhaka,pathao,Mobile Banking,4.2,2,0,On-Time
106674,2023-02-03,beauty,150.0,13.3,Dhaka,Sundorbon,Cash on Delivery,4.3,5,0,Delayed
104534,2024-09-09,home & kitchen,2255.27,,Dhaka,pathao,Mobile Banking,4.0,1,1,On-Time
107273,2023-02-07,clothing,1209.95,1.0,Dhaka,Pathao,Mobile Banking,4.4,2,1,On-Time
106262,2024-07-17,electronics,1995.35,10.4,Rajshahi,pathao,Cash on Delivery,3.2,2,1,On-Time
105527,2024-05-11,Electronics,545.83,3.6,Dhaka,PATHAO,Cash on Delivery,4.9,1,0,Delayed
101928,2023-09-17,groceries,2239.42,26.2,Dhaka,PATHAO,Mobile Banking,2.9,1,0,On-Time
108819,2023-03-06,Home & Kitchen,688.64,13.1,Dhaka,redx,Cash on Delivery,4.3,6,0,Delayed
104769,2023-04-15,electronics,1688.29,39.9,Sylhet,Red X,Card,4.3,3,0,On-Time
101340,2024-11-29,beauty,1076.44,28.1,Chattogram,sundarban,Cash on Delivery,3.7,2,0,Delayed
100262,2024-09-20,Clothing,452.24,12.2,Sylhet,RedX,Cash on Delivery,3.6,2,0,On-Time
107263,2024-07-30,Home and Kitchen,968.76,2.5,Khulna,PATHAO,Card,3.9,5,1,On-Time
100055,2023-01-02,electronics,150.0,18.9,Dhaka,E-Courier,Cash on Delivery,5.0,2,0,Delayed
100600,2024-11-05,Clothing,1725.0,7.8,Dhaka,S.A. Paribahan,Cash on Delivery,4.1,2,1,Cancelled
107611,2023-01-23,groceries,316.82,1.0,Dhaka,S.A. Paribahan,Mobile Banking,2.9,7,0,Delayed
103706,2023-07-06,groceries,150.0,12.3,Dhaka,Red X,Cash on Delivery,4.3,2,1,On-Time
104723,2023-08-02,Grocery,241.28,9.7,Khulna,E-Courier,Mobile Banking,3.4,2,1,On-Time
108566,2024-04-15,Beauty,794.06,9.9,Dhaka,Pathao,Mobile Banking,3.4,2,0,Cancelled
106717,2023-03-25,groceries,150.0,13.2,Chattogram,sundarban,Cash on Delivery,4.3,2,1,On-Time
104374,2023-07-03,Beauty,670.6,1.2,Dhaka,pathao,Cash on Delivery,4.5,1,1,On-Time
102608,2024-05-28,electronics,542.93,2.7,Dhaka,sa paribahan,Cash on Delivery,5.0,4,1,Delayed
103823,2024-11-18,clothing,3251.46,1.0,Chattogram,sundarban,Cash on Delivery,4.4,4,1,Delayed
106639,2023-08-03,ELECTRONICS,1216.83,7.4,Dhaka,ecourier,Cash on Delivery,4.8,1,0,On-Time
101138,2024-06-25,Home and Kitchen,150.0,11.9,Sylhet,Red X,Cash on Delivery,3.9,2,0,On-Time
104161,2023-01-14,Home and Kitchen,1390.09,7.8,Chattogram,,Card,,4,0,On-Time
103443,2023-07-08,clothing,554.35,10.9,Rajshahi,redx,Mobile Banking,4.6,2,0,Delayed
102255,2024-07-18,Clothing,150.0,10.3,Dhaka,sundarban,Cash on Delivery,3.4,2,1,Delayed
107460,2024-04-11,Clothing,5684.76,20.5,Dhaka,redx,Mobile Banking,5.0,4,0,On-Time
107956,2024-02-04,electronics,806.6,5.1,Chattogram,eCourier,Cash on Delivery,3.1,2,1,On-Time
102504,2024-05-16,ELECTRONICS,1056.31,9.7,Dhaka,pathao,Card,4.3,3,0,On-Time
102771,2024-11-28,beauty,845.73,4.6,Dhaka,S.A. Paribahan,Cash on Delivery,4.2,3,0,On-Time
107705,2023-11-08,Clothing,2915.18,4.7,Rajshahi,RedX,Cash on Delivery,4.1,3,1,On-Time
106815,2023-01-27,clothing,2093.23,6.8,Khulna,PATHAO,Cash on Delivery,3.8,3,0,Delayed
106444,2024-03-26,Grocery,305.62,25.3,Khulna,sa paribahan,Cash on Delivery,4.6,1,0,Delayed
102764,2023-08-22,Electronics,525.65,14.0,Dhaka,Sundorbon,Cash on Delivery,4.9,1,1,On-Time
105541,2024-08-17,Grocery,150.0,16.8,Dhaka,RedX,Cash on Delivery,4.4,1,0,Delayed
107060,2023-08-10,Clothing,,8.4,Dhaka,pathao,Cash on Delivery,3.8,2,0,Delayed
108976,2024-04-25,clothing,821.8,9.9,Dhaka,Pathao,Cash on Delivery,3.7,1,0,On-Time
107808,2023-05-25,Home & Kitchen,391.13,26.1,Khulna,Sundorbon,Cash on Delivery,5.0,1,0,Cancelled
103058,2023-12-15,groceries,4057.55,54.4,Dhaka,Sundorbon,Cash on Delivery,4.8,4,0,On-Time
101174,2023-02-15,Beauty,284.79,6.8,Chattogram,pathao,Mobile Banking,3.8,1,0,On-Time
100774,2023-06-07,beauty,1299.14,26.9,Khulna,Red X,Cash on Delivery,3.6,1,1,On-Time
102038,2024-01-18,beauty,2239.56,26.6,Dhaka,PATHAO,Cash on Delivery,4.6,1,0,Cancelled
104147,2024-05-29,Beauty,1015.1,2.7,Khulna,Pathao,Mobile Banking,3.7,2,0,On-Time
100492,2024-10-13,Grocery,,6.0,Chattogram,Sundorbon,Cash on Delivery,3.6,1,0,Cancelled
103587,2023-07-04,Beauty,,20.8,Dhaka,Sundorbon,Cash on Delivery,4.3,6,0,On-Time
101856,2024-11-19,Groceries,3451.69,1.8,Chattogram,S.A. Paribahan,Mobile Banking,4.4,2,0,Delayed
106009,2024-12-25,groceries,1355.11,1.6,Dhaka,Pathao,Cash on Delivery,4.7,2,0,Delayed
104261,2023-04-21,clothing,1536.57,6.9,Dhaka,redx,Cash on Delivery,3.2,2,0,On-Time
106697,2023-10-10,ELECTRONICS,915.54,1.6,Dhaka,pathao,Cash on Delivery,3.8,1,1,On-Time
105440,2024-07-29,electronics,150.0,3.1,Sylhet,SA Paribahan,Mobile Banking,4.2,3,0,On-Time
105422,2024-11-15,electronics,2197.21,3.2,Dhaka,ecourier,Cash on Delivery,5.0,1,1,On-Time
106361,2024-12-30,books,1334.84,24.9,Rajshahi,Sundorbon,Card,3.8,1,0,Delayed
106872,2024-06-10,Grocery,5487.99,3.0,Sylhet,Pathao,Mobile Banking,4.5,1,0,On-Time
106772,2023-09-12,Books,2472.81,28.9,Dhaka,Red X,Cash on Delivery,3.5,1,0,On-Time
108027,2023-12-19,books,978.25,2.9,Dhaka,sundarban,Cash on Delivery,4.7,3,1,On-Time
102389,2023-08-23,Beauty,150.0,2.6,Khulna,ecourier,Cash on Delivery,3.9,2,0,On-Time
106374,2023-09-25,Clothing,1670.41,30.9,Dhaka,PATHAO,Mobile Banking,4.8,5,1,Delayed
107023,2024-03-28,ELECTRONICS,,15.4,Khulna,RedX,Card,4.1,3,0,On-Time
108064,2023-10-22,Groceries,3277.4,14.2,Khulna,pathao,Cash on Delivery,3.7,6,1,On-Time
100522,2023-11-19,home & kitchen,2427.76,3.2,Khulna,RedX,Card,4.1,3,0,On-Time
101026,2023-11-18,books,3519.26,23.3,Dhaka,pathao,Cash on Delivery,2.7,1,1,Delayed
107686,2023-01-01,Grocery,468.65,3.7,Chattogram,SA Paribahan,Cash on Delivery,3.9,6,1,On-Time
104443,2023-11-18,Books,2157.18,8.6,Chattogram,Sundorbon,Card,,2,1,On-Time
106345,2024-01-11,clothing,1769.65,32.4,Khulna,redx,Card,2.7,1,1,Delayed
106745,2023-05-20,Books,563.97,62.5,Dhaka,redx,Cash on Delivery,4.1,2,0,On-Time
105540,2023-01-04,Clothing,1860.28,6.4,Dhaka,Sundorbon,Cash on Delivery,5.0,6,0,Delayed
106486,2023-07-04,Beauty,3282.28,11.2,Sylhet,Sundarban,Mobile Banking,4.3,2,0,On-Time
100542,2023-11-07,Clothing,150.0,12.7,Dhaka,pathao,Card,4.6,5,0,On-Time
106427,2024-04-30,Electronics,2161.95,9.8,Khulna,SA Paribahan,Cash on Delivery,,3,1,On-Time
100866,2023-03-26,clothing,3225.04,52.0,Sylhet,Red X,Mobile Banking,,1,0,Delayed
103457,2023-10-23,Home and Kitchen,185.86,64.9,Chattogram,PATHAO,Mobile Banking,3.4,1,1,Delayed
105237,2023-07-01,Grocery,406.96,5.0,Dhaka,S.A. Paribahan,Cash on Delivery,4.5,1,0,On-Time
105937,2023-09-17,home & kitchen,,12.8,Chattogram,sa paribahan,Cash on Delivery,3.8,1,0,Delayed
108916,2024-04-04,Grocery,1863.18,25.6,Dhaka,Sundarban,Cash on Delivery,5.0,3,0,On-Time
108500,2023-06-28,Home & Kitchen,247.75,11.0,Rajshahi,redx,Cash on Delivery,4.4,5,1,Delayed
103225,2023-04-16,Beauty,2726.72,6.1,Dhaka,sa paribahan,Card,2.8,5,1,On-Time
102039,2024-11-12,home & kitchen,150.0,3.0,Dhaka,Pathao,Mobile Banking,4.1,3,1,On-Time
103192,2023-10-08,Clothing,2629.59,19.1,Sylhet,RedX,Mobile Banking,3.1,1,0,On-Time
108039,2023-09-15,ELECTRONICS,771.97,9.0,Rajshahi,pathao,Cash on Delivery,3.7,2,0,On-Time
106521,2024-07-29,electronics,1362.16,2.3,Khulna,SA Paribahan,Cash on Delivery,5.0,2,0,On-Time
103810,2024-12-09,Groceries,2084.71,3.9,Chattogram,S.A. Paribahan,Cash on Delivery,4.3,1,1,Delayed
106784,2024-02-27,groceries,2900.09,13.9,Sylhet,redx,Mobile Banking,4.2,1,0,On-Time
106213,2023-03-17,Home & Kitchen,,23.0,Dhaka,Pathao,Card,3.3,1,1,On-Time
106314,2023-09-09,Home & Kitchen,589.82,1.8,Chattogram,eCourier,Mobile Banking,4.0,1,0,On-Time
103979,2024-07-18,Clothing,3384.49,17.4,Dhaka,Red X,Cash on Delivery,4.8,1,0,Delayed
106643,2023-04-21,clothing,333.6,8.7,Dhaka,eCourier,Card,3.5,2,1,Delayed
101622,2024-01-16,electronics,332.17,25.4,Dhaka,SA Paribahan,Cash on Delivery,3.4,3,0,Delayed
101564,2024-01-29,Electronics,418.43,6.9,Dhaka,redx,Mobile Banking,4.1,2,0,On-Time
103382,2023-03-06,clothing,544.1,39.6,Khulna,Red X,Cash on Delivery,3.3,1,1,On-Time
107380,2023-05-02,Electronics,2531.38,5.0,Dhaka,Sundorbon,Cash on Delivery,4.4,3,1,On-Time
107386,2024-12-14,Beauty,150.0,28.7,Khulna,Red X,Cash on Delivery,2.7,3,0,Delayed
106195,2024-07-31,clothing,2901.31,5.9,Dhaka,RedX,Mobile Banking,3.0,1,0,On-Time
104463,2023-12-30,Clothing,1317.58,6.8,Dhaka,Pathao,Cash on Delivery,4.1,3,0,On-Time
106949,2023-10-23,groceries,633.09,12.1,Dhaka,E-Courier,Card,3.6,3,1,On-Time
104742,2023-05-06,books,,10.9,Dhaka,Sundarban,Mobile Banking,4.5,3,0,Delayed
106531,2023-03-16,Books,3479.86,4.6,Dhaka,,Card,4.1,2,0,On-Time
102593,2024-06-12,clothing,1752.48,29.5,Khulna,pathao,Cash on Delivery,4.3,3,1,On-Time
103784,2024-03-20,beauty,533.75,7.9,Chattogram,SA Paribahan,Cash on Delivery,4.2,1,0,Delayed
103770,2023-03-14,electronics,664.77,13.0,Dhaka,E-Courier,Mobile Banking,4.7,1,0,On-Time
104745,2023-04-18,Clothing,199.38,3.2,Sylhet,PATHAO,Cash on Delivery,3.8,6,1,On-Time
101890,2023-01-20,Home and Kitchen,4233.88,3.6,Dhaka,PATHAO,Cash on Delivery,4.5,2,0,On-Time
108655,2023-02-14,Groceries,1723.24,1.3,Khulna,Pathao,Cash on Delivery,5.0,2,0,On-Time
106997,2024-10-14,Grocery,866.81,24.8,Dhaka,ecourier,Cash on Delivery,4.4,1,0,On-Time
100269,2024-05-04,electronics,240.02,8.8,Khulna,Sundarban,Cash on Delivery,4.0,3,0,On-Time
106753,2024-09-12,clothing,1557.94,1.7,Chattogram,PATHAO,Cash on Delivery,4.2,1,0,On-Time
106158,2024-05-27,electronics,2709.83,28.9,Dhaka,Sundarban,Mobile Banking,4.5,3,0,On-Time
105108,2024-04-04,electronics,6983.55,12.6,Khulna,Pathao,Cash on Delivery,4.2,1,0,On-Time
107282,2023-04-13,Grocery,588.52,1.7,Dhaka,Sundorbon,Card,4.1,1,0,On-Time
104909,2023-11-28,beauty,514.02,39.3,Dhaka,sa paribahan,Mobile Banking,3.5,2,0,Delayed
104969,2024-12-09,Home & Kitchen,2439.98,43.6,Rajshahi,RedX,Cash on Delivery,4.2,3,1,On-Time
108811,2023-09-13,Groceries,522.51,11.1,Dhaka,ecourier,Cash on Delivery,3.7,2,0,On-Time
107672,2024-04-26,groceries,841.28,2.7,Sylhet,S.A. Paribahan,Cash on Delivery,4.3,2,1,On-Time
108432,2023-12-11,electronics,1482.61,6.0,Dhaka,sundarban,Cash on Delivery,4.5,1,0,Cancelled
105507,2023-03-28,electronics,5956.6,8.9,Chattogram,Pathao,Mobile Banking,3.4,1,0,On-Time
105729,2023-01-15,Clothing,740.31,21.6,Chattogram,Red X,Card,3.2,2,1,On-Time
105791,2024-12-11,Clothing,1796.45,25.6,Sylhet,Sundorbon,Cash on Delivery,4.4,3,1,Delayed
101373,2024-07-13,books,1370.03,14.4,Dhaka,E-Courier,Mobile Banking,3.8,3,0,On-Time
106492,2024-08-06,books,1053.05,14.4,Rajshahi,S.A. Paribahan,Cash on Delivery,4.0,5,0,On-Time
106668,2023-01-29,Clothing,924.34,45.4,Dhaka,S.A. Paribahan,Cash on Delivery,4.2,2,0,Cancelled
104409,2024-07-22,Clothing,1135.39,2.3,Dhaka,SA Paribahan,Cash on Delivery,4.2,3,0,On-Time
100460,2023-06-16,clothing,1243.57,22.3,Dhaka,eCourier,Cash on Delivery,4.0,4,0,On-Time
103434,2023-02-09,Groceries,150.0,5.0,Dhaka,Sundarban,Card,4.0,2,1,On-Time
106932,2024-05-18,home & kitchen,821.86,6.9,Khulna,SA Paribahan,Mobile Banking,4.1,2,1,Delayed
101726,2024-08-22,electronics,671.49,1.0,Khulna,ecourier,Card,3.7,4,0,Delayed
102182,2024-05-02,Beauty,1396.35,14.7,Sylhet,redx,Cash on Delivery,4.4,4,0,On-Time
100970,2023-02-05,Groceries,1977.21,1.3,Dhaka,Sundorbon,Mobile Banking,3.8,3,0,Delayed
104604,2024-02-26,electronics,211.9,17.0,Dhaka,PATHAO,Cash on Delivery,4.9,1,0,On-Time
102369,2023-01-30,electronics,2244.88,2.8,Chattogram,Pathao,Cash on Delivery,4.2,2,1,On-Time
102029,2023-02-05,clothing,613.67,10.5,Dhaka,RedX,Card,4.3,3,0,On-Time
100796,2023-03-05,Beauty,1648.53,17.6,Dhaka,pathao,Cash on Delivery,4.0,6,1,On-Time
105246,2023-05-11,Clothing,1071.98,75.6,Chattogram,,Mobile Banking,3.8,5,1,Delayed
106307,2023-12-24,Clothing,5714.68,3.8,Chattogram,E-Courier,Cash on Delivery,4.5,1,1,On-Time
101179,2023-04-27,ELECTRONICS,6740.62,12.7,Chattogram,Sundarban,Mobile Banking,5.0,1,0,On-Time
103750,2023-09-08,Beauty,1981.16,23.7,Dhaka,SA Paribahan,Card,3.4,2,0,On-Time
106940,2023-07-11,Grocery,429.37,1.9,Dhaka,ecourier,Cash on Delivery,3.3,2,0,On-Time
103843,2024-10-21,beauty,967.97,30.4,Dhaka,E-Courier,Card,4.1,2,0,On-Time
108766,2024-12-28,beauty,274.38,2.9,Dhaka,Pathao,Cash on Delivery,3.7,1,0,On-Time
108363,2024-01-20,Home and Kitchen,484.32,3.7,Dhaka,PATHAO,Card,5.0,2,0,Delayed
102769,2024-02-27,clothing,150.0,10.6,Dhaka,pathao,Cash on Delivery,4.3,3,1,On-Time
102632,2023-01-23,clothing,1248.24,24.7,Dhaka,RedX,Card,,3,1,Delayed
100757,2023-11-27,Electronics,626.13,44.2,Rajshahi,ecourier,Card,2.7,3,0,Delayed
107591,2024-11-03,clothing,343.46,10.1,Sylhet,sundarban,Cash on Delivery,4.1,3,1,On-Time
102870,2023-09-05,Grocery,1459.55,8.5,Dhaka,S.A. Paribahan,Cash on Delivery,4.0,2,0,On-Time
100067,2023-02-13,books,2454.8,1.0,Chattogram,Pathao,Cash on Delivery,3.6,2,0,On-Time
107627,2024-07-13,Home & Kitchen,150.0,20.4,Sylhet,PATHAO,Cash on Delivery,4.1,3,0,On-Time
107036,2024-11-01,Beauty,2811.84,19.9,Dhaka,PATHAO,Cash on Delivery,3.7,3,0,On-Time
104895,2023-07-01,clothing,150.0,3.3,Chattogram,Sundarban,Cash on Delivery,4.5,1,1,On-Time
100050,2023-05-14,Home & Kitchen,774.01,14.1,Khulna,Sundorbon,Cash on Delivery,4.3,2,1,On-Time
105536,2024-02-06,Clothing,2057.7,40.1,Dhaka,Sundarban,Cash on Delivery,3.8,2,0,Delayed
100216,2023-01-25,home & kitchen,321.92,1.5,Dhaka,Sundorbon,Cash on Delivery,5.0,4,0,Delayed
103758,2023-07-10,Beauty,1930.87,9.3,Rajshahi,SA Paribahan,Mobile Banking,4.2,5,1,On-Time
108203,2023-10-12,ELECTRONICS,528.77,24.3,Dhaka,RedX,Mobile Banking,4.4,7,1,Delayed
103181,2023-04-01,Clothing,4743.84,6.1,Chattogram,Pathao,Cash on Delivery,3.9,4,0,On-Time
108960,2023-08-16,clothing,320.21,66.8,Dhaka,pathao,Mobile Banking,4.7,3,1,Delayed
108850,2023-07-14,Electronics,4044.51,21.7,Dhaka,redx,Cash on Delivery,5.0,2,0,On-Time
101825,2023-02-26,Clothing,2399.1,22.4,Chattogram,RedX,Cash on Delivery,4.0,4,1,On-Time
105597,2024-02-19,clothing,211.27,31.8,Dhaka,Red X,Cash on Delivery,4.3,4,0,On-Time
108346,2023-07-26,Grocery,1168.06,21.2,Dhaka,Red X,Cash on Delivery,4.4,1,0,Delayed
108341,2024-10-04,beauty,3931.97,,Dhaka,S.A. Paribahan,Cash on Delivery,3.9,1,0,Delayed
102943,2024-06-19,Grocery,1835.0,25.9,Chattogram,Red X,Cash on Delivery,4.7,2,0,Delayed
103941,2023-05-24,electronics,973.9,3.4,Chattogram,ecourier,Mobile Banking,,1,1,On-Time
104138,2023-08-18,Groceries,150.0,7.0,Dhaka,Sundorbon,Cash on Delivery,5.0,1,0,On-Time
107678,2023-06-12,clothing,808.16,3.8,Sylhet,sundarban,Mobile Banking,3.8,2,1,On-Time
106882,2023-05-08,Books,7339.41,20.1,Chattogram,sa paribahan,Card,,2,0,Delayed
100106,2024-10-06,ELECTRONICS,2841.79,20.7,Dhaka,Red X,Cash on Delivery,4.2,1,0,Delayed
107415,2023-05-25,Clothing,2560.14,14.1,Sylhet,eCourier,Card,3.3,3,1,Delayed
105382,2024-04-27,groceries,2529.65,26.2,Dhaka,RedX,Cash on Delivery,2.9,1,0,On-Time
103677,2023-10-20,Grocery,1984.57,33.8,Khulna,SA Paribahan,Mobile Banking,3.6,3,0,On-Time
105046,2024-01-13,clothing,1319.12,5.7,Dhaka,RedX,Card,5.0,3,0,On-Time
106604,2024-06-04,electronics,1343.97,2.8,Dhaka,ecourier,Mobile Banking,5.0,1,0,On-Time
106905,2023-07-11,beauty,2352.74,30.4,Khulna,Sundarban,Cash on Delivery,4.3,3,0,Cancelled
104931,2023-01-27,Home and Kitchen,354.03,2.9,Chattogram,sundarban,Cash on Delivery,4.8,1,0,Delayed
102688,2024-07-08,beauty,3908.19,12.0,Khulna,sa paribahan,Mobile Banking,3.1,1,0,On-Time
104267,2024-02-10,electronics,1399.58,3.7,Rajshahi,pathao,Cash on Delivery,5.0,1,0,On-Time
103833,2024-09-29,Electronics,4878.7,17.3,Chattogram,RedX,Card,4.1,1,0,On-Time
106344,2023-05-26,home & kitchen,527.58,1.0,Khulna,S.A. Paribahan,Cash on Delivery,3.8,3,0,Delayed
101691,2024-12-19,Groceries,150.0,3.3,Dhaka,pathao,Cash on Delivery,3.5,3,0,On-Time
103826,2023-04-11,home & kitchen,150.0,,Dhaka,ecourier,Cash on Delivery,4.3,2,1,Delayed
105689,2023-10-21,books,1325.47,4.1,Khulna,sundarban,Cash on Delivery,4.6,3,1,Delayed
102860,2023-06-15,ELECTRONICS,150.0,21.9,Chattogram,E-Courier,Mobile Banking,4.5,3,1,On-Time
106704,2024-05-19,clothing,150.0,13.4,Rajshahi,redx,Card,4.9,3,0,On-Time
103282,2024-11-11,ELECTRONICS,339.14,2.9,Dhaka,redx,Cash on Delivery,3.5,2,1,On-Time
102272,2023-01-12,Home and Kitchen,,20.6,Dhaka,Sundorbon,Cash on Delivery,5.0,2,1,Delayed
105323,2024-05-24,home & kitchen,150.0,13.3,Dhaka,S.A. Paribahan,Mobile Banking,3.8,3,1,On-Time
100710,2023-07-19,electronics,1334.59,5.9,Rajshahi,pathao,Cash on Delivery,4.6,1,0,On-Time
102373,2024-09-08,Home & Kitchen,315.99,8.2,Rajshahi,Red X,Card,3.7,1,0,On-Time
107593,2024-08-31,clothing,3229.31,1.0,Dhaka,Sundarban,Cash on Delivery,3.7,6,0,Delayed
105290,2023-08-06,Groceries,2069.69,11.8,Rajshahi,SA Paribahan,Cash on Delivery,4.3,3,1,Delayed
102253,2023-08-31,clothing,1977.3,10.9,Chattogram,Pathao,Cash on Delivery,4.2,3,0,On-Time
107004,2023-07-27,Clothing,2816.4,8.0,Sylhet,PATHAO,Cash on Delivery,3.6,1,1,On-Time
104942,2023-08-14,beauty,1604.29,5.1,Dhaka,eCourier,Mobile Banking,4.2,1,1,On-Time
106636,2023-05-08,home & kitchen,2140.83,12.5,Khulna,Red X,Cash on Delivery,4.7,6,1,On-Time
102127,2024-12-10,groceries,1106.25,33.3,Khulna,SA Paribahan,Mobile Banking,4.4,1,0,Delayed
108806,2024-07-28,Books,296.63,10.1,Chattogram,S.A. Paribahan,Mobile Banking,3.8,1,0,On-Time
105978,2024-04-01,groceries,544.63,2.5,Chattogram,SA Paribahan,Cash on Delivery,3.7,2,0,On-Time
100690,2023-01-07,home & kitchen,150.0,25.0,Dhaka,RedX,Card,3.5,1,0,Delayed
102582,2023-10-21,Clothing,2175.13,21.4,Chattogram,Sundarban,Cash on Delivery,2.6,2,0,Delayed
108924,2024-11-26,beauty,1305.77,17.3,Dhaka,redx,Cash on Delivery,4.1,1,1,Delayed
102131,2024-02-05,Clothing,1255.72,3.1,Dhaka,Pathao,Cash on Delivery,4.4,4,0,On-Time
104595,2023-06-08,Clothing,1565.09,2.9,Sylhet,pathao,Cash on Delivery,,4,1,On-Time
106647,2023-09-05,home & kitchen,597.26,24.9,Sylhet,sa paribahan,Cash on Delivery,3.8,3,0,On-Time
106762,2023-02-12,books,2761.3,52.1,Dhaka,redx,Card,4.8,1,0,Cancelled
100325,2024-11-24,clothing,194.39,13.8,Chattogram,RedX,Cash on Delivery,4.5,2,0,On-Time
106621,2024-11-01,Clothing,5403.67,1.3,Khulna,Red X,Cash on Delivery,4.0,1,1,On-Time
102728,2024-11-02,Clothing,1563.35,,Chattogram,PATHAO,Mobile Banking,4.6,2,0,On-Time
102014,2023-01-07,ELECTRONICS,239.08,4.1,Chattogram,Pathao,Cash on Delivery,3.7,1,0,Delayed
100700,2023-01-31,clothing,10042.24,32.0,Rajshahi,Pathao,Cash on Delivery,4.6,2,1,Delayed
105600,2023-05-23,Books,452.05,3.9,Dhaka,E-Courier,Mobile Banking,3.2,1,0,On-Time
100206,2023-05-03,Home and Kitchen,1854.57,1.0,Khulna,Pathao,Card,,3,1,On-Time
104755,2024-02-10,clothing,2873.68,2.2,Dhaka,redx,Card,3.4,4,1,On-Time
101999,2023-12-21,Clothing,5144.24,1.9,Khulna,pathao,Mobile Banking,3.9,2,0,On-Time
104890,2023-07-01,Home and Kitchen,759.74,39.3,Dhaka,pathao,Cash on Delivery,4.5,5,1,On-Time
104994,2024-09-21,Grocery,2891.56,49.5,Dhaka,SA Paribahan,Card,4.8,4,1,Delayed
106069,2024-05-18,Clothing,150.0,22.7,Dhaka,PATHAO,Card,3.0,1,0,On-Time
108488,2024-08-30,beauty,1049.81,17.5,Dhaka,sa paribahan,Cash on Delivery,3.6,2,0,On-Time
107946,2023-12-02,Beauty,4125.39,10.2,Khulna,RedX,Mobile Banking,3.9,1,0,On-Time
105755,2024-03-31,Clothing,2933.25,2.2,Dhaka,SA Paribahan,Cash on Delivery,5.0,2,0,On-Time
107387,2023-10-29,home & kitchen,1902.13,1.0,Dhaka,Pathao,Cash on Delivery,4.1,2,1,On-Time
105315,2024-05-05,Grocery,1182.31,9.4,Dhaka,Pathao,Cash on Delivery,3.6,2,0,Delayed
103669,2023-07-28,Clothing,1198.87,12.0,Dhaka,eCourier,Cash on Delivery,5.0,2,0,On-Time
108750,2024-10-04,clothing,447.26,72.4,Rajshahi,Sundarban,Card,3.5,1,0,Cancelled
107692,2024-11-18,books,5102.0,13.4,Khulna,eCourier,Cash on Delivery,5.0,1,1,Delayed
107769,2024-02-10,beauty,239.45,9.4,Dhaka,Pathao,Card,4.7,1,0,On-Time
107748,2024-04-26,Clothing,3321.2,14.2,Dhaka,Pathao,Card,4.2,1,0,On-Time
101002,2023-05-31,electronics,6269.74,5.4,Dhaka,Sundarban,Card,4.0,1,1,On-Time
108731,2024-04-09,Home & Kitchen,797.87,13.2,Dhaka,pathao,Cash on Delivery,3.3,1,0,On-Time
101807,2024-12-03,clothing,4234.42,4.0,Dhaka,pathao,Cash on Delivery,5.0,3,0,On-Time
101796,2024-10-11,electronics,2829.64,5.4,Dhaka,sa paribahan,Cash on Delivery,3.1,1,0,On-Time
107758,2023-08-09,Groceries,185.81,32.2,Rajshahi,E-Courier,Cash on Delivery,4.9,1,0,Delayed
103413,2024-10-22,beauty,216.42,16.4,Dhaka,pathao,Cash on Delivery,3.1,1,0,Delayed
106161,2023-06-12,Home & Kitchen,604.94,27.9,Rajshahi,pathao,Mobile Banking,4.8,1,1,On-Time
100454,2023-04-24,Clothing,2564.54,6.7,Dhaka,pathao,Cash on Delivery,3.7,3,0,Delayed
103084,2023-01-09,electronics,1828.53,27.6,Sylhet,S.A. Paribahan,Mobile Banking,4.2,3,0,On-Time
100632,2024-06-06,beauty,999.94,9.9,Chattogram,Red X,Cash on Delivery,4.6,1,0,On-Time
102857,2023-10-05,ELECTRONICS,759.57,14.3,Dhaka,Pathao,Mobile Banking,3.8,2,0,On-Time
107223,2024-02-13,clothing,537.56,1.0,Chattogram,redx,Cash on Delivery,2.9,3,0,On-Time
104262,2023-03-01,clothing,4932.37,1.5,Dhaka,RedX,Mobile Banking,5.0,5,1,Delayed
104688,2024-04-28,Beauty,770.05,3.8,Dhaka,redx,Mobile Banking,2.2,1,0,Delayed
106982,2023-08-20,electronics,753.88,19.6,Khulna,pathao,Cash on Delivery,5.0,4,0,On-Time
107724,2023-03-24,Clothing,3775.77,10.2,Khulna,redx,Cash on Delivery,4.5,2,0,On-Time
101560,2023-03-10,Groceries,1807.67,56.5,Dhaka,eCourier,Cash on Delivery,3.3,1,0,Delayed
108332,2023-04-08,Home and Kitchen,3422.14,30.8,Dhaka,Sundarban,Cash on Delivery,3.5,3,0,Delayed
101604,2023-08-01,Clothing,489.21,22.4,Sylhet,ecourier,Mobile Banking,4.3,3,1,On-Time
104396,2023-02-12,Grocery,1282.48,27.8,Dhaka,Sundarban,Cash on Delivery,4.1,2,0,Cancelled
108775,2024-04-17,clothing,150.0,38.3,Sylhet,pathao,Cash on Delivery,4.6,4,1,Cancelled
108439,2023-11-15,clothing,2591.08,32.4,Dhaka,Red X,Mobile Banking,4.6,6,1,On-Time
107279,2024-03-20,Clothing,259.11,15.6,Sylhet,Sundarban,Mobile Banking,4.3,1,0,On-Time
106022,2023-12-08,ELECTRONICS,1609.89,18.7,Sylhet,Pathao,Card,4.3,4,0,On-Time
105940,2023-02-20,Clothing,247.75,26.0,Dhaka,RedX,Card,4.6,2,0,Delayed
106435,2024-04-10,Grocery,3098.66,11.5,Sylhet,PATHAO,Cash on Delivery,4.1,1,0,Delayed
104228,2024-11-07,Electronics,597.21,25.3,Dhaka,pathao,Cash on Delivery,2.8,5,0,Delayed
105357,2024-11-02,Beauty,719.96,5.0,Chattogram,Pathao,Mobile Banking,4.2,1,1,On-Time
104933,2024-12-08,books,364.14,18.9,Rajshahi,Sundorbon,Cash on Delivery,4.5,1,0,On-Time
102375,2023-09-06,beauty,374.35,5.1,Dhaka,Red X,Card,3.4,2,1,On-Time
101839,2023-12-16,electronics,4472.25,19.1,Sylhet,sa paribahan,Cash on Delivery,4.3,1,0,On-Time
102466,2024-02-08,Clothing,2800.73,23.0,Khulna,sundarban,Mobile Banking,4.2,4,1,Cancelled
104477,2023-07-15,Beauty,1308.73,23.7,Sylhet,PATHAO,Card,3.9,5,0,On-Time
107799,2024-07-01,electronics,2075.87,32.9,Dhaka,Sundarban,Cash on Delivery,4.3,3,0,On-Time
104669,2023-08-22,groceries,2446.79,12.1,Dhaka,PATHAO,Cash on Delivery,4.4,5,1,Delayed
100400,2023-08-17,clothing,592.42,33.8,Dhaka,pathao,Cash on Delivery,4.3,1,0,On-Time
101463,2024-01-30,Electronics,5316.69,1.0,Khulna,pathao,Cash on Delivery,3.3,2,1,On-Time
106512,2023-11-03,Home and Kitchen,2464.64,32.1,Dhaka,Sundarban,Card,5.0,1,0,Delayed
101557,2023-03-17,home & kitchen,3422.3,12.6,Dhaka,Red X,Cash on Delivery,4.4,5,1,On-Time
106630,2024-10-26,clothing,1502.94,2.1,Rajshahi,Pathao,Cash on Delivery,3.9,2,0,On-Time
107213,2024-10-24,electronics,446.78,36.5,Rajshahi,PATHAO,Mobile Banking,4.2,1,0,Delayed
103016,2024-07-27,ELECTRONICS,3787.06,9.2,Dhaka,PATHAO,Cash on Delivery,3.8,1,0,On-Time
102616,2023-09-29,Books,1079.3,14.1,Khulna,eCourier,Cash on Delivery,4.2,5,0,Delayed
100769,2024-10-04,Clothing,,43.0,Dhaka,pathao,Mobile Banking,3.4,4,0,Delayed
104332,2024-02-27,clothing,1002.31,3.2,Dhaka,pathao,Card,4.9,2,1,On-Time
106503,2024-10-09,Clothing,449.83,20.1,Dhaka,pathao,Cash on Delivery,3.8,5,0,On-Time
108455,2024-10-15,ELECTRONICS,741.13,3.8,Rajshahi,Sundorbon,Card,4.0,4,1,Delayed
103334,2024-05-30,electronics,1816.69,8.5,Dhaka,eCourier,Cash on Delivery,3.7,1,0,On-Time
107984,2023-07-01,home & kitchen,1362.9,6.6,Chattogram,SA Paribahan,Cash on Delivery,3.8,1,1,On-Time
103563,2024-08-14,Groceries,5408.53,3.2,Rajshahi,redx,Cash on Delivery,4.9,3,0,Delayed
101299,2023-07-22,Books,892.38,1.0,Dhaka,Sundarban,Mobile Banking,4.2,3,0,On-Time
106549,2024-11-06,Clothing,713.55,26.7,Chattogram,S.A. Paribahan,Cash on Delivery,4.7,2,0,On-Time
106140,2024-05-12,Beauty,150.0,9.7,Chattogram,Red X,Cash on Delivery,3.7,2,1,On-Time
103107,2023-04-14,Books,4969.69,23.2,Dhaka,pathao,Cash on Delivery,2.6,5,0,Delayed
106344,2023-05-26,home & kitchen,527.58,1.0,Khulna,S.A. Paribahan,Cash on Delivery,3.8,3,0,Delayed
108521,2023-10-01,Books,150.0,16.9,Dhaka,Red X,Cash on Delivery,3.0,3,0,Delayed
101978,2024-12-03,beauty,816.63,2.1,Chattogram,Pathao,Cash on Delivery,5.0,3,1,On-Time
108492,2023-02-21,clothing,179.18,21.7,Sylhet,sundarban,Mobile Banking,3.7,4,0,On-Time
101275,2023-12-06,Clothing,1784.61,31.0,Khulna,redx,Cash on Delivery,4.6,2,1,On-Time
101700,2024-11-28,Beauty,150.0,1.2,Chattogram,ecourier,Cash on Delivery,4.5,1,0,On-Time
101821,2024-12-19,Home and Kitchen,4573.23,24.9,Sylhet,SA Paribahan,Cash on Delivery,3.1,3,0,On-Time
104378,2024-03-18,books,4101.16,1.8,Sylhet,ecourier,Cash on Delivery,4.7,2,0,On-Time
100810,2024-10-11,ELECTRONICS,813.34,2.1,Dhaka,SA Paribahan,Cash on Delivery,,3,0,On-Time
102697,2023-07-05,Grocery,2363.53,8.9,Chattogram,pathao,Mobile Banking,4.4,1,0,On-Time
101489,2023-04-06,clothing,7543.57,20.3,Dhaka,Sundarban,Card,5.0,2,0,On-Time
101425,2024-01-14,Clothing,3257.31,4.4,Rajshahi,Pathao,Cash on Delivery,5.0,1,0,On-Time
102059,2024-03-04,books,,1.0,Dhaka,eCourier,Cash on Delivery,4.7,5,1,On-Time
105763,2023-06-06,Clothing,1057.56,1.0,Sylhet,PATHAO,Card,4.3,3,0,On-Time
104040,2023-01-23,home & kitchen,150.0,33.8,Dhaka,PATHAO,Cash on Delivery,4.1,3,1,On-Time
108116,2024-07-22,beauty,3858.12,5.1,Chattogram,sa paribahan,Card,3.3,1,0,Delayed
106624,2024-03-05,clothing,1071.65,1.8,Chattogram,RedX,Cash on Delivery,4.1,1,0,On-Time
108420,2023-07-14,ELECTRONICS,3620.85,4.2,Khulna,Sundarban,Mobile Banking,4.0,4,1,Delayed
102796,2023-07-31,clothing,408.89,8.4,Dhaka,E-Courier,Cash on Delivery,4.2,4,0,Delayed
107852,2024-04-08,Electronics,271.51,49.7,Dhaka,eCourier,Mobile Banking,4.6,2,0,Delayed
102802,2023-02-04,Clothing,714.84,29.3,Rajshahi,PATHAO,Cash on Delivery,3.7,3,1,Delayed
107061,2023-10-21,Beauty,373.3,3.0,Dhaka,sundarban,Cash on Delivery,4.2,3,0,On-Time
106734,2023-01-17,beauty,757.95,15.2,Chattogram,Sundarban,Cash on Delivery,3.6,4,0,On-Time
105954,2023-11-25,Clothing,2969.23,34.1,Chattogram,redx,Cash on Delivery,4.0,3,1,On-Time
106245,2024-12-13,books,150.0,24.3,Rajshahi,Pathao,Mobile Banking,3.3,3,1,On-Time
105643,2024-04-07,beauty,4299.14,2.4,Sylhet,redx,Card,4.7,5,0,On-Time
102519,2023-10-28,ELECTRONICS,3281.1,1.0,Dhaka,eCourier,Card,4.4,6,1,Delayed
103431,2023-07-08,Clothing,319.61,5.2,Rajshahi,sa paribahan,Mobile Banking,3.9,4,0,Delayed
100511,2024-01-28,Electronics,,1.0,Khulna,Pathao,Cash on Delivery,3.2,1,0,On-Time
107079,2023-01-21,clothing,305.28,17.7,Rajshahi,Sundorbon,Cash on Delivery,4.9,2,0,On-Time
101608,2024-07-01,Electronics,1689.37,1.0,Chattogram,RedX,Cash on Delivery,4.4,3,1,On-Time
106447,2024-09-19,Electronics,1352.39,8.5,Chattogram,E-Courier,Mobile Banking,4.2,4,0,On-Time
100724,2023-01-08,electronics,670.75,13.6,Dhaka,sundarban,Mobile Banking,5.0,1,1,On-Time
106326,2024-11-11,clothing,1627.34,6.4,Dhaka,PATHAO,Cash on Delivery,4.4,2,0,On-Time
101339,2023-10-10,Electronics,218.95,1.0,Sylhet,Sundarban,Card,4.0,1,0,Delayed
104606,2023-11-21,Groceries,3269.73,3.3,Dhaka,PATHAO,Mobile Banking,4.5,1,1,On-Time
102412,2023-03-14,clothing,1513.78,44.9,Dhaka,Pathao,Card,4.3,5,1,On-Time
106299,2024-12-17,groceries,1221.54,6.8,Sylhet,Sundorbon,Card,4.9,1,0,Delayed
108747,2024-08-14,Clothing,2927.98,18.8,Dhaka,E-Courier,Mobile Banking,3.5,1,0,On-Time
103689,2024-08-14,home & kitchen,3332.66,40.5,Rajshahi,ecourier,Cash on Delivery,5.0,1,1,Delayed
103777,2023-12-25,Groceries,289.02,21.1,Rajshahi,Pathao,Cash on Delivery,3.8,2,0,Delayed
107954,2024-03-18,electronics,1068.89,21.9,Sylhet,sa paribahan,Cash on Delivery,4.3,1,0,Cancelled
101295,2023-07-12,beauty,756.09,4.3,Sylhet,S.A. Paribahan,Mobile Banking,4.3,1,0,On-Time
102941,2023-08-19,Grocery,3830.36,44.3,Chattogram,ecourier,Cash on Delivery,3.1,2,0,On-Time
104380,2024-10-28,beauty,666.97,10.7,Dhaka,SA Paribahan,Cash on Delivery,4.0,2,0,On-Time
104635,2023-03-28,Grocery,1415.32,9.2,Dhaka,Pathao,Mobile Banking,2.9,4,0,On-Time
104298,2024-09-21,electronics,2486.88,1.0,Rajshahi,E-Courier,Mobile Banking,5.0,2,1,On-Time
107266,2023-08-30,Electronics,150.0,7.2,Khulna,Sundarban,Cash on Delivery,3.9,1,0,Delayed
104997,2023-04-17,groceries,1180.36,14.0,Chattogram,S.A. Paribahan,Cash on Delivery,3.7,3,0,Delayed
108125,2024-03-05,beauty,862.74,11.5,Dhaka,pathao,Cash on Delivery,4.0,3,0,On-Time
102455,2024-10-25,clothing,908.21,,Khulna,Sundorbon,Card,3.3,1,0,Delayed
102282,2024-01-07,Clothing,755.54,16.6,Dhaka,Red X,Mobile Banking,4.5,4,0,On-Time
103835,2023-03-29,electronics,2088.78,1.8,Sylhet,Pathao,Cash on Delivery,,6,0,On-Time
100657,2023-12-05,clothing,150.0,2.2,Khulna,SA Paribahan,Cash on Delivery,2.9,1,0,Delayed
105869,2024-12-02,Groceries,686.19,9.7,Chattogram,E-Courier,Card,3.8,1,1,On-Time
104554,2023-09-15,ELECTRONICS,6021.79,11.4,Sylhet,ecourier,Cash on Delivery,3.1,3,0,Delayed
104892,2024-11-17,ELECTRONICS,1339.5,7.3,Dhaka,Pathao,Mobile Banking,3.3,1,1,On-Time
103898,2024-08-16,clothing,150.0,4.4,Chattogram,Red X,Card,4.4,1,0,On-Time
100753,2023-02-15,Home & Kitchen,684.95,2.9,Khulna,RedX,Cash on Delivery,4.1,1,0,On-Time
104422,2023-10-12,home & kitchen,3813.43,1.0,Dhaka,eCourier,Cash on Delivery,3.2,6,1,Delayed
102515,2024-03-01,Grocery,309.55,13.8,Dhaka,PATHAO,Mobile Banking,,1,1,On-Time
102018,2023-12-19,home & kitchen,1631.7,13.3,Dhaka,sundarban,Mobile Banking,4.6,2,0,Delayed
102715,2023-08-22,Home and Kitchen,840.26,1.7,Chattogram,PATHAO,Cash on Delivery,3.4,2,0,On-Time
104241,2024-07-08,Grocery,291.57,5.0,Dhaka,S.A. Paribahan,Cash on Delivery,3.0,4,0,On-Time
104114,2023-07-18,ELECTRONICS,150.0,13.2,Rajshahi,Red X,Cash on Delivery,4.5,1,1,On-Time
105372,2024-06-05,clothing,1332.9,11.3,Dhaka,Sundarban,Cash on Delivery,4.1,3,1,On-Time
105912,2023-05-21,Beauty,1294.46,7.2,Dhaka,ecourier,Mobile Banking,4.2,4,0,On-Time
105838,2024-10-01,Grocery,1689.14,3.4,Dhaka,RedX,Cash on Delivery,4.1,5,1,On-Time
104579,2023-11-24,Clothing,3415.69,26.6,Dhaka,pathao,Cash on Delivery,5.0,3,1,On-Time
107053,2024-09-26,books,897.41,31.6,Dhaka,Sundorbon,Cash on Delivery,4.8,1,0,Delayed
100849,2024-02-15,Home & Kitchen,5092.74,5.1,Chattogram,sa paribahan,Cash on Delivery,4.4,2,0,Delayed
106327,2023-04-15,Grocery,256.51,23.3,Rajshahi,RedX,Cash on Delivery,4.1,3,0,Delayed
100392,2023-11-16,groceries,252.02,5.8,Chattogram,Sundorbon,Cash on Delivery,3.5,1,0,On-Time
106144,2024-01-18,clothing,838.54,1.0,Dhaka,sundarban,Mobile Banking,4.1,1,0,On-Time
101824,2024-08-18,Grocery,606.81,22.1,Rajshahi,Pathao,Mobile Banking,5.0,1,0,On-Time
100858,2023-06-17,Clothing,2320.97,23.3,Chattogram,sundarban,Cash on Delivery,2.7,1,0,Delayed
105959,2024-01-24,Groceries,742.22,43.7,Chattogram,sa paribahan,Cash on Delivery,3.2,2,1,Delayed
100761,2024-04-13,clothing,3054.92,4.5,Rajshahi,E-Courier,Cash on Delivery,4.2,4,0,Delayed
103893,2024-06-12,clothing,2793.05,10.8,Khulna,RedX,Mobile Banking,4.8,2,1,On-Time
102377,2024-09-07,beauty,378.31,4.3,Rajshahi,SA Paribahan,Cash on Delivery,4.9,3,0,On-Time
101467,2024-04-10,groceries,150.0,7.2,Chattogram,ecourier,Cash on Delivery,3.7,3,0,On-Time
101182,2024-06-12,Grocery,4019.19,2.9,Khulna,Pathao,Card,3.8,3,1,Delayed
102657,2023-04-29,Clothing,5858.88,4.6,Dhaka,redx,Card,4.2,2,1,On-Time
102652,2024-08-11,Grocery,2380.54,34.1,Dhaka,PATHAO,Card,4.5,4,0,On-Time
101508,2023-03-03,Electronics,2411.68,1.0,Sylhet,RedX,Mobile Banking,3.8,2,0,On-Time
108498,2023-05-13,Grocery,3328.78,4.1,Chattogram,PATHAO,Cash on Delivery,4.2,1,1,On-Time
108683,2023-10-31,Groceries,1248.86,27.1,Khulna,sundarban,Mobile Banking,3.7,2,1,On-Time
108964,2024-03-24,Clothing,1808.06,8.6,Dhaka,PATHAO,Cash on Delivery,3.2,1,0,On-Time
104478,2023-03-30,Groceries,1749.96,6.2,Dhaka,RedX,Cash on Delivery,3.9,2,0,On-Time
103694,2023-05-11,electronics,2912.4,18.6,Khulna,E-Courier,Mobile Banking,4.3,3,0,On-Time
105259,2024-10-01,ELECTRONICS,1725.4,8.3,Dhaka,S.A. Paribahan,Cash on Delivery,4.3,5,0,Delayed
108511,2023-08-29,beauty,1327.36,15.3,Dhaka,RedX,Cash on Delivery,4.7,3,0,On-Time
108045,2024-07-07,clothing,1427.48,19.5,Dhaka,S.A. Paribahan,Mobile Banking,3.4,2,1,On-Time
107479,2024-06-23,electronics,2716.65,4.7,Dhaka,Red X,Mobile Banking,4.0,1,0,On-Time
100856,2024-02-19,Home and Kitchen,226.36,3.5,Khulna,sundarban,Cash on Delivery,4.7,4,1,Delayed
106525,2024-11-22,books,3213.82,2.5,Dhaka,PATHAO,Cash on Delivery,3.8,2,1,On-Time
102937,2023-02-08,ELECTRONICS,1268.2,7.7,Chattogram,E-Courier,Cash on Delivery,4.3,4,0,On-Time
107132,2023-06-19,clothing,661.2,7.0,Dhaka,redx,Card,4.5,2,0,On-Time
100219,2023-02-15,Grocery,3138.16,,Dhaka,E-Courier,Cash on Delivery,4.3,5,1,On-Time
100578,2023-05-20,Grocery,2707.86,1.9,Dhaka,RedX,Cash on Delivery,4.3,1,0,On-Time
103555,2024-05-15,Electronics,2028.44,5.1,Dhaka,Red X,Cash on Delivery,4.3,1,1,On-Time
108636,2023-07-03,Books,1403.37,10.1,Dhaka,S.A. Paribahan,Cash on Delivery,4.9,1,0,On-Time
106644,2023-07-21,ELECTRONICS,7404.14,8.5,Khulna,pathao,Cash on Delivery,3.3,1,1,On-Time
103916,2023-12-25,beauty,391.7,3.2,Dhaka,Red X,Mobile Banking,4.3,2,0,On-Time
108059,2024-12-08,Clothing,696.64,6.9,Khulna,ecourier,Card,4.5,1,0,On-Time
105652,2024-08-12,Books,387.39,5.2,Dhaka,Red X,Cash on Delivery,3.8,2,1,On-Time
101499,2024-01-27,clothing,409.54,29.9,Rajshahi,PATHAO,Card,5.0,2,0,On-Time
108789,2023-06-16,Home and Kitchen,1081.05,7.9,Dhaka,pathao,Cash on Delivery,3.8,1,1,On-Time
102023,2024-05-31,clothing,4236.47,5.7,Khulna,pathao,Mobile Banking,5.0,1,1,On-Time
100927,2024-06-09,Groceries,893.48,18.4,Dhaka,pathao,Cash on Delivery,3.6,1,0,On-Time
102672,2024-03-26,clothing,3625.49,15.0,Dhaka,E-Courier,Mobile Banking,3.2,1,0,On-Time
101618,2023-06-11,Electronics,333.75,46.7,Khulna,pathao,Mobile Banking,3.4,1,0,Cancelled
107664,2024-02-20,electronics,1131.95,36.4,Rajshahi,RedX,Cash on Delivery,4.8,1,1,Delayed
106991,2023-03-12,Clothing,1666.59,53.4,Dhaka,E-Courier,Cash on Delivery,4.7,2,0,Delayed
103186,2023-08-10,Groceries,3097.13,11.9,Dhaka,Pathao,Cash on Delivery,4.1,2,1,On-Time
108812,2024-12-03,ELECTRONICS,2371.22,28.7,Dhaka,Sundarban,Cash on Delivery,4.5,3,0,Delayed
107803,2024-07-07,Electronics,789.11,3.5,Khulna,Pathao,Mobile Banking,4.4,1,0,On-Time
104416,2024-07-27,beauty,3732.12,1.4,Dhaka,Red X,Cash on Delivery,4.5,2,1,On-Time
102758,2024-06-12,clothing,452.64,9.6,Chattogram,sa paribahan,Cash on Delivery,2.7,3,1,On-Time
107829,2024-10-19,groceries,4326.27,10.5,Chattogram,pathao,Cash on Delivery,4.2,4,0,Delayed
104154,2023-05-07,clothing,2695.56,38.2,Khulna,eCourier,Card,4.4,1,0,On-Time
103385,2024-06-07,ELECTRONICS,2795.16,35.8,Sylhet,PATHAO,Cash on Delivery,4.4,3,1,On-Time
106741,2024-08-01,home & kitchen,6245.41,8.3,Dhaka,RedX,Cash on Delivery,4.9,3,0,Delayed
103342,2023-04-19,beauty,3759.97,4.4,Chattogram,pathao,Mobile Banking,4.2,2,0,Delayed
106917,2024-05-16,Groceries,773.73,2.3,Chattogram,sa paribahan,Cash on Delivery,3.2,1,0,On-Time
103926,2023-04-01,home & kitchen,1754.33,1.1,Dhaka,redx,Card,3.7,1,0,On-Time
108012,2023-03-18,ELECTRONICS,811.93,26.0,Sylhet,sundarban,Cash on Delivery,4.6,1,0,On-Time
101651,2024-08-19,clothing,1832.63,18.1,Dhaka,eCourier,Cash on Delivery,4.0,1,1,On-Time
101158,2023-08-20,books,,13.4,Sylhet,ecourier,Mobile Banking,3.8,1,1,On-Time
107945,2023-08-18,electronics,589.1,5.5,Khulna,redx,Card,4.0,2,0,Delayed
102532,2023-11-30,Clothing,195.01,5.0,Khulna,redx,Cash on Delivery,3.6,3,1,On-Time
102317,2024-08-30,groceries,1694.06,20.8,Chattogram,sa paribahan,Mobile Banking,3.5,1,1,On-Time
108699,2023-05-24,electronics,1427.72,1.6,Sylhet,Sundarban,Mobile Banking,3.8,1,1,On-Time
100514,2023-09-12,beauty,1121.28,1.0,Dhaka,pathao,Cash on Delivery,3.8,1,1,Delayed
106777,2024-06-06,Electronics,1367.39,21.4,Khulna,pathao,Cash on Delivery,3.7,1,0,Delayed
103869,2024-07-25,beauty,494.25,4.4,Chattogram,RedX,Mobile Banking,4.0,1,0,On-Time
100766,2023-01-12,Grocery,293.35,2.3,Chattogram,pathao,Cash on Delivery,4.1,1,0,Delayed
108702,2023-07-04,beauty,984.86,1.0,Rajshahi,eCourier,Mobile Banking,4.7,3,0,On-Time
108232,2023-01-09,groceries,278.28,19.0,Dhaka,SA Paribahan,Cash on Delivery,3.3,3,0,On-Time
106416,2024-04-26,Clothing,977.65,7.2,Chattogram,Sundarban,Mobile Banking,3.5,5,0,On-Time
102493,2023-07-28,Home and Kitchen,2827.09,22.4,Dhaka,RedX,Mobile Banking,3.6,1,1,On-Time
101648,2024-01-04,clothing,5111.95,24.9,Dhaka,eCourier,Mobile Banking,3.8,2,0,On-Time
102254,2023-04-19,clothing,1243.68,1.0,Dhaka,PATHAO,Cash on Delivery,4.5,2,1,On-Time
107526,2023-04-06,Clothing,3682.81,5.6,Khulna,sundarban,Cash on Delivery,4.5,2,1,On-Time
102708,2024-02-01,beauty,150.0,7.9,Dhaka,Red X,Cash on Delivery,4.6,2,1,On-Time
104833,2023-10-18,Electronics,1588.24,12.1,Dhaka,SA Paribahan,Cash on Delivery,5.0,5,0,Delayed
103041,2023-03-15,Home & Kitchen,2540.79,23.0,Dhaka,S.A. Paribahan,Mobile Banking,4.2,1,0,On-Time
100113,2023-04-11,Clothing,522.63,24.7,Dhaka,ecourier,Cash on Delivery,4.1,8,1,On-Time
108764,2024-06-16,beauty,311.42,2.9,Dhaka,Red X,Cash on Delivery,3.2,1,0,On-Time
100916,2023-06-12,electronics,155.01,29.7,Khulna,Sundarban,Cash on Delivery,4.9,1,1,Delayed
104998,2023-03-14,groceries,1977.05,19.6,Khulna,pathao,Mobile Banking,3.3,1,0,On-Time
102205,2024-08-10,clothing,942.31,30.2,Dhaka,eCourier,Cash on Delivery,4.5,1,1,On-Time
107299,2023-11-15,Grocery,1006.47,14.9,Sylhet,Pathao,Cash on Delivery,4.4,2,0,On-Time
101863,2023-04-27,Clothing,2874.14,6.3,Sylhet,PATHAO,Cash on Delivery,5.0,3,1,On-Time
102898,2023-03-27,Electronics,200.01,7.3,Dhaka,PATHAO,Cash on Delivery,3.7,2,0,On-Time
105707,2023-09-18,clothing,1616.52,83.5,Dhaka,Sundorbon,Cash on Delivery,4.0,1,1,Delayed
103604,2024-07-27,Beauty,,22.7,Chattogram,Red X,Mobile Banking,4.6,3,0,On-Time
104462,2023-12-26,electronics,1300.93,39.6,Dhaka,E-Courier,Cash on Delivery,4.3,2,0,On-Time
104007,2023-05-09,Home & Kitchen,443.04,7.3,Sylhet,redx,Cash on Delivery,4.6,5,0,Delayed
104537,2024-08-07,Grocery,1481.57,6.6,Dhaka,Red X,Cash on Delivery,4.5,7,1,On-Time
103512,2023-04-22,electronics,208.77,20.3,Dhaka,Red X,Cash on Delivery,4.4,4,0,On-Time
106172,2024-06-24,Groceries,2911.9,5.0,Rajshahi,,Cash on Delivery,3.6,1,1,Cancelled
108532,2024-11-03,groceries,2395.61,39.8,Khulna,E-Courier,Cash on Delivery,3.5,1,1,Delayed
103067,2024-03-18,Beauty,1115.61,6.9,Khulna,E-Courier,Cash on Delivery,4.5,6,1,On-Time
107198,2024-12-13,Grocery,523.99,6.8,Dhaka,pathao,Mobile Banking,4.3,2,1,On-Time
100130,2023-05-13,Electronics,3564.2,5.4,Dhaka,redx,Card,3.7,1,0,On-Time
101958,2023-02-17,clothing,1012.26,1.0,Dhaka,sa paribahan,Cash on Delivery,3.8,2,1,On-Time
101601,2024-10-12,books,841.0,10.9,Dhaka,Red X,Cash on Delivery,4.9,1,1,On-Time
106173,2024-05-30,Clothing,476.67,15.5,Chattogram,ecourier,Mobile Banking,4.4,2,0,On-Time
107580,2024-03-18,ELECTRONICS,271.98,8.3,Dhaka,E-Courier,Card,3.4,3,0,On-Time
107768,2024-04-05,electronics,4927.3,41.5,Dhaka,RedX,Cash on Delivery,4.6,2,0,On-Time
108665,2023-11-11,electronics,377.85,28.0,Rajshahi,PATHAO,Cash on Delivery,3.7,3,0,On-Time
107108,2024-01-31,Home & Kitchen,3107.09,60.7,Sylhet,sundarban,Cash on Delivery,3.1,4,1,Cancelled
105483,2023-05-28,Grocery,4021.01,23.1,Sylhet,pathao,Cash on Delivery,4.3,3,0,Delayed
107436,2024-09-19,groceries,1249.83,12.1,Khulna,Red X,Card,3.9,5,0,Delayed
103018,2023-04-21,Beauty,1759.96,32.0,Dhaka,pathao,Mobile Banking,3.8,1,0,On-Time
100015,2024-06-30,beauty,4269.82,13.8,Dhaka,Pathao,Cash on Delivery,3.2,3,1,On-Time
107548,2023-03-06,electronics,197.85,3.5,Chattogram,Pathao,Cash on Delivery,4.6,3,1,On-Time
102117,2023-02-24,Beauty,5281.24,4.1,Dhaka,S.A. Paribahan,Mobile Banking,4.4,1,1,On-Time
102096,2023-09-30,Books,2122.94,13.9,Sylhet,Sundarban,Cash on Delivery,3.3,2,0,On-Time
101521,2024-08-07,Electronics,301.38,33.0,Chattogram,PATHAO,Cash on Delivery,4.3,3,0,Delayed
106738,2023-06-29,Clothing,1681.18,11.7,Chattogram,redx,Cash on Delivery,5.0,3,0,On-Time
106084,2023-06-20,Groceries,1021.98,2.3,Dhaka,redx,Card,4.5,1,0,On-Time
108774,2023-06-18,Beauty,458.8,3.2,Dhaka,eCourier,Cash on Delivery,4.3,3,0,On-Time
107112,2023-06-18,clothing,150.0,1.9,Sylhet,S.A. Paribahan,Cash on Delivery,3.1,2,0,On-Time
100117,2023-09-10,electronics,735.64,20.9,Dhaka,Pathao,Cash on Delivery,3.9,4,0,On-Time
103049,2023-05-30,clothing,1181.95,18.1,Khulna,Sundorbon,Cash on Delivery,4.0,1,0,Delayed
102354,2023-08-03,Grocery,1100.41,3.3,Chattogram,eCourier,Mobile Banking,4.0,2,0,On-Time
105221,2023-07-20,groceries,487.43,56.5,Chattogram,E-Courier,Cash on Delivery,4.1,3,0,Cancelled
107742,2023-10-20,books,822.65,13.0,Dhaka,Red X,Mobile Banking,3.4,3,1,On-Time
100076,2023-02-10,Electronics,431.11,1.8,Sylhet,PATHAO,Cash on Delivery,4.8,2,1,On-Time
105474,2023-02-08,clothing,1564.1,19.2,Dhaka,S.A. Paribahan,Cash on Delivery,4.2,1,1,Cancelled
104030,2023-06-19,Home and Kitchen,2193.44,13.5,Sylhet,Pathao,Mobile Banking,3.1,1,1,On-Time
105403,2024-06-11,clothing,150.0,41.9,Dhaka,E-Courier,Card,3.6,1,0,On-Time
108358,2024-02-01,Home and Kitchen,864.66,11.0,Dhaka,Pathao,Card,4.1,2,1,On-Time
103201,2023-04-28,ELECTRONICS,3754.07,3.7,Dhaka,ecourier,Cash on Delivery,4.2,2,0,On-Time
101588,2024-10-16,Electronics,1311.8,8.7,Dhaka,Sundorbon,Mobile Banking,4.4,1,1,On-Time
104442,2023-01-30,Grocery,764.93,9.7,Khulna,Pathao,Mobile Banking,4.2,2,0,On-Time
103586,2024-01-27,ELECTRONICS,3088.84,15.4,Dhaka,redx,Cash on Delivery,4.4,2,0,On-Time
105691,2024-07-05,clothing,394.89,1.0,Dhaka,redx,Cash on Delivery,3.9,6,1,On-Time
108272,2023-06-27,clothing,1242.08,8.8,Sylhet,sa paribahan,Card,5.0,2,1,On-Time
105123,2024-12-30,electronics,2221.89,16.2,Dhaka,sa paribahan,Cash on Delivery,3.5,3,1,Delayed
104038,2024-12-06,Books,2794.63,3.3,Khulna,RedX,Cash on Delivery,3.8,1,1,On-Time
103462,2023-09-27,Beauty,2645.68,3.5,Dhaka,Sundarban,Card,3.3,3,0,On-Time
100728,2024-08-10,ELECTRONICS,418.16,16.5,Dhaka,SA Paribahan,Mobile Banking,3.7,1,1,Delayed
104226,2023-11-06,Groceries,151.87,8.3,Dhaka,pathao,Mobile Banking,4.1,2,0,On-Time
103211,2024-10-15,ELECTRONICS,1841.25,3.2,Dhaka,S.A. Paribahan,Mobile Banking,4.0,1,0,Delayed
104911,2023-08-06,Electronics,150.0,8.6,Chattogram,PATHAO,Cash on Delivery,4.4,3,0,Delayed
105648,2023-10-23,Clothing,150.0,13.7,Chattogram,RedX,Card,4.2,5,0,Delayed
100554,2024-12-24,Groceries,3833.56,18.5,Dhaka,PATHAO,Card,4.1,2,0,On-Time
104954,2024-12-19,beauty,2673.57,69.6,Dhaka,PATHAO,Cash on Delivery,4.2,4,1,Delayed
106807,2023-12-09,Electronics,2770.6,19.2,Sylhet,Red X,Mobile Banking,5.0,1,1,On-Time
106471,2023-05-14,Clothing,290.73,1.0,Sylhet,sundarban,Cash on Delivery,4.6,3,1,Delayed
101804,2024-01-09,Home and Kitchen,1905.02,15.9,Sylhet,sa paribahan,Card,3.9,1,1,On-Time
108442,2023-04-26,Home and Kitchen,264.9,23.8,Chattogram,Red X,Cash on Delivery,5.0,2,0,Delayed
103933,2023-12-27,Grocery,1799.19,73.7,Dhaka,RedX,Mobile Banking,3.8,3,1,On-Time
103675,2023-10-11,Clothing,279.4,22.6,Rajshahi,SA Paribahan,Cash on Delivery,3.4,1,1,On-Time
103631,2023-04-03,clothing,2389.08,52.0,Dhaka,redx,Mobile Banking,4.0,4,1,Delayed
107476,2024-12-08,Groceries,150.0,54.7,Dhaka,SA Paribahan,Mobile Banking,4.5,2,1,Delayed
106376,2024-11-28,home & kitchen,1232.72,,Chattogram,RedX,Card,3.5,5,1,Delayed
105226,2024-12-06,Home and Kitchen,4248.86,4.8,Chattogram,sa paribahan,Mobile Banking,4.8,2,1,On-Time
101965,2023-06-05,books,150.0,44.1,Dhaka,redx,Cash on Delivery,3.6,1,0,Cancelled
106637,2023-12-08,electronics,1236.43,20.8,Dhaka,Red X,Cash on Delivery,3.8,2,1,Delayed
100573,2024-01-29,Groceries,968.12,1.0,Rajshahi,PATHAO,Cash on Delivery,3.8,3,0,Delayed
105830,2024-10-28,Grocery,680.78,8.6,Dhaka,RedX,Card,4.7,3,1,On-Time
100937,2023-02-18,Beauty,428.84,45.0,Chattogram,sundarban,Mobile Banking,3.5,3,0,Delayed
108815,2024-09-05,Electronics,6041.52,2.1,Khulna,Red X,Card,5.0,1,0,On-Time
107021,2024-01-31,Home & Kitchen,611.48,102.0,Dhaka,PATHAO,Cash on Delivery,2.8,5,1,Delayed
102787,2023-01-03,electronics,5241.17,10.0,Sylhet,E-Courier,Cash on Delivery,3.7,1,0,On-Time
103625,2024-11-04,groceries,3035.85,57.7,Dhaka,sa paribahan,Cash on Delivery,4.4,2,0,Cancelled
102017,2023-08-06,clothing,3631.61,3.5,Rajshahi,Pathao,Cash on Delivery,3.4,1,0,On-Time
100930,2023-03-17,home & kitchen,5992.47,18.6,Rajshahi,eCourier,Cash on Delivery,4.9,4,0,On-Time
102500,2024-04-05,Electronics,150.0,36.6,Chattogram,sundarban,Cash on Delivery,4.7,5,0,Delayed
108247,2024-07-09,home & kitchen,5191.02,16.0,Dhaka,eCourier,Mobile Banking,4.6,3,0,Delayed
101777,2024-09-03,groceries,1346.2,2.8,Khulna,pathao,Cash on Delivery,3.5,2,1,On-Time
104868,2023-10-14,Clothing,2458.56,9.7,Dhaka,SA Paribahan,Cash on Delivery,4.8,2,0,Delayed
107114,2023-03-09,Home & Kitchen,2150.58,73.7,Chattogram,eCourier,Cash on Delivery,4.4,4,0,On-Time
101091,2023-08-13,Books,1487.0,8.5,Chattogram,sundarban,Cash on Delivery,3.5,1,1,On-Time
106912,2023-11-01,clothing,2431.8,19.6,Khulna,sa paribahan,Mobile Banking,4.0,3,0,On-Time
102940,2024-12-18,groceries,4314.65,25.9,Chattogram,Red X,Cash on Delivery,3.8,3,1,On-Time
100845,2023-11-04,Home & Kitchen,908.17,16.6,Dhaka,sa paribahan,Cash on Delivery,4.4,3,1,On-Time
107811,2023-04-19,clothing,1575.73,12.4,Khulna,Sundarban,Cash on Delivery,4.1,4,0,Cancelled
100449,2024-03-22,Clothing,2244.88,2.4,Chattogram,ecourier,Cash on Delivery,4.6,1,1,On-Time
108754,2024-09-30,books,2889.82,6.8,Rajshahi,redx,Card,3.8,3,0,On-Time
107339,2024-05-19,Beauty,2621.09,18.3,Chattogram,redx,Mobile Banking,4.9,4,0,On-Time
102216,2024-04-08,ELECTRONICS,795.3,10.3,Dhaka,redx,Cash on Delivery,3.4,1,1,On-Time
106973,2023-03-01,Electronics,1579.87,32.5,Khulna,Pathao,Cash on Delivery,4.4,1,0,Delayed
104055,2023-05-16,Home & Kitchen,1331.78,1.9,Dhaka,Pathao,Cash on Delivery,3.9,3,1,Delayed
103025,2024-10-07,home & kitchen,150.0,34.5,Dhaka,PATHAO,Cash on Delivery,4.1,2,0,On-Time
105441,2024-10-14,clothing,2026.81,3.1,Dhaka,PATHAO,Card,3.8,1,1,On-Time
103136,2024-12-26,Beauty,150.0,21.2,Dhaka,sa paribahan,Card,4.4,2,1,On-Time
107651,2023-06-16,home & kitchen,2385.61,4.2,Khulna,PATHAO,Mobile Banking,4.4,1,1,On-Time
108817,2023-09-27,Beauty,486.16,7.3,Chattogram,PATHAO,Cash on Delivery,3.6,2,1,Delayed
102935,2024-09-28,Beauty,4607.74,19.2,Dhaka,Red X,Card,3.9,6,1,Delayed
108518,2023-04-06,ELECTRONICS,3150.72,2.5,Dhaka,pathao,Cash on Delivery,4.5,1,0,Delayed
101909,2024-06-14,Grocery,430.08,19.1,Chattogram,SA Paribahan,Card,3.5,1,0,Delayed
102359,2024-02-24,Groceries,150.0,3.3,Sylhet,SA Paribahan,Cash on Delivery,4.6,2,0,On-Time
107539,2023-01-22,Home & Kitchen,824.84,6.7,Chattogram,PATHAO,Mobile Banking,3.3,1,0,On-Time
108539,2023-04-10,electronics,493.2,5.5,Dhaka,SA Paribahan,Card,4.3,2,0,On-Time
100871,2023-12-04,books,184.32,3.8,Chattogram,redx,Cash on Delivery,4.4,4,0,Delayed
108565,2023-03-04,Clothing,2040.96,3.9,Dhaka,E-Courier,Card,4.1,2,1,Delayed
100718,2023-05-28,Groceries,1851.76,34.9,Dhaka,RedX,Mobile Banking,4.1,1,1,Delayed
101249,2024-01-22,Clothing,166.05,46.8,Dhaka,Red X,Cash on Delivery,3.6,1,0,Delayed
106297,2024-03-30,Electronics,2302.16,9.0,Sylhet,pathao,Cash on Delivery,3.7,4,0,On-Time
104479,2024-04-23,Home and Kitchen,702.85,12.6,Dhaka,ecourier,Cash on Delivery,5.0,1,1,On-Time
101766,2024-11-03,ELECTRONICS,1200.92,5.9,Sylhet,Sundarban,Card,2.9,2,1,Delayed
107947,2024-02-03,Grocery,,43.2,Dhaka,Sundarban,Cash on Delivery,3.6,2,0,Delayed
101142,2024-12-22,beauty,1725.33,3.8,Dhaka,Red X,Mobile Banking,3.6,1,0,Delayed
100647,2024-04-08,Electronics,705.12,5.6,Rajshahi,Red X,Card,4.4,1,0,On-Time
104925,2024-03-09,electronics,373.48,15.6,Khulna,Pathao,Mobile Banking,5.0,3,1,On-Time
106422,2023-09-22,clothing,1619.38,1.0,Dhaka,Pathao,Card,4.8,4,0,On-Time
105796,2023-03-18,books,2101.63,13.4,Dhaka,PATHAO,Cash on Delivery,3.1,1,0,On-Time
100540,2024-04-20,beauty,3142.7,5.7,Dhaka,ecourier,Mobile Banking,5.0,7,0,Delayed
100235,2023-02-06,electronics,2426.01,16.8,Dhaka,RedX,Mobile Banking,5.0,4,1,On-Time
105260,2024-02-08,home & kitchen,780.01,4.6,Sylhet,RedX,Cash on Delivery,3.8,1,1,On-Time
107823,2023-08-25,Electronics,2790.83,4.6,Khulna,E-Courier,Mobile Banking,4.1,3,1,Cancelled
103880,2024-03-11,beauty,2955.27,1.3,Khulna,RedX,Mobile Banking,4.8,2,1,On-Time
105100,2024-10-01,Books,5589.99,5.0,Dhaka,S.A. Paribahan,Cash on Delivery,4.5,1,0,On-Time
105958,2023-05-10,clothing,1436.59,1.0,Sylhet,sa paribahan,Cash on Delivery,3.2,4,1,Delayed
108462,2024-01-15,Books,1184.82,5.3,Dhaka,Red X,Mobile Banking,4.9,3,0,Delayed
103662,2023-02-13,Clothing,150.0,23.2,Dhaka,S.A. Paribahan,Cash on Delivery,4.8,3,0,On-Time
107423,2024-07-13,clothing,1686.33,17.8,Rajshahi,RedX,Cash on Delivery,3.7,3,1,Delayed
103910,2023-06-13,home & kitchen,246.6,25.1,Dhaka,pathao,Card,4.1,2,0,On-Time
103510,2023-11-09,electronics,1136.44,32.8,Chattogram,ecourier,Cash on Delivery,3.1,1,1,On-Time
104279,2024-11-30,Home & Kitchen,2565.82,13.6,Dhaka,RedX,Cash on Delivery,4.6,3,1,On-Time
108660,2023-08-26,electronics,2762.7,18.6,Khulna,SA Paribahan,Cash on Delivery,3.6,2,0,On-Time
100413,2024-09-09,electronics,1657.25,3.8,Sylhet,eCourier,Mobile Banking,5.0,3,0,On-Time
107174,2024-07-26,Electronics,851.13,10.7,Sylhet,redx,Mobile Banking,4.9,3,1,On-Time
108732,2024-05-27,Clothing,465.06,5.6,Rajshahi,PATHAO,Mobile Banking,3.6,1,1,On-Time
101332,2023-12-21,ELECTRONICS,595.63,4.7,Dhaka,sa paribahan,Cash on Delivery,4.6,3,0,Delayed
102324,2024-09-13,electronics,2508.71,16.9,Rajshahi,RedX,Cash on Delivery,3.8,1,0,Delayed
101197,2023-08-11,Beauty,2179.92,2.4,Dhaka,ecourier,Cash on Delivery,3.8,1,1,On-Time
105558,2024-09-04,electronics,931.49,38.9,Dhaka,SA Paribahan,Cash on Delivery,,1,1,On-Time
104827,2023-10-11,books,1002.81,24.7,Dhaka,eCourier,Cash on Delivery,,2,0,On-Time
107729,2024-01-08,groceries,3767.84,16.2,Sylhet,PATHAO,Cash on Delivery,5.0,5,0,On-Time
103632,2024-08-29,beauty,356.88,1.0,Dhaka,pathao,Cash on Delivery,3.5,1,1,On-Time
105795,2023-10-31,beauty,366.66,1.2,Khulna,S.A. Paribahan,Cash on Delivery,4.5,2,1,On-Time
105563,2024-09-03,beauty,418.18,30.8,Sylhet,pathao,Mobile Banking,5.0,2,0,On-Time
100544,2023-04-26,Groceries,2451.15,30.9,Chattogram,Sundarban,Mobile Banking,4.5,2,0,On-Time
104041,2024-07-27,home & kitchen,570.21,14.1,Chattogram,Red X,Cash on Delivery,4.3,1,0,On-Time
104789,2024-06-13,home & kitchen,,2.8,Khulna,pathao,Card,5.0,3,1,On-Time
101536,2023-05-04,home & kitchen,5777.74,10.2,Dhaka,,Cash on Delivery,4.5,1,0,On-Time
100333,2024-01-24,Home and Kitchen,150.0,1.3,Dhaka,RedX,Cash on Delivery,3.6,2,0,On-Time
104286,2024-12-09,Clothing,1345.73,20.0,Rajshahi,eCourier,Cash on Delivery,3.9,4,1,On-Time
102228,2024-02-03,Grocery,150.0,6.9,Rajshahi,redx,Cash on Delivery,3.7,2,1,On-Time
105686,2024-10-28,clothing,3172.18,4.4,Chattogram,sundarban,Cash on Delivery,5.0,4,0,Delayed
104080,2023-07-02,home & kitchen,182.47,6.6,Chattogram,Sundarban,Card,3.6,1,0,Cancelled
104777,2024-12-28,clothing,5400.81,4.1,Chattogram,eCourier,Mobile Banking,3.8,2,0,On-Time
104582,2023-11-05,Electronics,7770.45,1.0,Dhaka,Pathao,Cash on Delivery,3.3,1,1,Delayed
104350,2024-10-08,Clothing,926.45,2.1,Dhaka,redx,Cash on Delivery,4.2,2,0,On-Time
102710,2023-12-03,Beauty,885.7,19.5,Dhaka,redx,Cash on Delivery,4.5,1,0,Delayed
106731,2024-11-12,Clothing,2381.7,27.2,Dhaka,eCourier,Cash on Delivery,4.5,3,0,Delayed
106933,2023-07-21,Books,438.75,15.3,Dhaka,pathao,Card,5.0,7,0,On-Time
103796,2023-12-03,Books,425.57,1.1,Dhaka,pathao,Cash on Delivery,4.6,2,0,On-Time
108029,2024-10-22,Beauty,849.69,4.2,Sylhet,Sundorbon,Card,3.7,2,0,On-Time
101224,2024-08-04,electronics,1177.32,3.6,Sylhet,E-Courier,Mobile Banking,4.2,4,1,On-Time
104336,2024-07-02,beauty,2400.03,4.7,Dhaka,eCourier,Cash on Delivery,4.4,1,1,On-Time
108938,2023-09-04,Clothing,2257.96,31.1,Dhaka,Pathao,Cash on Delivery,4.1,1,0,Delayed
105633,2024-02-05,Beauty,1696.19,8.1,Khulna,pathao,Mobile Banking,3.5,3,0,Cancelled
102869,2024-02-08,Groceries,6256.1,9.9,Khulna,pathao,Cash on Delivery,4.1,2,0,Delayed
102985,2024-11-22,Home & Kitchen,4024.11,4.5,Sylhet,S.A. Paribahan,Cash on Delivery,3.8,4,1,On-Time
104406,2023-08-18,Groceries,1790.15,13.9,Rajshahi,Pathao,Cash on Delivery,3.7,2,0,On-Time
105828,2023-07-03,ELECTRONICS,824.5,14.4,Dhaka,Sundarban,Card,3.6,1,0,Delayed
108431,2024-03-08,Electronics,3035.69,26.5,Sylhet,RedX,Cash on Delivery,,1,0,Cancelled
108474,2024-06-12,Home and Kitchen,580.82,2.0,Rajshahi,Red X,Cash on Delivery,4.0,3,0,On-Time
106123,2023-05-12,Clothing,150.0,1.5,Khulna,redx,Cash on Delivery,4.9,2,0,On-Time
100557,2024-08-18,Clothing,2584.21,18.3,Sylhet,PATHAO,Mobile Banking,4.2,2,0,On-Time
108007,2023-01-14,electronics,821.0,5.4,Sylhet,SA Paribahan,Cash on Delivery,3.1,2,0,Delayed
105619,2023-11-27,groceries,150.0,12.6,Sylhet,redx,Cash on Delivery,3.6,1,0,On-Time
104977,2023-03-16,clothing,1922.67,12.0,Rajshahi,pathao,Cash on Delivery,4.3,3,0,On-Time
103980,2024-03-20,Books,2136.17,14.1,Khulna,SA Paribahan,Cash on Delivery,4.6,3,1,Delayed
102801,2024-10-29,Home and Kitchen,4757.68,28.8,Chattogram,sundarban,Cash on Delivery,3.8,3,1,Cancelled
100257,2023-05-13,ELECTRONICS,150.0,24.9,Dhaka,PATHAO,Cash on Delivery,4.3,2,0,Delayed
100070,2023-02-18,Home & Kitchen,150.0,1.4,Khulna,Red X,Cash on Delivery,4.4,1,0,Delayed
101430,2024-11-01,electronics,3708.84,1.4,Dhaka,Red X,Cash on Delivery,4.2,4,1,On-Time
100185,2024-08-19,groceries,,4.0,Dhaka,Sundorbon,Cash on Delivery,3.7,4,0,On-Time
106964,2024-06-08,clothing,538.34,52.9,Dhaka,RedX,Mobile Banking,5.0,1,0,Delayed
106657,2023-10-05,beauty,1424.87,1.6,Dhaka,E-Courier,Cash on Delivery,4.6,1,1,On-Time
108822,2024-05-08,electronics,659.5,1.0,Dhaka,SA Paribahan,Card,3.6,1,1,Delayed
104446,2023-10-03,Clothing,2584.44,14.4,Sylhet,eCourier,Cash on Delivery,4.3,2,0,Delayed
102225,2023-07-29,Beauty,2363.92,12.3,Chattogram,Pathao,Cash on Delivery,4.2,4,0,Delayed
100711,2023-08-29,ELECTRONICS,407.3,1.0,Sylhet,PATHAO,Card,4.6,3,0,On-Time
106887,2023-07-31,Books,6889.35,12.9,Rajshahi,ecourier,Cash on Delivery,2.5,6,1,On-Time
107115,2023-08-12,beauty,478.26,3.8,Dhaka,Sundorbon,Cash on Delivery,4.3,1,0,Delayed
108570,2023-02-21,Groceries,230.24,20.7,Khulna,Sundarban,Cash on Delivery,4.1,5,0,Delayed
105414,2024-07-13,Groceries,150.0,19.4,Sylhet,S.A. Paribahan,Card,2.9,3,1,Delayed
106978,2023-09-15,Clothing,1371.39,2.2,Dhaka,Pathao,Cash on Delivery,4.1,3,0,On-Time
102750,2023-09-20,Grocery,9194.18,16.1,Chattogram,Sundorbon,Mobile Banking,3.2,2,1,On-Time
106570,2023-08-02,groceries,150.0,79.4,Sylhet,PATHAO,Cash on Delivery,3.4,1,1,Delayed
105899,2024-12-03,Clothing,2712.39,30.3,Dhaka,Sundorbon,Cash on Delivery,3.9,3,0,Delayed
107499,2023-06-19,Electronics,3688.28,14.4,Dhaka,Sundorbon,Cash on Delivery,4.0,3,1,On-Time
107450,2023-05-20,clothing,5316.99,3.2,Chattogram,Pathao,Cash on Delivery,4.1,3,1,Cancelled
107267,2023-09-13,clothing,1263.12,6.2,Chattogram,Pathao,Mobile Banking,4.2,1,0,On-Time
108350,2024-08-28,Grocery,1309.44,8.2,Dhaka,pathao,Cash on Delivery,4.0,5,1,On-Time
100715,2023-10-27,clothing,3592.95,3.2,Chattogram,pathao,Cash on Delivery,,1,1,On-Time
104250,2023-03-06,Groceries,,4.0,Chattogram,Pathao,Cash on Delivery,4.8,2,0,On-Time
103723,2023-09-28,ELECTRONICS,1249.07,13.0,Dhaka,SA Paribahan,Cash on Delivery,3.6,2,1,On-Time
107978,2024-10-08,Grocery,1128.66,35.9,Khulna,Red X,Mobile Banking,4.4,5,1,Delayed
106308,2024-07-09,clothing,1741.97,5.4,Chattogram,Sundorbon,Mobile Banking,4.0,2,0,On-Time
100508,2023-08-19,clothing,770.24,6.5,Khulna,redx,Card,2.6,3,0,On-Time
102289,2023-06-08,groceries,520.16,2.5,Dhaka,E-Courier,Cash on Delivery,3.9,2,1,On-Time
107454,2023-08-19,Clothing,2981.68,4.2,Sylhet,PATHAO,Card,3.6,3,0,On-Time
108826,2023-02-07,Electronics,185.52,19.3,Dhaka,S.A. Paribahan,Card,5.0,1,1,On-Time
104538,2024-09-01,electronics,1813.19,8.9,Rajshahi,eCourier,Mobile Banking,3.9,2,0,On-Time
108814,2023-05-23,clothing,1507.76,21.2,Dhaka,Red X,Cash on Delivery,4.1,1,1,On-Time
108268,2023-10-19,Electronics,1420.48,51.4,Dhaka,Red X,Card,4.3,3,0,On-Time
101891,2024-10-12,clothing,3121.62,1.4,Dhaka,Pathao,Mobile Banking,4.2,3,1,On-Time
100092,2023-04-30,Electronics,946.13,7.6,Chattogram,Sundorbon,Cash on Delivery,4.2,1,0,Delayed
107412,2023-11-01,Home & Kitchen,2005.22,2.4,Chattogram,Red X,Mobile Banking,3.9,3,0,On-Time
101776,2023-03-01,beauty,4039.08,5.4,Sylhet,pathao,Cash on Delivery,3.4,2,0,On-Time
105012,2023-06-30,clothing,818.75,9.3,Rajshahi,PATHAO,Card,2.6,1,0,On-Time
106763,2023-02-18,home & kitchen,2911.58,2.0,Chattogram,RedX,Mobile Banking,3.8,3,1,On-Time
101857,2023-11-18,Clothing,150.0,27.5,Sylhet,Sundarban,Card,3.3,2,1,Delayed
100759,2023-01-25,books,1877.71,7.4,Dhaka,Sundarban,Card,4.8,2,0,On-Time
105478,2023-02-15,Grocery,3136.82,3.3,Chattogram,Pathao,Cash on Delivery,3.4,1,0,Delayed
101251,2023-09-24,electronics,2006.27,14.1,Sylhet,Sundarban,Cash on Delivery,3.4,1,0,On-Time
103527,2024-07-27,clothing,516.13,14.2,Dhaka,pathao,Card,2.9,3,0,On-Time
104303,2024-02-25,Clothing,1242.77,9.9,Khulna,sundarban,Cash on Delivery,4.0,2,1,On-Time
106947,2023-08-15,Electronics,666.17,9.4,Dhaka,RedX,Mobile Banking,4.1,2,1,On-Time
104290,2024-01-14,Home and Kitchen,3290.89,21.5,Dhaka,SA Paribahan,Card,4.3,3,0,Delayed
101818,2024-02-01,ELECTRONICS,384.78,7.8,Dhaka,Pathao,Cash on Delivery,3.7,4,1,On-Time
100943,2024-06-30,clothing,2343.53,19.4,Sylhet,RedX,Cash on Delivery,4.2,2,0,On-Time
101023,2024-03-27,Grocery,3268.34,1.5,Dhaka,Sundarban,Mobile Banking,4.7,4,1,Delayed
101052,2024-09-29,beauty,601.91,6.2,Sylhet,E-Courier,Card,2.9,2,0,On-Time
103023,2023-08-31,books,1839.66,56.5,Dhaka,Sundarban,Mobile Banking,2.9,2,0,Delayed
103228,2024-12-13,clothing,3435.64,29.9,Dhaka,RedX,Cash on Delivery,3.9,1,0,Delayed
101756,2023-12-24,Home and Kitchen,1126.18,5.9,Rajshahi,Sundorbon,Cash on Delivery,3.8,2,0,Delayed
104272,2023-10-17,Clothing,150.0,4.6,Dhaka,ecourier,Cash on Delivery,,3,0,On-Time
104157,2023-07-24,Home & Kitchen,6484.9,1.0,Sylhet,SA Paribahan,Mobile Banking,3.6,4,1,On-Time
102911,2023-01-30,Home and Kitchen,1723.37,5.3,Dhaka,pathao,Card,4.0,4,0,On-Time
108421,2023-12-11,Clothing,3381.05,1.0,Dhaka,sundarban,Card,4.1,1,0,On-Time
108317,2023-09-12,home & kitchen,924.31,13.8,Chattogram,sa paribahan,Cash on Delivery,4.5,2,0,On-Time
104993,2024-02-21,Beauty,2052.54,8.8,Chattogram,E-Courier,Cash on Delivery,4.3,4,1,On-Time
103888,2024-03-18,Clothing,1052.13,4.5,Chattogram,PATHAO,Cash on Delivery,3.9,4,0,On-Time
100373,2024-01-25,Clothing,2404.47,2.5,Dhaka,sa paribahan,Cash on Delivery,3.7,4,0,Delayed
102046,2023-09-30,clothing,2179.08,24.1,Sylhet,ecourier,Mobile Banking,4.6,2,0,On-Time
104507,2023-05-21,Groceries,633.34,1.7,Chattogram,PATHAO,Cash on Delivery,2.6,3,1,On-Time
106008,2024-10-23,books,5591.33,16.2,Dhaka,redx,Card,2.8,3,0,Delayed
101301,2024-04-06,Groceries,617.18,19.9,Chattogram,Sundarban,Mobile Banking,4.5,4,0,Delayed
100276,2023-02-20,clothing,198.48,8.4,Chattogram,redx,Mobile Banking,4.8,1,0,On-Time
103479,2024-09-12,Beauty,2925.69,23.3,Dhaka,PATHAO,Mobile Banking,3.8,1,0,On-Time
101989,2023-10-30,groceries,150.0,4.1,Dhaka,RedX,Cash on Delivery,4.5,2,0,On-Time
105893,2024-03-23,clothing,394.65,11.2,Chattogram,,Card,4.8,2,0,Delayed
100103,2024-01-03,ELECTRONICS,1269.4,18.5,Chattogram,Red X,Mobile Banking,4.5,1,0,On-Time
101380,2024-09-03,Grocery,485.23,3.1,Rajshahi,SA Paribahan,Cash on Delivery,4.2,4,0,On-Time
108701,2024-04-30,clothing,3280.93,20.6,Dhaka,eCourier,Cash on Delivery,5.0,3,0,On-Time
101586,2023-04-17,Beauty,530.39,1.0,Dhaka,Pathao,Cash on Delivery,4.4,3,1,On-Time
102789,2024-11-04,Books,531.38,31.6,Dhaka,redx,Card,5.0,3,1,On-Time
100693,2024-03-24,Home & Kitchen,514.78,35.6,Dhaka,S.A. Paribahan,Cash on Delivery,3.5,1,1,On-Time
108304,2024-10-09,Home & Kitchen,531.3,41.1,Dhaka,ecourier,Cash on Delivery,4.2,1,1,Cancelled
102761,2023-03-05,Books,2218.88,3.3,Dhaka,redx,Cash on Delivery,4.5,7,0,On-Time
107517,2024-08-02,beauty,,3.1,Dhaka,Sundarban,Cash on Delivery,4.8,3,1,Delayed
107050,2023-05-16,Groceries,5408.8,2.3,Dhaka,Red X,Cash on Delivery,4.6,3,1,On-Time
103111,2023-09-24,Clothing,472.92,1.0,Dhaka,redx,Card,4.7,3,0,On-Time
105708,2023-05-11,books,4403.32,1.1,Dhaka,Red X,Cash on Delivery,4.0,3,1,On-Time
108118,2023-06-17,Clothing,440.0,27.8,Dhaka,Red X,Mobile Banking,4.7,4,0,Delayed
107410,2024-01-10,Home & Kitchen,150.0,15.9,Dhaka,ecourier,Cash on Delivery,3.9,2,1,On-Time
106755,2023-07-27,Home & Kitchen,759.05,4.7,Rajshahi,Red X,Card,4.9,2,0,On-Time
105745,2023-05-11,clothing,735.74,4.4,Sylhet,Red X,Cash on Delivery,4.6,3,0,Cancelled
104739,2023-06-24,groceries,1238.72,35.2,Dhaka,Red X,Mobile Banking,3.8,1,0,Cancelled
105703,2023-05-31,groceries,6299.59,28.6,Dhaka,ecourier,Card,4.5,3,0,Delayed
106070,2024-07-21,books,421.15,1.9,Dhaka,E-Courier,Card,4.6,1,0,On-Time
104026,2024-03-31,groceries,880.05,8.8,Chattogram,ecourier,Cash on Delivery,,4,1,On-Time
100375,2023-09-09,Grocery,333.61,5.5,Khulna,eCourier,Mobile Banking,4.3,6,0,On-Time
107518,2024-09-11,Home and Kitchen,1790.36,28.3,Sylhet,pathao,Cash on Delivery,3.3,1,0,Delayed
102633,2024-07-13,groceries,1206.71,1.0,Khulna,S.A. Paribahan,Cash on Delivery,4.5,2,1,On-Time
100057,2024-12-28,groceries,1717.33,11.1,Dhaka,eCourier,Cash on Delivery,3.9,2,0,Delayed
102100,2023-11-10,Clothing,1008.96,2.7,Dhaka,redx,Cash on Delivery,5.0,2,1,On-Time
108147,2024-09-14,Electronics,3755.68,8.2,Dhaka,S.A. Paribahan,Mobile Banking,4.8,4,1,On-Time
101240,2024-02-24,beauty,1381.44,18.0,Dhaka,SA Paribahan,Cash on Delivery,3.9,1,1,On-Time
101923,2023-11-22,groceries,602.98,12.3,Rajshahi,eCourier,Card,3.0,2,0,On-Time
100883,2023-02-07,Beauty,1086.43,2.0,Chattogram,eCourier,Cash on Delivery,4.2,2,1,On-Time
105642,2023-09-04,Groceries,3434.54,26.3,Chattogram,pathao,Cash on Delivery,2.8,7,0,On-Time
102315,2024-05-30,Electronics,736.34,13.9,Chattogram,Pathao,Cash on Delivery,4.6,1,0,Delayed
103652,2024-10-17,clothing,969.03,1.8,Chattogram,RedX,Cash on Delivery,3.4,3,1,Delayed
101504,2023-08-16,Beauty,150.0,2.4,Dhaka,Sundarban,Card,,1,0,On-Time
101185,2024-06-16,clothing,982.17,3.6,Khulna,Sundorbon,Card,4.9,1,0,Delayed
100692,2024-05-25,Books,466.34,1.0,Chattogram,E-Courier,Mobile Banking,3.8,3,1,On-Time
107893,2024-08-22,Home & Kitchen,1365.95,21.1,Khulna,pathao,Cash on Delivery,4.0,1,0,On-Time
106987,2023-03-27,groceries,2702.9,10.0,Dhaka,redx,Cash on Delivery,3.7,3,0,On-Time
101300,2024-07-10,ELECTRONICS,2077.22,20.1,Dhaka,Red X,Card,3.9,8,0,On-Time
103673,2023-07-03,Beauty,3837.89,6.6,Rajshahi,Pathao,Card,3.0,1,0,On-Time
104858,2024-10-15,Grocery,462.62,7.5,Khulna,sa paribahan,Card,4.2,3,0,On-Time
105293,2024-02-22,Clothing,190.06,1.3,Dhaka,sa paribahan,Cash on Delivery,3.0,2,0,On-Time
101619,2023-01-06,ELECTRONICS,2328.68,11.2,Dhaka,Red X,Cash on Delivery,4.3,1,1,On-Time
105990,2023-12-30,Home & Kitchen,370.59,33.6,Khulna,pathao,Cash on Delivery,4.8,4,0,On-Time
100063,2023-10-03,home & kitchen,1617.94,10.6,Chattogram,SA Paribahan,Cash on Delivery,3.6,3,0,Delayed
101954,2024-12-07,Groceries,363.62,5.4,Sylhet,Pathao,Card,3.9,2,0,On-Time
103240,2024-10-06,Grocery,7267.5,2.0,Dhaka,eCourier,Mobile Banking,4.3,6,0,Delayed
102486,2023-03-26,ELECTRONICS,1256.54,4.8,Dhaka,Sundarban,Cash on Delivery,4.3,4,0,On-Time
102840,2023-06-28,electronics,9768.79,18.1,Chattogram,PATHAO,Cash on Delivery,4.6,6,0,On-Time
107703,2023-10-23,Electronics,650.26,1.2,Dhaka,Red X,Cash on Delivery,5.0,2,0,On-Time
104484,2024-03-03,groceries,150.0,23.2,Chattogram,redx,Card,2.6,3,0,On-Time
104557,2023-03-27,books,3879.94,5.2,Sylhet,pathao,Cash on Delivery,4.8,1,0,On-Time
108691,2023-01-04,Groceries,1574.94,6.4,Dhaka,PATHAO,Cash on Delivery,4.3,1,1,On-Time
101383,2024-11-24,home & kitchen,1682.81,7.9,Rajshahi,PATHAO,Cash on Delivery,4.3,1,0,Delayed
102639,2024-12-15,ELECTRONICS,1428.56,1.3,Chattogram,RedX,Cash on Delivery,3.4,4,0,On-Time
105341,2023-06-08,groceries,283.04,15.4,Dhaka,sundarban,Cash on Delivery,5.0,1,0,On-Time
103702,2023-12-15,beauty,548.05,6.6,Dhaka,RedX,Card,4.2,3,1,On-Time
107334,2024-10-21,Home and Kitchen,167.12,12.2,Sylhet,sa paribahan,Cash on Delivery,3.7,3,1,Cancelled
105201,2023-03-11,Clothing,1100.11,7.1,Chattogram,sundarban,Card,4.5,2,1,On-Time
101191,2024-05-10,Electronics,759.28,7.8,Dhaka,ecourier,Cash on Delivery,3.3,1,0,Delayed
102738,2023-12-23,clothing,498.3,11.1,Khulna,Sundorbon,Mobile Banking,4.4,1,0,On-Time
107511,2023-05-03,Home & Kitchen,785.59,28.3,Dhaka,Sundorbon,Cash on Delivery,4.3,1,0,Delayed
105180,2024-11-05,groceries,1167.72,18.5,Chattogram,PATHAO,Cash on Delivery,3.5,1,1,On-Time
100731,2023-01-09,Books,1496.7,12.3,Khulna,redx,Cash on Delivery,4.3,2,1,On-Time
104704,2024-02-05,Groceries,7138.58,7.4,Sylhet,E-Courier,Mobile Banking,3.8,7,0,Cancelled
101398,2023-10-08,home & kitchen,519.43,1.0,Dhaka,E-Courier,Mobile Banking,4.3,1,0,On-Time
107232,2023-12-08,Electronics,338.34,4.3,Sylhet,PATHAO,Cash on Delivery,2.4,2,1,On-Time
101506,2024-02-28,ELECTRONICS,2251.55,1.2,Dhaka,Red X,Mobile Banking,4.3,4,1,On-Time
100809,2023-01-16,electronics,150.0,7.4,Khulna,Sundarban,Mobile Banking,3.3,2,1,Delayed
105066,2023-06-13,Home & Kitchen,954.35,22.5,Dhaka,RedX,Cash on Delivery,3.8,1,0,On-Time
105105,2024-03-26,ELECTRONICS,5037.86,62.8,Chattogram,pathao,Cash on Delivery,4.5,1,0,Delayed
105700,2023-08-12,clothing,150.0,8.6,Chattogram,eCourier,Mobile Banking,4.2,1,0,Delayed
107353,2023-01-18,groceries,3252.65,5.7,Dhaka,Red X,Card,3.0,3,0,On-Time
101127,2023-10-09,books,416.45,2.3,Dhaka,redx,Mobile Banking,4.1,2,0,On-Time
105049,2023-12-02,Groceries,2158.69,32.6,Dhaka,,Mobile Banking,4.2,2,1,On-Time
108857,2023-05-10,Beauty,421.7,31.4,Dhaka,pathao,Card,4.6,2,1,Delayed
103862,2023-08-18,ELECTRONICS,299.68,17.7,Dhaka,PATHAO,Cash on Delivery,3.5,2,0,On-Time
102192,2023-04-28,Books,2697.02,18.8,Dhaka,sundarban,Mobile Banking,3.0,3,0,Delayed
104957,2024-08-18,Clothing,2994.79,20.0,Khulna,ecourier,Cash on Delivery,4.1,4,1,On-Time
108632,2023-05-29,Home and Kitchen,1021.64,24.0,Rajshahi,Sundarban,Cash on Delivery,4.6,5,1,On-Time
107563,2023-12-18,ELECTRONICS,252.44,13.4,Rajshahi,Pathao,Cash on Delivery,4.8,1,1,On-Time
103803,2024-02-23,beauty,270.9,66.8,Chattogram,Sundarban,Mobile Banking,3.3,1,0,Cancelled
100013,2023-08-25,Groceries,356.98,14.3,Dhaka,ecourier,Card,3.5,3,0,On-Time
106058,2024-08-27,Grocery,4832.27,5.8,Khulna,Pathao,Cash on Delivery,4.1,2,1,On-Time
106480,2024-03-21,clothing,4162.13,34.1,Rajshahi,pathao,Cash on Delivery,4.8,3,1,On-Time
101967,2024-07-23,home & kitchen,1497.25,20.5,Dhaka,sa paribahan,Card,3.8,1,0,On-Time
106406,2023-12-24,Groceries,2238.18,6.4,Dhaka,pathao,Cash on Delivery,5.0,3,1,Delayed
100630,2023-07-17,ELECTRONICS,3727.6,16.2,Dhaka,pathao,Mobile Banking,5.0,3,0,On-Time
106618,2023-04-16,clothing,1826.26,11.3,Chattogram,ecourier,Cash on Delivery,4.6,2,1,On-Time
105678,2024-07-06,clothing,987.21,1.7,Chattogram,sa paribahan,Mobile Banking,4.4,1,0,On-Time
104176,2024-01-28,home & kitchen,4587.17,4.2,Chattogram,Pathao,Cash on Delivery,4.1,3,0,On-Time
101283,2024-03-11,clothing,3661.61,20.1,Sylhet,Pathao,Card,3.7,4,1,On-Time
108050,2024-06-13,Home and Kitchen,1275.2,32.8,Chattogram,SA Paribahan,Mobile Banking,4.6,1,0,On-Time
103236,2024-05-22,Beauty,377.34,1.0,Khulna,pathao,Mobile Banking,4.4,4,1,On-Time
104787,2023-05-27,electronics,1404.56,13.5,Chattogram,Sundarban,Card,3.2,2,1,Delayed
100889,2023-07-18,Groceries,2522.17,16.1,Khulna,eCourier,Card,3.3,3,0,Delayed
104752,2023-08-25,home & kitchen,1193.82,21.6,Dhaka,Pathao,Card,,1,1,On-Time
106969,2023-04-24,Electronics,208.16,45.7,Khulna,RedX,Cash on Delivery,4.7,1,0,On-Time
104535,2024-01-19,electronics,1513.27,15.3,Dhaka,sundarban,Card,4.3,2,1,Delayed
106284,2023-10-19,home & kitchen,1176.23,3.4,Dhaka,RedX,Cash on Delivery,3.5,3,0,On-Time
106259,2024-12-24,Clothing,1753.4,18.5,Dhaka,Red X,Card,3.8,1,0,Delayed
108430,2024-05-16,Clothing,215.28,11.4,Dhaka,ecourier,Card,4.1,1,0,Delayed
100332,2023-12-26,clothing,2708.41,7.7,Dhaka,eCourier,Mobile Banking,3.7,1,0,On-Time
107490,2024-04-24,electronics,2071.08,22.4,Rajshahi,sa paribahan,Mobile Banking,4.2,1,1,On-Time
107315,2024-10-07,Electronics,,13.7,Dhaka,Red X,Card,,2,0,On-Time
101755,2024-07-03,Home and Kitchen,1196.4,19.9,Chattogram,pathao,Mobile Banking,5.0,2,0,On-Time
107603,2023-12-15,clothing,2281.29,24.2,Dhaka,RedX,Cash on Delivery,4.0,2,1,Cancelled
103904,2023-07-04,electronics,150.0,22.0,Dhaka,Sundorbon,Mobile Banking,4.8,3,1,Delayed
103129,2023-04-24,Clothing,1107.24,2.7,Dhaka,redx,Cash on Delivery,4.5,1,1,On-Time
106056,2024-12-01,clothing,1309.27,1.0,Sylhet,S.A. Paribahan,Mobile Banking,4.0,3,0,Delayed
108763,2023-01-24,clothing,150.0,11.9,Sylhet,RedX,Cash on Delivery,3.4,1,1,Delayed
102483,2023-08-18,Clothing,1019.87,6.0,Chattogram,Red X,Cash on Delivery,4.3,3,1,On-Time
106178,2024-07-13,Clothing,5330.59,16.6,Dhaka,redx,Cash on Delivery,3.7,4,0,Delayed
103952,2024-11-09,Home & Kitchen,2340.65,6.1,Khulna,pathao,Cash on Delivery,4.1,1,0,On-Time
104763,2024-06-18,Clothing,329.68,27.5,Rajshahi,ecourier,Cash on Delivery,4.5,2,0,On-Time
107006,2023-11-20,Grocery,2553.66,17.1,Dhaka,Red X,Card,3.3,3,0,On-Time
103121,2024-08-18,home & kitchen,2545.2,5.3,Dhaka,RedX,Mobile Banking,2.9,2,1,Delayed
102742,2024-01-20,Books,150.0,2.2,Dhaka,S.A. Paribahan,Card,4.7,3,1,Delayed
101792,2023-12-15,home & kitchen,4614.08,3.5,Chattogram,SA Paribahan,Cash on Delivery,5.0,3,0,On-Time
106044,2024-02-29,electronics,1486.69,33.8,Dhaka,redx,Cash on Delivery,4.1,3,1,On-Time
101069,2023-10-03,books,150.0,30.3,Dhaka,pathao,Card,3.4,3,0,Delayed
105241,2024-11-11,clothing,183.13,24.1,Dhaka,Red X,Cash on Delivery,4.9,1,0,On-Time
104561,2024-11-14,beauty,9517.05,1.0,Dhaka,PATHAO,Cash on Delivery,4.6,2,0,On-Time
104543,2023-08-11,ELECTRONICS,273.33,3.8,Rajshahi,Sundorbon,Cash on Delivery,4.0,4,1,On-Time
100691,2024-02-28,groceries,2939.33,6.4,Dhaka,PATHAO,Cash on Delivery,4.0,1,1,On-Time
102158,2023-06-07,Grocery,1044.95,25.2,Rajshahi,pathao,Mobile Banking,4.2,1,1,On-Time
101558,2023-07-13,Home & Kitchen,2067.82,10.1,Dhaka,PATHAO,Cash on Delivery,4.2,3,0,Delayed
108588,2023-02-04,Grocery,1137.83,1.9,Chattogram,sundarban,Mobile Banking,4.9,3,0,On-Time
104363,2024-07-18,Beauty,266.7,2.0,Dhaka,S.A. Paribahan,Cash on Delivery,4.6,2,1,On-Time
104420,2024-06-14,ELECTRONICS,598.22,2.4,Sylhet,Pathao,Cash on Delivery,5.0,4,1,On-Time
103782,2024-05-05,Grocery,1237.13,35.8,Dhaka,RedX,Cash on Delivery,4.0,2,0,Delayed
106911,2024-11-10,clothing,,12.9,Dhaka,SA Paribahan,Card,4.5,1,1,Delayed
108987,2024-01-05,home & kitchen,1428.47,8.3,Dhaka,pathao,Card,4.7,4,0,On-Time
103378,2023-08-30,beauty,5728.34,17.4,Dhaka,RedX,Cash on Delivery,4.1,1,0,On-Time
104369,2024-05-17,Home and Kitchen,2041.67,14.5,Dhaka,Pathao,Card,4.2,3,1,Delayed
101884,2023-05-20,Home & Kitchen,2249.72,102.5,Sylhet,ecourier,Cash on Delivery,4.2,2,0,On-Time
106928,2023-04-28,Clothing,1638.42,6.5,Khulna,PATHAO,Card,3.6,1,1,On-Time
102815,2023-09-02,Beauty,3128.45,21.6,Dhaka,eCourier,Card,4.2,3,0,On-Time
102713,2023-03-16,Groceries,1992.26,24.9,Chattogram,sundarban,Mobile Banking,4.3,1,0,On-Time
101838,2024-10-22,Beauty,1029.58,21.9,Dhaka,SA Paribahan,Cash on Delivery,3.8,3,1,On-Time
106414,2023-02-20,Grocery,556.5,2.0,Rajshahi,Pathao,Cash on Delivery,4.1,4,1,On-Time
105923,2023-03-11,Home and Kitchen,1307.06,6.6,Rajshahi,sa paribahan,Card,3.6,5,0,On-Time
106244,2024-10-19,books,1394.48,6.7,Sylhet,SA Paribahan,Cash on Delivery,,3,0,On-Time
105530,2024-09-30,Beauty,5870.7,7.0,Dhaka,RedX,Cash on Delivery,4.9,5,1,Delayed
106518,2023-06-08,home & kitchen,1056.17,69.7,Dhaka,pathao,Cash on Delivery,2.7,3,0,Cancelled
103561,2023-01-11,groceries,1499.57,81.8,Dhaka,PATHAO,Cash on Delivery,4.0,1,0,Cancelled
101312,2023-06-03,books,235.59,3.7,Chattogram,RedX,Cash on Delivery,3.7,5,1,On-Time
102047,2023-10-12,electronics,2585.7,1.0,Sylhet,redx,Cash on Delivery,5.0,3,1,On-Time
102395,2024-07-26,home & kitchen,206.28,11.6,Chattogram,sa paribahan,Mobile Banking,5.0,4,1,Delayed
103308,2023-12-15,ELECTRONICS,680.76,25.5,Chattogram,PATHAO,Cash on Delivery,4.4,4,0,On-Time
102917,2024-02-27,clothing,2429.03,19.3,Dhaka,Pathao,Mobile Banking,4.0,2,0,On-Time
103134,2023-11-26,Home & Kitchen,150.0,78.6,Dhaka,eCourier,Mobile Banking,3.4,1,1,Cancelled
104626,2024-11-30,ELECTRONICS,1837.83,5.8,Dhaka,PATHAO,Card,4.2,1,0,On-Time
108344,2023-10-13,Groceries,1952.99,9.0,Sylhet,Red X,Cash on Delivery,3.9,1,1,On-Time
102088,2023-11-04,Groceries,150.0,46.8,Dhaka,Red X,Cash on Delivery,3.8,3,0,Delayed
100394,2024-06-10,clothing,,12.8,Chattogram,ecourier,Card,4.5,1,0,Delayed
107717,2024-08-15,Beauty,830.25,1.0,Chattogram,redx,Cash on Delivery,3.5,2,0,Delayed
107313,2023-10-22,electronics,2325.61,5.2,Dhaka,pathao,Card,3.9,3,0,On-Time
102768,2024-02-19,Electronics,150.0,1.0,Dhaka,PATHAO,Cash on Delivery,3.7,3,0,On-Time
105949,2024-10-04,groceries,722.25,11.9,Dhaka,Sundarban,Mobile Banking,4.2,1,0,On-Time
103452,2023-07-11,Beauty,150.0,23.9,Dhaka,ecourier,Cash on Delivery,4.0,2,1,On-Time
106020,2023-01-25,Electronics,696.34,8.3,Chattogram,Sundorbon,Card,4.8,1,1,On-Time
103188,2024-06-06,clothing,1111.54,18.3,Chattogram,ecourier,Cash on Delivery,3.7,1,0,On-Time
104815,2024-10-18,Groceries,8922.73,8.0,Dhaka,RedX,Mobile Banking,3.6,1,0,On-Time
103653,2023-07-14,books,1099.86,16.7,Rajshahi,Pathao,Cash on Delivery,3.1,1,0,On-Time
102232,2023-02-02,Beauty,3051.33,7.5,Khulna,Sundarban,Cash on Delivery,3.6,2,1,On-Time
102875,2023-11-12,Electronics,218.74,1.0,Rajshahi,Sundorbon,Cash on Delivery,3.9,1,0,On-Time
108292,2024-05-17,groceries,172.39,3.5,Dhaka,redx,Mobile Banking,,2,1,On-Time
106685,2023-12-09,clothing,1979.42,10.9,Chattogram,redx,Card,3.7,1,1,On-Time
100408,2024-03-14,Electronics,1755.52,6.0,Dhaka,PATHAO,Cash on Delivery,4.3,2,0,Delayed
107842,2024-03-13,groceries,150.0,28.2,Dhaka,redx,Cash on Delivery,5.0,1,1,Delayed
103145,2024-09-11,beauty,1407.34,16.7,Rajshahi,Sundarban,Cash on Delivery,4.1,5,1,Delayed
105751,2024-02-28,Electronics,330.23,14.1,Dhaka,Red X,Cash on Delivery,4.5,1,1,Delayed
101806,2023-11-30,Home and Kitchen,4774.6,11.7,Dhaka,SA Paribahan,Cash on Delivery,4.2,1,1,On-Time
100591,2024-07-28,clothing,225.57,10.2,Dhaka,Pathao,Cash on Delivery,4.7,4,0,Delayed
104281,2024-06-08,clothing,366.17,4.8,Dhaka,Sundorbon,Cash on Delivery,,1,1,On-Time
104061,2023-09-04,ELECTRONICS,1210.66,36.4,Sylhet,RedX,Cash on Delivery,4.0,4,0,On-Time
103468,2024-02-09,Clothing,1634.71,4.3,Dhaka,Pathao,Card,4.0,1,0,On-Time
106839,2023-12-30,groceries,2895.06,1.6,Sylhet,Pathao,Cash on Delivery,4.2,5,0,On-Time
107529,2023-03-03,beauty,1457.87,2.0,Dhaka,Red X,Mobile Banking,3.5,1,1,On-Time
102994,2023-01-07,Electronics,2038.41,9.8,Rajshahi,eCourier,Cash on Delivery,4.2,1,0,Delayed
100194,2023-09-07,Beauty,498.85,13.5,Khulna,E-Courier,Card,4.7,1,0,On-Time
106407,2023-11-15,clothing,881.01,10.5,Khulna,ecourier,Cash on Delivery,4.1,7,1,Delayed
108240,2024-03-05,clothing,161.76,7.9,Dhaka,RedX,Cash on Delivery,4.8,4,0,On-Time
104182,2023-05-18,Clothing,828.69,2.3,Dhaka,Sundarban,Mobile Banking,4.5,5,0,Delayed
100204,2024-12-07,Clothing,945.31,41.0,Dhaka,pathao,Cash on Delivery,4.7,3,1,Delayed
104584,2024-01-23,Electronics,703.61,21.0,Dhaka,RedX,Mobile Banking,4.9,4,0,On-Time
105238,2024-04-06,groceries,896.0,20.2,Khulna,S.A. Paribahan,Cash on Delivery,3.7,2,0,On-Time
103576,2023-05-21,groceries,1108.49,17.0,Chattogram,RedX,Cash on Delivery,3.6,3,0,On-Time
107020,2023-05-22,Books,841.85,45.7,Khulna,Sundarban,Cash on Delivery,4.1,2,1,On-Time
106249,2024-06-09,clothing,4017.07,24.2,Khulna,E-Courier,Cash on Delivery,4.1,1,1,On-Time
107741,2023-03-05,Beauty,2019.81,19.8,Khulna,sa paribahan,Mobile Banking,5.0,3,0,On-Time
100007,2024-11-04,Groceries,755.74,3.8,Chattogram,E-Courier,Mobile Banking,3.3,1,1,On-Time
102537,2024-02-13,Beauty,3563.79,12.4,Khulna,PATHAO,Cash on Delivery,4.0,2,0,On-Time
108674,2024-08-04,home & kitchen,2420.77,19.5,Sylhet,ecourier,Cash on Delivery,3.5,1,1,On-Time
101107,2023-08-23,ELECTRONICS,150.0,17.1,Chattogram,,Cash on Delivery,4.1,2,1,On-Time
108237,2023-02-13,Clothing,464.83,3.0,Dhaka,RedX,Mobile Banking,4.1,1,0,On-Time
101436,2023-03-06,clothing,4092.04,62.0,Dhaka,Pathao,Cash on Delivery,4.5,2,0,Delayed
108818,2024-06-27,electronics,2201.85,1.1,Khulna,Sundarban,Cash on Delivery,3.6,1,0,On-Time
104761,2024-04-19,Groceries,2719.02,27.4,Dhaka,Pathao,Card,3.1,1,1,On-Time
107162,2024-01-15,books,1620.65,6.7,Chattogram,Pathao,Mobile Banking,3.2,4,0,On-Time
107356,2024-11-24,Clothing,3723.89,13.8,Dhaka,Pathao,Mobile Banking,4.2,1,1,On-Time
103261,2024-03-22,Books,5917.7,7.8,Chattogram,redx,Card,4.0,1,1,On-Time
104324,2023-11-26,Grocery,1715.32,21.3,Chattogram,redx,Card,4.0,2,0,On-Time
107139,2024-09-01,clothing,404.05,1.3,Sylhet,sa paribahan,Cash on Delivery,4.3,3,0,On-Time
102545,2023-07-01,Home & Kitchen,2948.2,12.7,Khulna,Red X,Cash on Delivery,3.6,1,0,On-Time
107850,2024-11-20,books,1511.66,20.0,Dhaka,PATHAO,Card,4.6,3,0,On-Time
103255,2023-01-28,groceries,730.77,15.6,Khulna,sa paribahan,Card,4.0,2,0,Cancelled
101905,2024-07-06,groceries,746.42,48.9,Chattogram,ecourier,Card,4.5,1,0,Delayed
103403,2024-01-19,Clothing,234.22,26.3,Dhaka,Red X,Cash on Delivery,3.4,2,0,On-Time
106205,2024-10-24,groceries,1510.35,3.3,Chattogram,sa paribahan,Mobile Banking,4.1,1,0,On-Time
108849,2024-03-29,Clothing,1245.62,10.9,Sylhet,PATHAO,Cash on Delivery,4.2,1,0,Delayed
107292,2023-03-12,Electronics,150.0,13.0,Rajshahi,RedX,Cash on Delivery,3.4,1,0,Delayed
104345,2023-04-03,home & kitchen,918.47,1.3,Chattogram,pathao,Cash on Delivery,4.0,1,1,Delayed
100434,2024-04-07,Home & Kitchen,212.13,10.1,Rajshahi,Red X,Mobile Banking,4.4,1,0,On-Time
105242,2024-06-29,home & kitchen,2738.4,13.1,Sylhet,sundarban,Mobile Banking,4.0,4,1,On-Time
102156,2024-03-14,Electronics,150.0,1.4,Dhaka,Red X,Card,2.9,2,1,On-Time
107656,2024-03-04,Books,3855.38,31.0,Khulna,Red X,Cash on Delivery,4.6,6,1,Delayed
104983,2023-05-16,Electronics,1120.22,34.3,Khulna,S.A. Paribahan,Mobile Banking,4.4,2,0,Delayed
104179,2024-11-17,Beauty,5891.41,1.0,Chattogram,Red X,Card,4.4,2,0,On-Time
106993,2024-01-15,ELECTRONICS,2069.83,4.2,Dhaka,PATHAO,Card,3.7,2,1,Delayed
108794,2024-09-06,Home and Kitchen,3489.67,26.9,Dhaka,PATHAO,Cash on Delivery,4.6,4,0,Cancelled
103943,2024-12-25,Beauty,840.03,2.2,Dhaka,Pathao,Cash on Delivery,4.3,2,0,On-Time
103056,2024-02-13,Grocery,3111.75,15.9,Dhaka,PATHAO,Mobile Banking,4.6,3,0,On-Time
101947,2023-06-25,Grocery,1048.92,12.9,Dhaka,PATHAO,Cash on Delivery,4.0,3,1,On-Time
101379,2023-12-29,beauty,463.77,11.1,Chattogram,ecourier,Cash on Delivery,,5,0,Delayed
103521,2024-08-06,Beauty,1483.01,7.6,Chattogram,sa paribahan,Cash on Delivery,4.2,2,1,On-Time
107250,2023-07-18,beauty,912.46,1.9,Dhaka,E-Courier,Mobile Banking,3.1,6,1,Delayed
105110,2023-11-13,electronics,4210.46,2.8,Chattogram,redx,Mobile Banking,,5,1,Delayed
103470,2023-08-27,Clothing,7518.36,3.8,Chattogram,pathao,Card,3.6,1,0,On-Time
102171,2024-11-13,Groceries,5600.32,3.5,Dhaka,ecourier,Cash on Delivery,4.1,3,1,Delayed
100064,2023-04-01,Beauty,4260.63,4.1,Chattogram,PATHAO,Cash on Delivery,4.6,2,1,On-Time
106615,2023-10-05,beauty,1513.57,1.0,Khulna,ecourier,Mobile Banking,3.4,1,1,On-Time
103783,2023-03-18,ELECTRONICS,150.0,50.4,Rajshahi,Sundorbon,Card,,4,1,Delayed
102129,2023-06-23,Books,2166.71,8.6,Khulna,eCourier,Card,4.7,1,1,On-Time
107992,2023-08-22,Clothing,261.75,24.6,Chattogram,redx,Card,4.7,1,0,On-Time
105369,2023-06-20,Home and Kitchen,2027.31,1.0,Chattogram,eCourier,Cash on Delivery,5.0,2,1,On-Time
100563,2023-12-27,Electronics,3703.12,1.0,Sylhet,Red X,Card,,5,0,Delayed
104460,2023-08-16,books,4040.83,12.3,Dhaka,Pathao,Cash on Delivery,3.6,4,0,On-Time
107218,2024-08-10,Clothing,1158.42,6.8,Dhaka,pathao,Cash on Delivery,2.6,1,1,Delayed
106261,2023-07-11,Clothing,1496.14,18.4,Chattogram,Sundarban,Cash on Delivery,3.8,2,1,On-Time
106330,2023-10-22,books,8762.13,3.0,Dhaka,SA Paribahan,Card,,1,1,On-Time
100412,2024-09-29,electronics,806.46,23.9,Dhaka,pathao,Mobile Banking,4.6,1,0,On-Time
106854,2023-03-27,Books,615.34,3.9,Dhaka,Sundorbon,Cash on Delivery,,1,0,Delayed
108336,2024-11-11,Grocery,1440.19,27.2,Chattogram,RedX,Cash on Delivery,3.7,1,0,Delayed
104709,2023-03-17,groceries,317.38,76.6,Dhaka,E-Courier,Cash on Delivery,4.2,2,0,Delayed
107642,2023-04-19,clothing,2293.02,23.1,Khulna,PATHAO,Mobile Banking,4.2,4,1,On-Time
107307,2024-06-30,Books,3139.66,10.8,Khulna,pathao,Card,4.1,3,1,On-Time
106108,2024-08-12,Grocery,150.0,17.5,Chattogram,Pathao,Cash on Delivery,4.2,6,1,On-Time
105859,2024-09-22,Beauty,231.01,15.9,Sylhet,pathao,Cash on Delivery,3.6,3,0,On-Time
103986,2024-12-21,electronics,2292.05,1.0,Dhaka,Pathao,Cash on Delivery,3.7,3,0,On-Time
108614,2023-08-04,Home & Kitchen,4821.19,7.7,Dhaka,SA Paribahan,Mobile Banking,4.4,2,0,On-Time
105764,2024-11-25,clothing,1376.62,11.2,Dhaka,pathao,Cash on Delivery,4.5,4,0,On-Time
108163,2023-12-04,Groceries,3294.27,5.4,Dhaka,pathao,Cash on Delivery,4.7,1,0,Delayed
102670,2023-05-21,Beauty,9052.88,57.8,Chattogram,RedX,Mobile Banking,4.0,1,0,Cancelled
108829,2023-07-04,home & kitchen,1950.06,12.7,Dhaka,Pathao,Mobile Banking,3.9,1,1,On-Time
106138,2024-06-21,beauty,4518.68,2.8,Chattogram,eCourier,Cash on Delivery,4.9,1,0,On-Time
105313,2024-12-17,clothing,706.37,4.6,Dhaka,PATHAO,Cash on Delivery,3.8,1,1,Delayed
104247,2023-06-06,Books,415.3,4.1,Chattogram,pathao,Mobile Banking,4.5,1,1,On-Time
100876,2024-10-07,Clothing,150.0,9.0,Chattogram,Sundorbon,Cash on Delivery,3.8,1,0,Delayed
104971,2024-04-17,Home & Kitchen,368.88,3.8,Sylhet,Pathao,Cash on Delivery,2.3,5,0,On-Time
106388,2023-09-29,clothing,150.0,92.1,Chattogram,E-Courier,Cash on Delivery,4.6,3,1,Delayed
104188,2023-09-18,Electronics,1629.16,4.1,Dhaka,Sundorbon,Card,4.6,4,1,On-Time
107149,2023-06-18,Electronics,1805.65,6.5,Sylhet,Sundorbon,Cash on Delivery,4.8,1,1,On-Time
105360,2023-02-09,electronics,654.99,25.4,Sylhet,Red X,Mobile Banking,4.5,2,1,On-Time
101066,2023-01-24,Home & Kitchen,1230.77,12.3,Dhaka,RedX,Card,4.1,3,0,On-Time
105497,2024-07-13,Books,1180.18,2.1,Dhaka,PATHAO,Cash on Delivery,3.9,1,1,On-Time
106787,2024-11-17,Grocery,411.77,47.7,Sylhet,Sundorbon,Cash on Delivery,4.0,2,0,Cancelled
103589,2024-10-20,groceries,1200.99,20.1,Dhaka,E-Courier,Cash on Delivery,3.8,3,0,On-Time
101492,2023-04-13,electronics,1039.18,18.3,Rajshahi,Red X,Card,4.0,1,0,On-Time
104415,2024-12-03,clothing,622.01,13.0,Dhaka,S.A. Paribahan,Mobile Banking,3.9,1,1,On-Time
102327,2023-04-14,electronics,328.17,19.3,Khulna,sundarban,Cash on Delivery,4.9,1,0,On-Time
101466,2023-10-31,Books,8667.57,28.1,Dhaka,Pathao,Card,4.0,1,0,On-Time
100967,2024-09-15,Home & Kitchen,1408.74,5.1,Chattogram,S.A. Paribahan,Cash on Delivery,3.5,2,1,On-Time
100024,2024-05-19,home & kitchen,3154.91,10.6,Dhaka,Red X,Cash on Delivery,4.4,2,1,On-Time
104594,2024-04-14,Clothing,174.42,3.0,Chattogram,redx,Cash on Delivery,4.7,2,1,Delayed
103421,2024-05-07,electronics,859.91,14.1,Sylhet,eCourier,Mobile Banking,4.1,3,1,On-Time
108388,2023-12-24,Groceries,5458.27,1.3,Rajshahi,PATHAO,Cash on Delivery,3.9,3,1,Delayed
103458,2023-04-24,ELECTRONICS,901.43,21.5,Chattogram,E-Courier,Mobile Banking,4.1,1,1,On-Time
100781,2023-08-04,books,2625.11,27.1,Dhaka,Red X,Mobile Banking,4.2,1,1,Delayed
108997,2024-05-23,Electronics,1475.34,1.3,Sylhet,pathao,Cash on Delivery,,2,0,On-Time
100263,2024-06-11,groceries,205.44,1.7,Dhaka,eCourier,Card,3.8,1,1,On-Time
104012,2024-07-19,Clothing,8016.16,21.0,Dhaka,E-Courier,Cash on Delivery,3.9,3,1,On-Time
101788,2023-02-02,Clothing,4841.73,10.3,Khulna,sa paribahan,Mobile Banking,4.1,1,0,On-Time
101474,2024-06-11,Grocery,487.18,6.8,Dhaka,RedX,Card,5.0,2,0,On-Time
106776,2024-12-21,Grocery,1241.24,1.0,Chattogram,ecourier,Cash on Delivery,4.1,4,1,On-Time
106252,2024-11-26,ELECTRONICS,1057.58,4.7,Khulna,eCourier,Mobile Banking,4.3,1,1,On-Time
105465,2023-07-24,clothing,1035.51,16.4,Dhaka,Pathao,Mobile Banking,3.9,2,1,Delayed
100147,2023-01-16,Grocery,1034.13,1.7,Rajshahi,Pathao,Cash on Delivery,4.7,1,0,On-Time
100813,2024-01-06,electronics,577.11,10.9,Dhaka,sundarban,Cash on Delivery,4.3,2,0,Cancelled
108890,2024-11-07,Clothing,1879.16,1.5,Khulna,Sundarban,Mobile Banking,4.1,1,1,Delayed
101685,2023-02-26,Clothing,150.0,4.8,Dhaka,redx,Mobile Banking,4.2,3,0,On-Time
108982,2023-10-11,Grocery,1984.59,1.2,Sylhet,pathao,Cash on Delivery,3.9,2,0,On-Time
106583,2023-11-28,beauty,1873.67,9.9,Khulna,Sundarban,Cash on Delivery,5.0,2,0,On-Time
106929,2023-02-20,Electronics,370.8,,Sylhet,PATHAO,Cash on Delivery,4.3,2,1,On-Time
106573,2024-04-07,clothing,150.0,3.2,Chattogram,E-Courier,Cash on Delivery,3.8,3,1,On-Time
107465,2024-09-28,Beauty,415.63,22.7,Dhaka,E-Courier,Mobile Banking,4.7,1,0,Delayed
105999,2024-08-31,electronics,1861.46,20.3,Dhaka,S.A. Paribahan,Mobile Banking,4.1,4,1,On-Time
107407,2023-09-21,Home & Kitchen,2306.9,,Rajshahi,SA Paribahan,Mobile Banking,4.2,1,0,Delayed
100439,2024-04-30,Clothing,1185.9,9.1,Khulna,RedX,Mobile Banking,4.5,3,0,On-Time
100527,2024-03-16,Groceries,887.61,1.0,Chattogram,redx,Mobile Banking,3.6,1,0,On-Time
100365,2024-12-22,electronics,2431.83,15.4,Sylhet,sundarban,Card,4.5,3,0,On-Time
108320,2023-01-07,clothing,5704.5,58.1,Sylhet,Red X,Mobile Banking,4.0,1,0,On-Time
104277,2024-01-19,electronics,1126.92,38.2,Khulna,ecourier,Card,3.2,3,0,Delayed
102345,2023-04-09,Groceries,1089.76,31.2,Dhaka,sa paribahan,Card,3.6,3,1,Delayed
102194,2024-06-14,Clothing,1991.01,2.3,Dhaka,SA Paribahan,Card,4.1,1,0,Delayed
103043,2024-06-23,ELECTRONICS,2082.89,13.9,Dhaka,pathao,Card,4.6,5,1,On-Time
104105,2023-06-04,electronics,3743.61,1.0,Sylhet,eCourier,Mobile Banking,3.7,3,0,Delayed
100749,2024-01-16,beauty,1439.67,25.9,Dhaka,PATHAO,Mobile Banking,4.1,2,0,On-Time
103516,2023-04-02,Clothing,3919.73,16.6,Dhaka,RedX,Cash on Delivery,2.8,1,0,Delayed
105235,2023-10-08,beauty,2372.73,5.1,Sylhet,ecourier,Cash on Delivery,3.5,1,0,On-Time
100797,2023-08-18,home & kitchen,2956.71,12.1,Chattogram,S.A. Paribahan,Cash on Delivery,3.5,5,1,On-Time
104302,2024-08-05,Clothing,3722.09,7.5,Dhaka,pathao,Cash on Delivery,3.7,1,0,On-Time
104702,2024-03-03,beauty,1877.71,10.2,Chattogram,eCourier,Mobile Banking,4.4,1,0,On-Time
101743,2024-07-25,Clothing,2150.34,3.7,Sylhet,ecourier,Cash on Delivery,5.0,2,1,Delayed
103659,2023-05-11,Clothing,4280.89,13.5,Sylhet,RedX,Card,3.9,4,1,On-Time
107968,2023-12-18,clothing,1279.31,26.5,Dhaka,SA Paribahan,Cash on Delivery,4.1,6,0,On-Time
106305,2023-11-20,clothing,150.0,17.5,Dhaka,PATHAO,Mobile Banking,4.0,1,1,On-Time
105749,2024-04-09,Books,1246.08,42.1,Chattogram,E-Courier,Cash on Delivery,4.4,1,0,On-Time
104499,2024-06-24,clothing,3746.23,17.0,Khulna,Red X,Card,4.1,1,1,On-Time
103951,2024-09-13,Books,4750.75,23.3,Chattogram,Red X,Card,3.9,3,1,On-Time
105435,2023-09-28,beauty,1063.07,47.9,Dhaka,SA Paribahan,Cash on Delivery,3.5,5,0,Delayed
103449,2023-11-19,Books,1837.35,40.0,Dhaka,Pathao,Cash on Delivery,4.2,1,0,On-Time
107057,2023-09-06,beauty,1655.96,16.9,Chattogram,SA Paribahan,Card,4.4,1,1,Delayed
105601,2024-01-26,Home & Kitchen,324.82,4.2,Khulna,sa paribahan,Mobile Banking,5.0,1,1,On-Time
105418,2023-12-16,Clothing,175.65,1.0,Dhaka,Red X,Mobile Banking,3.4,1,1,On-Time
100773,2023-12-01,books,792.39,13.6,Chattogram,RedX,Card,4.0,2,0,On-Time
100382,2024-02-20,Grocery,289.51,10.4,Khulna,PATHAO,Mobile Banking,4.2,1,0,On-Time
104549,2024-05-26,home & kitchen,3642.1,3.3,Rajshahi,PATHAO,Mobile Banking,4.3,4,0,On-Time
100636,2023-09-07,Clothing,3574.55,5.0,Chattogram,Sundarban,Cash on Delivery,3.5,3,0,Delayed
101346,2024-06-15,groceries,2524.73,12.7,Khulna,SA Paribahan,Mobile Banking,4.9,2,0,On-Time
100582,2023-08-07,Clothing,3127.57,12.2,Chattogram,ecourier,Card,3.9,3,0,Delayed
102170,2023-12-04,Groceries,1848.84,35.6,Dhaka,RedX,Cash on Delivery,3.8,1,0,On-Time
106826,2024-07-29,clothing,1145.09,8.7,Khulna,sundarban,Card,3.7,1,0,On-Time
